#
# TABLE STRUCTURE FOR: communities
#

DROP TABLE IF EXISTS `communities`;

CREATE TABLE `communities` (
  `id` bigint(20) unsigned NOT NULL AUTO_INCREMENT,
  `name` varchar(200) COLLATE utf8_unicode_ci DEFAULT NULL,
  PRIMARY KEY (`id`),
  KEY `name` (`name`)
) ENGINE=InnoDB AUTO_INCREMENT=101 DEFAULT CHARSET=utf8 COLLATE=utf8_unicode_ci;

INSERT INTO `communities` (`id`, `name`) VALUES ('66', 'a');
INSERT INTO `communities` (`id`, `name`) VALUES ('27', 'ab');
INSERT INTO `communities` (`id`, `name`) VALUES ('6', 'ad');
INSERT INTO `communities` (`id`, `name`) VALUES ('94', 'ad');
INSERT INTO `communities` (`id`, `name`) VALUES ('39', 'adipisci');
INSERT INTO `communities` (`id`, `name`) VALUES ('56', 'adipisci');
INSERT INTO `communities` (`id`, `name`) VALUES ('20', 'aliquam');
INSERT INTO `communities` (`id`, `name`) VALUES ('2', 'aut');
INSERT INTO `communities` (`id`, `name`) VALUES ('9', 'aut');
INSERT INTO `communities` (`id`, `name`) VALUES ('57', 'aut');
INSERT INTO `communities` (`id`, `name`) VALUES ('79', 'autem');
INSERT INTO `communities` (`id`, `name`) VALUES ('19', 'blanditiis');
INSERT INTO `communities` (`id`, `name`) VALUES ('44', 'consequatur');
INSERT INTO `communities` (`id`, `name`) VALUES ('64', 'consequatur');
INSERT INTO `communities` (`id`, `name`) VALUES ('72', 'consequatur');
INSERT INTO `communities` (`id`, `name`) VALUES ('99', 'consequatur');
INSERT INTO `communities` (`id`, `name`) VALUES ('83', 'consequuntur');
INSERT INTO `communities` (`id`, `name`) VALUES ('85', 'culpa');
INSERT INTO `communities` (`id`, `name`) VALUES ('92', 'cumque');
INSERT INTO `communities` (`id`, `name`) VALUES ('30', 'cupiditate');
INSERT INTO `communities` (`id`, `name`) VALUES ('31', 'cupiditate');
INSERT INTO `communities` (`id`, `name`) VALUES ('28', 'delectus');
INSERT INTO `communities` (`id`, `name`) VALUES ('77', 'dicta');
INSERT INTO `communities` (`id`, `name`) VALUES ('41', 'dolore');
INSERT INTO `communities` (`id`, `name`) VALUES ('68', 'dolore');
INSERT INTO `communities` (`id`, `name`) VALUES ('100', 'dolores');
INSERT INTO `communities` (`id`, `name`) VALUES ('52', 'ducimus');
INSERT INTO `communities` (`id`, `name`) VALUES ('12', 'eaque');
INSERT INTO `communities` (`id`, `name`) VALUES ('63', 'earum');
INSERT INTO `communities` (`id`, `name`) VALUES ('69', 'earum');
INSERT INTO `communities` (`id`, `name`) VALUES ('10', 'eligendi');
INSERT INTO `communities` (`id`, `name`) VALUES ('47', 'eligendi');
INSERT INTO `communities` (`id`, `name`) VALUES ('35', 'esse');
INSERT INTO `communities` (`id`, `name`) VALUES ('23', 'et');
INSERT INTO `communities` (`id`, `name`) VALUES ('46', 'et');
INSERT INTO `communities` (`id`, `name`) VALUES ('49', 'et');
INSERT INTO `communities` (`id`, `name`) VALUES ('75', 'et');
INSERT INTO `communities` (`id`, `name`) VALUES ('88', 'et');
INSERT INTO `communities` (`id`, `name`) VALUES ('71', 'eum');
INSERT INTO `communities` (`id`, `name`) VALUES ('90', 'eum');
INSERT INTO `communities` (`id`, `name`) VALUES ('54', 'ex');
INSERT INTO `communities` (`id`, `name`) VALUES ('84', 'ex');
INSERT INTO `communities` (`id`, `name`) VALUES ('29', 'excepturi');
INSERT INTO `communities` (`id`, `name`) VALUES ('95', 'expedita');
INSERT INTO `communities` (`id`, `name`) VALUES ('37', 'fugit');
INSERT INTO `communities` (`id`, `name`) VALUES ('15', 'hic');
INSERT INTO `communities` (`id`, `name`) VALUES ('61', 'hic');
INSERT INTO `communities` (`id`, `name`) VALUES ('40', 'illo');
INSERT INTO `communities` (`id`, `name`) VALUES ('18', 'ipsa');
INSERT INTO `communities` (`id`, `name`) VALUES ('42', 'itaque');
INSERT INTO `communities` (`id`, `name`) VALUES ('50', 'labore');
INSERT INTO `communities` (`id`, `name`) VALUES ('33', 'laborum');
INSERT INTO `communities` (`id`, `name`) VALUES ('93', 'laborum');
INSERT INTO `communities` (`id`, `name`) VALUES ('11', 'libero');
INSERT INTO `communities` (`id`, `name`) VALUES ('16', 'minus');
INSERT INTO `communities` (`id`, `name`) VALUES ('55', 'minus');
INSERT INTO `communities` (`id`, `name`) VALUES ('1', 'modi');
INSERT INTO `communities` (`id`, `name`) VALUES ('86', 'molestiae');
INSERT INTO `communities` (`id`, `name`) VALUES ('70', 'molestias');
INSERT INTO `communities` (`id`, `name`) VALUES ('48', 'mollitia');
INSERT INTO `communities` (`id`, `name`) VALUES ('7', 'necessitatibus');
INSERT INTO `communities` (`id`, `name`) VALUES ('51', 'non');
INSERT INTO `communities` (`id`, `name`) VALUES ('43', 'odit');
INSERT INTO `communities` (`id`, `name`) VALUES ('59', 'officia');
INSERT INTO `communities` (`id`, `name`) VALUES ('76', 'placeat');
INSERT INTO `communities` (`id`, `name`) VALUES ('21', 'porro');
INSERT INTO `communities` (`id`, `name`) VALUES ('81', 'possimus');
INSERT INTO `communities` (`id`, `name`) VALUES ('87', 'possimus');
INSERT INTO `communities` (`id`, `name`) VALUES ('5', 'quae');
INSERT INTO `communities` (`id`, `name`) VALUES ('4', 'qui');
INSERT INTO `communities` (`id`, `name`) VALUES ('58', 'qui');
INSERT INTO `communities` (`id`, `name`) VALUES ('73', 'qui');
INSERT INTO `communities` (`id`, `name`) VALUES ('38', 'quisquam');
INSERT INTO `communities` (`id`, `name`) VALUES ('97', 'quisquam');
INSERT INTO `communities` (`id`, `name`) VALUES ('14', 'quo');
INSERT INTO `communities` (`id`, `name`) VALUES ('62', 'quo');
INSERT INTO `communities` (`id`, `name`) VALUES ('80', 'quo');
INSERT INTO `communities` (`id`, `name`) VALUES ('89', 'quos');
INSERT INTO `communities` (`id`, `name`) VALUES ('8', 'recusandae');
INSERT INTO `communities` (`id`, `name`) VALUES ('24', 'recusandae');
INSERT INTO `communities` (`id`, `name`) VALUES ('3', 'reprehenderit');
INSERT INTO `communities` (`id`, `name`) VALUES ('22', 'rerum');
INSERT INTO `communities` (`id`, `name`) VALUES ('25', 'saepe');
INSERT INTO `communities` (`id`, `name`) VALUES ('74', 'sapiente');
INSERT INTO `communities` (`id`, `name`) VALUES ('17', 'sint');
INSERT INTO `communities` (`id`, `name`) VALUES ('45', 'sint');
INSERT INTO `communities` (`id`, `name`) VALUES ('82', 'sint');
INSERT INTO `communities` (`id`, `name`) VALUES ('36', 'sit');
INSERT INTO `communities` (`id`, `name`) VALUES ('60', 'sunt');
INSERT INTO `communities` (`id`, `name`) VALUES ('26', 'suscipit');
INSERT INTO `communities` (`id`, `name`) VALUES ('13', 'tenetur');
INSERT INTO `communities` (`id`, `name`) VALUES ('34', 'unde');
INSERT INTO `communities` (`id`, `name`) VALUES ('67', 'ut');
INSERT INTO `communities` (`id`, `name`) VALUES ('91', 'ut');
INSERT INTO `communities` (`id`, `name`) VALUES ('96', 'velit');
INSERT INTO `communities` (`id`, `name`) VALUES ('32', 'vitae');
INSERT INTO `communities` (`id`, `name`) VALUES ('98', 'vitae');
INSERT INTO `communities` (`id`, `name`) VALUES ('53', 'voluptas');
INSERT INTO `communities` (`id`, `name`) VALUES ('65', 'voluptas');
INSERT INTO `communities` (`id`, `name`) VALUES ('78', 'voluptas');


#
# TABLE STRUCTURE FOR: friend_requests
#

DROP TABLE IF EXISTS `friend_requests`;

CREATE TABLE `friend_requests` (
  `initiator_user_id` bigint(20) unsigned NOT NULL,
  `target_user_id` bigint(20) unsigned NOT NULL,
  `status` enum('requested','approved','unfriended','declined') COLLATE utf8_unicode_ci DEFAULT NULL,
  `requested_at` datetime DEFAULT current_timestamp(),
  `confirmed_at` datetime DEFAULT NULL,
  PRIMARY KEY (`initiator_user_id`,`target_user_id`),
  KEY `initiator_user_id` (`initiator_user_id`),
  KEY `target_user_id` (`target_user_id`),
  CONSTRAINT `friend_requests_ibfk_1` FOREIGN KEY (`initiator_user_id`) REFERENCES `users` (`id`),
  CONSTRAINT `friend_requests_ibfk_2` FOREIGN KEY (`target_user_id`) REFERENCES `users` (`id`)
) ENGINE=InnoDB DEFAULT CHARSET=utf8 COLLATE=utf8_unicode_ci;

INSERT INTO `friend_requests` (`initiator_user_id`, `target_user_id`, `status`, `requested_at`, `confirmed_at`) VALUES ('1', '1', 'declined', '2018-07-03 16:39:28', '1986-11-04 21:13:12');
INSERT INTO `friend_requests` (`initiator_user_id`, `target_user_id`, `status`, `requested_at`, `confirmed_at`) VALUES ('2', '2', 'approved', '2019-03-25 13:54:21', '2012-03-25 15:00:43');
INSERT INTO `friend_requests` (`initiator_user_id`, `target_user_id`, `status`, `requested_at`, `confirmed_at`) VALUES ('3', '3', 'approved', '1980-03-11 23:13:36', '2018-11-19 05:51:19');
INSERT INTO `friend_requests` (`initiator_user_id`, `target_user_id`, `status`, `requested_at`, `confirmed_at`) VALUES ('4', '4', 'requested', '2007-05-09 17:54:19', '1972-07-20 04:23:37');
INSERT INTO `friend_requests` (`initiator_user_id`, `target_user_id`, `status`, `requested_at`, `confirmed_at`) VALUES ('5', '5', 'declined', '2013-11-07 02:27:06', '1973-02-11 22:10:03');
INSERT INTO `friend_requests` (`initiator_user_id`, `target_user_id`, `status`, `requested_at`, `confirmed_at`) VALUES ('6', '6', 'declined', '2011-06-03 14:32:46', '1978-01-13 23:10:42');
INSERT INTO `friend_requests` (`initiator_user_id`, `target_user_id`, `status`, `requested_at`, `confirmed_at`) VALUES ('7', '7', 'declined', '1998-01-01 20:52:49', '1976-01-31 15:52:50');
INSERT INTO `friend_requests` (`initiator_user_id`, `target_user_id`, `status`, `requested_at`, `confirmed_at`) VALUES ('8', '8', 'declined', '2013-09-15 23:51:32', '1973-02-15 21:43:04');
INSERT INTO `friend_requests` (`initiator_user_id`, `target_user_id`, `status`, `requested_at`, `confirmed_at`) VALUES ('9', '9', 'requested', '1986-02-18 10:23:59', '2013-06-21 08:58:15');
INSERT INTO `friend_requests` (`initiator_user_id`, `target_user_id`, `status`, `requested_at`, `confirmed_at`) VALUES ('10', '10', 'declined', '2019-07-01 10:55:50', '2004-04-11 00:56:21');
INSERT INTO `friend_requests` (`initiator_user_id`, `target_user_id`, `status`, `requested_at`, `confirmed_at`) VALUES ('11', '11', 'declined', '1975-06-19 10:00:44', '2010-08-03 21:48:13');
INSERT INTO `friend_requests` (`initiator_user_id`, `target_user_id`, `status`, `requested_at`, `confirmed_at`) VALUES ('12', '12', 'requested', '1973-12-12 15:47:15', '1980-12-25 21:07:42');
INSERT INTO `friend_requests` (`initiator_user_id`, `target_user_id`, `status`, `requested_at`, `confirmed_at`) VALUES ('13', '13', 'declined', '2013-02-05 11:50:04', '1973-08-29 06:08:45');
INSERT INTO `friend_requests` (`initiator_user_id`, `target_user_id`, `status`, `requested_at`, `confirmed_at`) VALUES ('14', '14', 'approved', '2003-10-15 16:48:07', '1997-05-25 19:00:09');
INSERT INTO `friend_requests` (`initiator_user_id`, `target_user_id`, `status`, `requested_at`, `confirmed_at`) VALUES ('15', '15', 'declined', '2003-09-03 12:15:32', '1970-06-03 08:21:47');
INSERT INTO `friend_requests` (`initiator_user_id`, `target_user_id`, `status`, `requested_at`, `confirmed_at`) VALUES ('16', '16', 'approved', '1985-09-17 05:29:27', '1970-08-31 05:20:22');
INSERT INTO `friend_requests` (`initiator_user_id`, `target_user_id`, `status`, `requested_at`, `confirmed_at`) VALUES ('17', '17', 'declined', '2007-02-26 02:07:42', '1982-08-31 19:03:52');
INSERT INTO `friend_requests` (`initiator_user_id`, `target_user_id`, `status`, `requested_at`, `confirmed_at`) VALUES ('18', '18', 'unfriended', '2018-10-08 16:06:58', '1994-05-04 17:53:09');
INSERT INTO `friend_requests` (`initiator_user_id`, `target_user_id`, `status`, `requested_at`, `confirmed_at`) VALUES ('19', '19', 'approved', '1977-09-10 15:01:26', '1978-09-24 01:40:22');
INSERT INTO `friend_requests` (`initiator_user_id`, `target_user_id`, `status`, `requested_at`, `confirmed_at`) VALUES ('20', '20', 'approved', '2007-06-24 01:45:43', '1980-06-19 12:53:41');
INSERT INTO `friend_requests` (`initiator_user_id`, `target_user_id`, `status`, `requested_at`, `confirmed_at`) VALUES ('21', '21', 'unfriended', '1981-07-21 16:26:24', '2012-02-16 10:57:35');
INSERT INTO `friend_requests` (`initiator_user_id`, `target_user_id`, `status`, `requested_at`, `confirmed_at`) VALUES ('22', '22', 'unfriended', '2003-08-11 18:45:54', '2006-04-26 02:13:29');
INSERT INTO `friend_requests` (`initiator_user_id`, `target_user_id`, `status`, `requested_at`, `confirmed_at`) VALUES ('23', '23', 'approved', '1975-03-27 10:16:09', '1995-06-14 15:20:54');
INSERT INTO `friend_requests` (`initiator_user_id`, `target_user_id`, `status`, `requested_at`, `confirmed_at`) VALUES ('24', '24', 'declined', '1989-09-15 05:27:27', '2008-09-10 16:10:37');
INSERT INTO `friend_requests` (`initiator_user_id`, `target_user_id`, `status`, `requested_at`, `confirmed_at`) VALUES ('25', '25', 'approved', '2013-05-14 06:17:32', '2003-03-25 17:00:40');
INSERT INTO `friend_requests` (`initiator_user_id`, `target_user_id`, `status`, `requested_at`, `confirmed_at`) VALUES ('26', '26', 'unfriended', '1987-03-20 07:19:06', '1997-09-15 04:17:00');
INSERT INTO `friend_requests` (`initiator_user_id`, `target_user_id`, `status`, `requested_at`, `confirmed_at`) VALUES ('27', '27', 'approved', '1993-02-24 21:23:10', '1991-10-28 05:13:02');
INSERT INTO `friend_requests` (`initiator_user_id`, `target_user_id`, `status`, `requested_at`, `confirmed_at`) VALUES ('28', '28', 'requested', '2004-10-12 04:01:27', '1985-10-15 19:03:52');
INSERT INTO `friend_requests` (`initiator_user_id`, `target_user_id`, `status`, `requested_at`, `confirmed_at`) VALUES ('29', '29', 'approved', '1972-10-07 09:19:41', '1988-01-01 11:32:25');
INSERT INTO `friend_requests` (`initiator_user_id`, `target_user_id`, `status`, `requested_at`, `confirmed_at`) VALUES ('30', '30', 'declined', '2012-07-05 01:47:56', '1988-05-04 13:47:09');
INSERT INTO `friend_requests` (`initiator_user_id`, `target_user_id`, `status`, `requested_at`, `confirmed_at`) VALUES ('31', '31', 'declined', '1999-10-31 01:22:20', '1992-04-22 20:33:45');
INSERT INTO `friend_requests` (`initiator_user_id`, `target_user_id`, `status`, `requested_at`, `confirmed_at`) VALUES ('32', '32', 'approved', '1992-04-02 05:14:26', '2006-05-17 12:57:36');
INSERT INTO `friend_requests` (`initiator_user_id`, `target_user_id`, `status`, `requested_at`, `confirmed_at`) VALUES ('33', '33', 'unfriended', '1973-07-21 22:58:34', '2011-01-30 07:52:05');
INSERT INTO `friend_requests` (`initiator_user_id`, `target_user_id`, `status`, `requested_at`, `confirmed_at`) VALUES ('34', '34', 'requested', '1995-11-06 01:34:43', '1989-05-01 21:36:55');
INSERT INTO `friend_requests` (`initiator_user_id`, `target_user_id`, `status`, `requested_at`, `confirmed_at`) VALUES ('35', '35', 'declined', '1977-04-26 10:37:32', '2008-01-19 13:17:32');
INSERT INTO `friend_requests` (`initiator_user_id`, `target_user_id`, `status`, `requested_at`, `confirmed_at`) VALUES ('36', '36', 'approved', '2014-12-27 07:10:35', '2012-04-24 09:43:57');
INSERT INTO `friend_requests` (`initiator_user_id`, `target_user_id`, `status`, `requested_at`, `confirmed_at`) VALUES ('37', '37', 'unfriended', '1971-07-07 02:56:48', '2013-01-04 12:07:40');
INSERT INTO `friend_requests` (`initiator_user_id`, `target_user_id`, `status`, `requested_at`, `confirmed_at`) VALUES ('38', '38', 'approved', '1973-12-17 03:24:54', '2004-07-25 00:40:08');
INSERT INTO `friend_requests` (`initiator_user_id`, `target_user_id`, `status`, `requested_at`, `confirmed_at`) VALUES ('39', '39', 'declined', '2016-10-08 16:49:05', '2016-04-27 09:24:13');
INSERT INTO `friend_requests` (`initiator_user_id`, `target_user_id`, `status`, `requested_at`, `confirmed_at`) VALUES ('40', '40', 'requested', '1988-10-06 15:55:55', '2017-05-22 12:31:00');
INSERT INTO `friend_requests` (`initiator_user_id`, `target_user_id`, `status`, `requested_at`, `confirmed_at`) VALUES ('41', '41', 'approved', '1976-05-17 10:08:37', '1971-02-26 01:08:08');
INSERT INTO `friend_requests` (`initiator_user_id`, `target_user_id`, `status`, `requested_at`, `confirmed_at`) VALUES ('42', '42', 'approved', '1979-05-30 19:24:55', '1972-10-01 19:14:35');
INSERT INTO `friend_requests` (`initiator_user_id`, `target_user_id`, `status`, `requested_at`, `confirmed_at`) VALUES ('43', '43', 'requested', '1997-09-27 07:03:18', '2001-07-17 14:40:36');
INSERT INTO `friend_requests` (`initiator_user_id`, `target_user_id`, `status`, `requested_at`, `confirmed_at`) VALUES ('44', '44', 'requested', '1976-06-04 22:10:59', '1999-03-13 07:05:03');
INSERT INTO `friend_requests` (`initiator_user_id`, `target_user_id`, `status`, `requested_at`, `confirmed_at`) VALUES ('45', '45', 'declined', '1996-04-30 03:32:37', '2013-02-26 21:33:29');
INSERT INTO `friend_requests` (`initiator_user_id`, `target_user_id`, `status`, `requested_at`, `confirmed_at`) VALUES ('46', '46', 'approved', '1986-12-10 08:42:48', '1971-02-14 20:59:32');
INSERT INTO `friend_requests` (`initiator_user_id`, `target_user_id`, `status`, `requested_at`, `confirmed_at`) VALUES ('47', '47', 'approved', '1994-12-18 13:08:42', '1980-03-27 21:34:56');
INSERT INTO `friend_requests` (`initiator_user_id`, `target_user_id`, `status`, `requested_at`, `confirmed_at`) VALUES ('48', '48', 'unfriended', '1999-02-22 07:06:11', '1986-01-06 14:08:50');
INSERT INTO `friend_requests` (`initiator_user_id`, `target_user_id`, `status`, `requested_at`, `confirmed_at`) VALUES ('49', '49', 'approved', '1981-11-17 09:23:09', '1992-03-18 23:39:07');
INSERT INTO `friend_requests` (`initiator_user_id`, `target_user_id`, `status`, `requested_at`, `confirmed_at`) VALUES ('50', '50', 'declined', '1993-05-12 15:03:45', '2014-10-25 16:25:55');
INSERT INTO `friend_requests` (`initiator_user_id`, `target_user_id`, `status`, `requested_at`, `confirmed_at`) VALUES ('51', '51', 'approved', '1976-07-19 15:57:07', '2008-03-16 07:01:18');
INSERT INTO `friend_requests` (`initiator_user_id`, `target_user_id`, `status`, `requested_at`, `confirmed_at`) VALUES ('52', '52', 'approved', '1992-03-14 11:16:38', '2015-05-21 06:51:45');
INSERT INTO `friend_requests` (`initiator_user_id`, `target_user_id`, `status`, `requested_at`, `confirmed_at`) VALUES ('53', '53', 'approved', '1982-04-20 22:29:18', '1988-02-26 17:52:34');
INSERT INTO `friend_requests` (`initiator_user_id`, `target_user_id`, `status`, `requested_at`, `confirmed_at`) VALUES ('54', '54', 'declined', '2014-04-09 08:28:38', '1998-04-21 10:53:37');
INSERT INTO `friend_requests` (`initiator_user_id`, `target_user_id`, `status`, `requested_at`, `confirmed_at`) VALUES ('55', '55', 'unfriended', '1971-11-28 20:16:39', '2010-08-19 02:56:04');
INSERT INTO `friend_requests` (`initiator_user_id`, `target_user_id`, `status`, `requested_at`, `confirmed_at`) VALUES ('56', '56', 'unfriended', '1973-09-09 18:36:30', '2007-05-17 16:33:20');
INSERT INTO `friend_requests` (`initiator_user_id`, `target_user_id`, `status`, `requested_at`, `confirmed_at`) VALUES ('57', '57', 'unfriended', '1994-09-25 06:39:09', '2015-07-07 21:02:13');
INSERT INTO `friend_requests` (`initiator_user_id`, `target_user_id`, `status`, `requested_at`, `confirmed_at`) VALUES ('58', '58', 'unfriended', '2008-11-16 15:49:59', '2005-10-09 03:07:06');
INSERT INTO `friend_requests` (`initiator_user_id`, `target_user_id`, `status`, `requested_at`, `confirmed_at`) VALUES ('59', '59', 'requested', '2017-10-12 00:38:16', '1983-05-01 03:00:48');
INSERT INTO `friend_requests` (`initiator_user_id`, `target_user_id`, `status`, `requested_at`, `confirmed_at`) VALUES ('60', '60', 'requested', '2009-08-15 01:41:56', '1997-05-18 22:43:35');
INSERT INTO `friend_requests` (`initiator_user_id`, `target_user_id`, `status`, `requested_at`, `confirmed_at`) VALUES ('61', '61', 'approved', '1980-01-02 21:58:47', '1971-12-18 08:09:48');
INSERT INTO `friend_requests` (`initiator_user_id`, `target_user_id`, `status`, `requested_at`, `confirmed_at`) VALUES ('62', '62', 'unfriended', '2011-09-17 12:12:14', '2014-01-13 07:32:46');
INSERT INTO `friend_requests` (`initiator_user_id`, `target_user_id`, `status`, `requested_at`, `confirmed_at`) VALUES ('63', '63', 'unfriended', '2003-04-15 15:49:03', '1983-05-14 17:03:09');
INSERT INTO `friend_requests` (`initiator_user_id`, `target_user_id`, `status`, `requested_at`, `confirmed_at`) VALUES ('64', '64', 'unfriended', '1976-10-09 17:16:53', '2012-03-14 20:54:13');
INSERT INTO `friend_requests` (`initiator_user_id`, `target_user_id`, `status`, `requested_at`, `confirmed_at`) VALUES ('65', '65', 'requested', '2014-09-26 08:50:48', '1978-02-08 20:59:21');
INSERT INTO `friend_requests` (`initiator_user_id`, `target_user_id`, `status`, `requested_at`, `confirmed_at`) VALUES ('66', '66', 'approved', '1972-05-23 03:14:52', '2014-02-05 23:07:50');
INSERT INTO `friend_requests` (`initiator_user_id`, `target_user_id`, `status`, `requested_at`, `confirmed_at`) VALUES ('67', '67', 'requested', '2005-04-21 01:08:14', '1977-02-14 16:32:19');
INSERT INTO `friend_requests` (`initiator_user_id`, `target_user_id`, `status`, `requested_at`, `confirmed_at`) VALUES ('68', '68', 'requested', '2010-08-07 01:39:30', '1995-11-10 20:10:48');
INSERT INTO `friend_requests` (`initiator_user_id`, `target_user_id`, `status`, `requested_at`, `confirmed_at`) VALUES ('69', '69', 'unfriended', '2001-06-16 11:05:38', '1982-02-12 20:29:04');
INSERT INTO `friend_requests` (`initiator_user_id`, `target_user_id`, `status`, `requested_at`, `confirmed_at`) VALUES ('70', '70', 'declined', '1977-06-18 01:37:30', '2000-10-28 19:17:25');
INSERT INTO `friend_requests` (`initiator_user_id`, `target_user_id`, `status`, `requested_at`, `confirmed_at`) VALUES ('71', '71', 'declined', '1991-01-30 23:43:16', '2016-07-14 16:19:37');
INSERT INTO `friend_requests` (`initiator_user_id`, `target_user_id`, `status`, `requested_at`, `confirmed_at`) VALUES ('72', '72', 'unfriended', '2005-04-24 11:53:40', '2017-08-24 05:39:30');
INSERT INTO `friend_requests` (`initiator_user_id`, `target_user_id`, `status`, `requested_at`, `confirmed_at`) VALUES ('73', '73', 'requested', '2003-01-18 16:22:53', '2016-11-18 13:30:10');
INSERT INTO `friend_requests` (`initiator_user_id`, `target_user_id`, `status`, `requested_at`, `confirmed_at`) VALUES ('74', '74', 'declined', '1972-10-04 20:55:41', '1984-03-19 00:27:57');
INSERT INTO `friend_requests` (`initiator_user_id`, `target_user_id`, `status`, `requested_at`, `confirmed_at`) VALUES ('75', '75', 'declined', '1996-12-20 08:55:25', '2012-07-30 06:49:48');
INSERT INTO `friend_requests` (`initiator_user_id`, `target_user_id`, `status`, `requested_at`, `confirmed_at`) VALUES ('76', '76', 'requested', '1997-03-17 19:04:58', '2014-04-14 07:51:00');
INSERT INTO `friend_requests` (`initiator_user_id`, `target_user_id`, `status`, `requested_at`, `confirmed_at`) VALUES ('77', '77', 'requested', '1997-01-03 23:23:54', '2001-07-10 04:42:37');
INSERT INTO `friend_requests` (`initiator_user_id`, `target_user_id`, `status`, `requested_at`, `confirmed_at`) VALUES ('78', '78', 'declined', '1986-06-24 09:41:59', '2016-09-11 23:41:15');
INSERT INTO `friend_requests` (`initiator_user_id`, `target_user_id`, `status`, `requested_at`, `confirmed_at`) VALUES ('79', '79', 'unfriended', '2019-03-15 07:28:20', '1999-07-07 03:04:19');
INSERT INTO `friend_requests` (`initiator_user_id`, `target_user_id`, `status`, `requested_at`, `confirmed_at`) VALUES ('80', '80', 'requested', '1982-02-27 17:33:06', '1981-09-22 17:57:10');
INSERT INTO `friend_requests` (`initiator_user_id`, `target_user_id`, `status`, `requested_at`, `confirmed_at`) VALUES ('81', '81', 'unfriended', '1995-03-02 14:50:18', '1996-05-24 03:56:39');
INSERT INTO `friend_requests` (`initiator_user_id`, `target_user_id`, `status`, `requested_at`, `confirmed_at`) VALUES ('82', '82', 'declined', '1982-10-25 12:32:41', '1981-10-10 09:28:23');
INSERT INTO `friend_requests` (`initiator_user_id`, `target_user_id`, `status`, `requested_at`, `confirmed_at`) VALUES ('83', '83', 'approved', '2010-03-03 02:34:19', '1984-06-16 03:53:53');
INSERT INTO `friend_requests` (`initiator_user_id`, `target_user_id`, `status`, `requested_at`, `confirmed_at`) VALUES ('84', '84', 'declined', '1992-02-19 08:13:54', '2002-09-25 20:18:08');
INSERT INTO `friend_requests` (`initiator_user_id`, `target_user_id`, `status`, `requested_at`, `confirmed_at`) VALUES ('85', '85', 'unfriended', '2000-07-07 12:11:14', '1973-04-10 05:10:08');
INSERT INTO `friend_requests` (`initiator_user_id`, `target_user_id`, `status`, `requested_at`, `confirmed_at`) VALUES ('86', '86', 'unfriended', '2009-09-16 09:46:39', '2019-02-16 13:06:54');
INSERT INTO `friend_requests` (`initiator_user_id`, `target_user_id`, `status`, `requested_at`, `confirmed_at`) VALUES ('87', '87', 'approved', '1995-02-21 03:58:05', '1971-08-27 08:02:05');
INSERT INTO `friend_requests` (`initiator_user_id`, `target_user_id`, `status`, `requested_at`, `confirmed_at`) VALUES ('88', '88', 'approved', '1973-10-25 04:12:22', '1976-02-19 10:43:25');
INSERT INTO `friend_requests` (`initiator_user_id`, `target_user_id`, `status`, `requested_at`, `confirmed_at`) VALUES ('89', '89', 'declined', '2009-09-30 15:55:53', '2005-08-17 12:24:00');
INSERT INTO `friend_requests` (`initiator_user_id`, `target_user_id`, `status`, `requested_at`, `confirmed_at`) VALUES ('90', '90', 'requested', '1990-05-16 20:29:03', '2004-02-15 07:34:31');
INSERT INTO `friend_requests` (`initiator_user_id`, `target_user_id`, `status`, `requested_at`, `confirmed_at`) VALUES ('91', '91', 'unfriended', '1990-09-10 19:22:54', '1994-02-17 23:38:12');
INSERT INTO `friend_requests` (`initiator_user_id`, `target_user_id`, `status`, `requested_at`, `confirmed_at`) VALUES ('92', '92', 'requested', '1989-09-29 18:16:58', '1998-12-13 14:09:52');
INSERT INTO `friend_requests` (`initiator_user_id`, `target_user_id`, `status`, `requested_at`, `confirmed_at`) VALUES ('93', '93', 'unfriended', '2008-01-08 04:45:44', '1976-10-24 02:02:45');
INSERT INTO `friend_requests` (`initiator_user_id`, `target_user_id`, `status`, `requested_at`, `confirmed_at`) VALUES ('94', '94', 'requested', '2011-08-18 12:23:39', '2012-03-31 08:27:01');
INSERT INTO `friend_requests` (`initiator_user_id`, `target_user_id`, `status`, `requested_at`, `confirmed_at`) VALUES ('95', '95', 'requested', '2002-06-09 02:14:56', '2006-08-01 13:04:52');
INSERT INTO `friend_requests` (`initiator_user_id`, `target_user_id`, `status`, `requested_at`, `confirmed_at`) VALUES ('96', '96', 'requested', '1994-05-29 16:39:51', '1992-06-06 23:45:38');
INSERT INTO `friend_requests` (`initiator_user_id`, `target_user_id`, `status`, `requested_at`, `confirmed_at`) VALUES ('97', '97', 'declined', '1996-05-09 13:48:32', '2005-03-14 23:29:19');
INSERT INTO `friend_requests` (`initiator_user_id`, `target_user_id`, `status`, `requested_at`, `confirmed_at`) VALUES ('98', '98', 'requested', '1970-03-12 02:44:21', '2011-02-03 00:06:42');
INSERT INTO `friend_requests` (`initiator_user_id`, `target_user_id`, `status`, `requested_at`, `confirmed_at`) VALUES ('99', '99', 'requested', '1998-02-15 20:40:09', '1977-07-18 14:09:43');
INSERT INTO `friend_requests` (`initiator_user_id`, `target_user_id`, `status`, `requested_at`, `confirmed_at`) VALUES ('100', '100', 'requested', '2000-01-15 17:56:11', '2011-12-09 00:00:31');


#
# TABLE STRUCTURE FOR: likes_media
#

DROP TABLE IF EXISTS `likes_media`;

CREATE TABLE `likes_media` (
  `id` bigint(20) unsigned NOT NULL AUTO_INCREMENT,
  `user_id` bigint(20) unsigned NOT NULL,
  `media_id` bigint(20) unsigned NOT NULL,
  `created_at` datetime DEFAULT current_timestamp(),
  PRIMARY KEY (`id`),
  UNIQUE KEY `id` (`id`),
  KEY `user_id` (`user_id`),
  KEY `media_id` (`media_id`),
  CONSTRAINT `likes_media_ibfk_1` FOREIGN KEY (`user_id`) REFERENCES `users` (`id`),
  CONSTRAINT `likes_media_ibfk_2` FOREIGN KEY (`media_id`) REFERENCES `media` (`id`)
) ENGINE=InnoDB AUTO_INCREMENT=101 DEFAULT CHARSET=utf8 COLLATE=utf8_unicode_ci;

INSERT INTO `likes_media` (`id`, `user_id`, `media_id`, `created_at`) VALUES ('1', '1', '1', '1990-09-01 16:37:53');
INSERT INTO `likes_media` (`id`, `user_id`, `media_id`, `created_at`) VALUES ('2', '2', '2', '1970-06-19 12:20:24');
INSERT INTO `likes_media` (`id`, `user_id`, `media_id`, `created_at`) VALUES ('3', '3', '3', '1971-10-17 11:53:54');
INSERT INTO `likes_media` (`id`, `user_id`, `media_id`, `created_at`) VALUES ('4', '4', '4', '2013-09-20 23:07:29');
INSERT INTO `likes_media` (`id`, `user_id`, `media_id`, `created_at`) VALUES ('5', '5', '5', '1974-12-02 08:29:07');
INSERT INTO `likes_media` (`id`, `user_id`, `media_id`, `created_at`) VALUES ('6', '6', '6', '1973-07-27 17:33:40');
INSERT INTO `likes_media` (`id`, `user_id`, `media_id`, `created_at`) VALUES ('7', '7', '7', '2004-04-25 15:51:31');
INSERT INTO `likes_media` (`id`, `user_id`, `media_id`, `created_at`) VALUES ('8', '8', '8', '1973-01-31 04:15:38');
INSERT INTO `likes_media` (`id`, `user_id`, `media_id`, `created_at`) VALUES ('9', '9', '9', '2016-04-10 23:59:35');
INSERT INTO `likes_media` (`id`, `user_id`, `media_id`, `created_at`) VALUES ('10', '10', '10', '2007-11-30 00:08:40');
INSERT INTO `likes_media` (`id`, `user_id`, `media_id`, `created_at`) VALUES ('11', '11', '11', '1995-08-20 23:28:14');
INSERT INTO `likes_media` (`id`, `user_id`, `media_id`, `created_at`) VALUES ('12', '12', '12', '2003-09-13 19:48:09');
INSERT INTO `likes_media` (`id`, `user_id`, `media_id`, `created_at`) VALUES ('13', '13', '13', '2013-09-26 12:06:24');
INSERT INTO `likes_media` (`id`, `user_id`, `media_id`, `created_at`) VALUES ('14', '14', '14', '1974-06-03 04:08:29');
INSERT INTO `likes_media` (`id`, `user_id`, `media_id`, `created_at`) VALUES ('15', '15', '15', '1974-04-14 02:29:43');
INSERT INTO `likes_media` (`id`, `user_id`, `media_id`, `created_at`) VALUES ('16', '16', '16', '1974-02-17 23:14:47');
INSERT INTO `likes_media` (`id`, `user_id`, `media_id`, `created_at`) VALUES ('17', '17', '17', '2012-02-11 15:06:37');
INSERT INTO `likes_media` (`id`, `user_id`, `media_id`, `created_at`) VALUES ('18', '18', '18', '2012-05-23 15:09:00');
INSERT INTO `likes_media` (`id`, `user_id`, `media_id`, `created_at`) VALUES ('19', '19', '19', '1987-08-06 01:39:27');
INSERT INTO `likes_media` (`id`, `user_id`, `media_id`, `created_at`) VALUES ('20', '20', '20', '2001-05-05 15:22:42');
INSERT INTO `likes_media` (`id`, `user_id`, `media_id`, `created_at`) VALUES ('21', '21', '21', '2012-05-18 18:34:56');
INSERT INTO `likes_media` (`id`, `user_id`, `media_id`, `created_at`) VALUES ('22', '22', '22', '1976-06-30 18:00:46');
INSERT INTO `likes_media` (`id`, `user_id`, `media_id`, `created_at`) VALUES ('23', '23', '23', '1977-12-01 15:23:53');
INSERT INTO `likes_media` (`id`, `user_id`, `media_id`, `created_at`) VALUES ('24', '24', '24', '1984-11-13 22:54:06');
INSERT INTO `likes_media` (`id`, `user_id`, `media_id`, `created_at`) VALUES ('25', '25', '25', '2015-11-07 08:51:02');
INSERT INTO `likes_media` (`id`, `user_id`, `media_id`, `created_at`) VALUES ('26', '26', '26', '1981-10-09 13:07:56');
INSERT INTO `likes_media` (`id`, `user_id`, `media_id`, `created_at`) VALUES ('27', '27', '27', '2019-05-21 07:29:52');
INSERT INTO `likes_media` (`id`, `user_id`, `media_id`, `created_at`) VALUES ('28', '28', '28', '1990-10-05 16:07:08');
INSERT INTO `likes_media` (`id`, `user_id`, `media_id`, `created_at`) VALUES ('29', '29', '29', '2001-03-04 04:15:20');
INSERT INTO `likes_media` (`id`, `user_id`, `media_id`, `created_at`) VALUES ('30', '30', '30', '2000-02-07 22:37:08');
INSERT INTO `likes_media` (`id`, `user_id`, `media_id`, `created_at`) VALUES ('31', '31', '31', '2002-07-11 18:29:16');
INSERT INTO `likes_media` (`id`, `user_id`, `media_id`, `created_at`) VALUES ('32', '32', '32', '1970-02-25 13:14:44');
INSERT INTO `likes_media` (`id`, `user_id`, `media_id`, `created_at`) VALUES ('33', '33', '33', '2015-02-08 10:19:13');
INSERT INTO `likes_media` (`id`, `user_id`, `media_id`, `created_at`) VALUES ('34', '34', '34', '2003-10-21 14:26:17');
INSERT INTO `likes_media` (`id`, `user_id`, `media_id`, `created_at`) VALUES ('35', '35', '35', '2018-06-29 01:48:42');
INSERT INTO `likes_media` (`id`, `user_id`, `media_id`, `created_at`) VALUES ('36', '36', '36', '1997-10-05 05:06:01');
INSERT INTO `likes_media` (`id`, `user_id`, `media_id`, `created_at`) VALUES ('37', '37', '37', '2002-07-30 07:52:23');
INSERT INTO `likes_media` (`id`, `user_id`, `media_id`, `created_at`) VALUES ('38', '38', '38', '1992-01-09 12:37:20');
INSERT INTO `likes_media` (`id`, `user_id`, `media_id`, `created_at`) VALUES ('39', '39', '39', '1986-11-28 01:50:09');
INSERT INTO `likes_media` (`id`, `user_id`, `media_id`, `created_at`) VALUES ('40', '40', '40', '2000-08-18 20:56:05');
INSERT INTO `likes_media` (`id`, `user_id`, `media_id`, `created_at`) VALUES ('41', '41', '41', '1978-02-21 10:33:11');
INSERT INTO `likes_media` (`id`, `user_id`, `media_id`, `created_at`) VALUES ('42', '42', '42', '1979-08-23 22:41:51');
INSERT INTO `likes_media` (`id`, `user_id`, `media_id`, `created_at`) VALUES ('43', '43', '43', '1996-05-17 04:35:39');
INSERT INTO `likes_media` (`id`, `user_id`, `media_id`, `created_at`) VALUES ('44', '44', '44', '1996-06-26 07:46:38');
INSERT INTO `likes_media` (`id`, `user_id`, `media_id`, `created_at`) VALUES ('45', '45', '45', '2009-10-16 00:44:22');
INSERT INTO `likes_media` (`id`, `user_id`, `media_id`, `created_at`) VALUES ('46', '46', '46', '2018-01-28 03:10:14');
INSERT INTO `likes_media` (`id`, `user_id`, `media_id`, `created_at`) VALUES ('47', '47', '47', '1976-02-08 12:54:38');
INSERT INTO `likes_media` (`id`, `user_id`, `media_id`, `created_at`) VALUES ('48', '48', '48', '2014-09-29 16:00:08');
INSERT INTO `likes_media` (`id`, `user_id`, `media_id`, `created_at`) VALUES ('49', '49', '49', '1990-05-19 00:27:12');
INSERT INTO `likes_media` (`id`, `user_id`, `media_id`, `created_at`) VALUES ('50', '50', '50', '2004-01-31 13:27:51');
INSERT INTO `likes_media` (`id`, `user_id`, `media_id`, `created_at`) VALUES ('51', '51', '51', '1973-10-18 01:19:00');
INSERT INTO `likes_media` (`id`, `user_id`, `media_id`, `created_at`) VALUES ('52', '52', '52', '1975-03-21 08:16:51');
INSERT INTO `likes_media` (`id`, `user_id`, `media_id`, `created_at`) VALUES ('53', '53', '53', '2018-07-11 09:21:22');
INSERT INTO `likes_media` (`id`, `user_id`, `media_id`, `created_at`) VALUES ('54', '54', '54', '1982-05-31 20:45:57');
INSERT INTO `likes_media` (`id`, `user_id`, `media_id`, `created_at`) VALUES ('55', '55', '55', '2017-08-12 09:39:38');
INSERT INTO `likes_media` (`id`, `user_id`, `media_id`, `created_at`) VALUES ('56', '56', '56', '1974-11-03 07:39:01');
INSERT INTO `likes_media` (`id`, `user_id`, `media_id`, `created_at`) VALUES ('57', '57', '57', '2007-01-09 02:18:03');
INSERT INTO `likes_media` (`id`, `user_id`, `media_id`, `created_at`) VALUES ('58', '58', '58', '2003-05-10 11:06:42');
INSERT INTO `likes_media` (`id`, `user_id`, `media_id`, `created_at`) VALUES ('59', '59', '59', '2012-09-03 23:24:17');
INSERT INTO `likes_media` (`id`, `user_id`, `media_id`, `created_at`) VALUES ('60', '60', '60', '1993-12-26 15:43:50');
INSERT INTO `likes_media` (`id`, `user_id`, `media_id`, `created_at`) VALUES ('61', '61', '61', '1980-01-10 05:25:45');
INSERT INTO `likes_media` (`id`, `user_id`, `media_id`, `created_at`) VALUES ('62', '62', '62', '1981-12-01 07:27:53');
INSERT INTO `likes_media` (`id`, `user_id`, `media_id`, `created_at`) VALUES ('63', '63', '63', '1991-01-27 14:27:56');
INSERT INTO `likes_media` (`id`, `user_id`, `media_id`, `created_at`) VALUES ('64', '64', '64', '2004-01-05 17:00:46');
INSERT INTO `likes_media` (`id`, `user_id`, `media_id`, `created_at`) VALUES ('65', '65', '65', '1994-10-12 14:55:59');
INSERT INTO `likes_media` (`id`, `user_id`, `media_id`, `created_at`) VALUES ('66', '66', '66', '1982-06-28 23:08:14');
INSERT INTO `likes_media` (`id`, `user_id`, `media_id`, `created_at`) VALUES ('67', '67', '67', '1984-03-18 07:41:12');
INSERT INTO `likes_media` (`id`, `user_id`, `media_id`, `created_at`) VALUES ('68', '68', '68', '1999-08-11 09:23:05');
INSERT INTO `likes_media` (`id`, `user_id`, `media_id`, `created_at`) VALUES ('69', '69', '69', '2019-09-24 20:11:42');
INSERT INTO `likes_media` (`id`, `user_id`, `media_id`, `created_at`) VALUES ('70', '70', '70', '1976-03-29 07:37:27');
INSERT INTO `likes_media` (`id`, `user_id`, `media_id`, `created_at`) VALUES ('71', '71', '71', '1975-07-09 04:49:38');
INSERT INTO `likes_media` (`id`, `user_id`, `media_id`, `created_at`) VALUES ('72', '72', '72', '1988-10-05 20:32:32');
INSERT INTO `likes_media` (`id`, `user_id`, `media_id`, `created_at`) VALUES ('73', '73', '73', '1979-04-17 03:30:41');
INSERT INTO `likes_media` (`id`, `user_id`, `media_id`, `created_at`) VALUES ('74', '74', '74', '1970-01-16 23:50:27');
INSERT INTO `likes_media` (`id`, `user_id`, `media_id`, `created_at`) VALUES ('75', '75', '75', '1989-09-16 07:09:15');
INSERT INTO `likes_media` (`id`, `user_id`, `media_id`, `created_at`) VALUES ('76', '76', '76', '2006-11-04 13:39:10');
INSERT INTO `likes_media` (`id`, `user_id`, `media_id`, `created_at`) VALUES ('77', '77', '77', '2011-05-09 13:29:18');
INSERT INTO `likes_media` (`id`, `user_id`, `media_id`, `created_at`) VALUES ('78', '78', '78', '1995-05-15 19:50:53');
INSERT INTO `likes_media` (`id`, `user_id`, `media_id`, `created_at`) VALUES ('79', '79', '79', '1997-03-05 07:14:26');
INSERT INTO `likes_media` (`id`, `user_id`, `media_id`, `created_at`) VALUES ('80', '80', '80', '1979-02-18 06:49:35');
INSERT INTO `likes_media` (`id`, `user_id`, `media_id`, `created_at`) VALUES ('81', '81', '81', '2008-01-02 00:55:25');
INSERT INTO `likes_media` (`id`, `user_id`, `media_id`, `created_at`) VALUES ('82', '82', '82', '1991-03-18 02:09:01');
INSERT INTO `likes_media` (`id`, `user_id`, `media_id`, `created_at`) VALUES ('83', '83', '83', '1978-01-13 07:05:08');
INSERT INTO `likes_media` (`id`, `user_id`, `media_id`, `created_at`) VALUES ('84', '84', '84', '2002-04-27 11:51:44');
INSERT INTO `likes_media` (`id`, `user_id`, `media_id`, `created_at`) VALUES ('85', '85', '85', '1976-07-25 07:35:54');
INSERT INTO `likes_media` (`id`, `user_id`, `media_id`, `created_at`) VALUES ('86', '86', '86', '1973-10-27 15:24:54');
INSERT INTO `likes_media` (`id`, `user_id`, `media_id`, `created_at`) VALUES ('87', '87', '87', '2009-06-21 06:49:13');
INSERT INTO `likes_media` (`id`, `user_id`, `media_id`, `created_at`) VALUES ('88', '88', '88', '2008-12-28 09:50:45');
INSERT INTO `likes_media` (`id`, `user_id`, `media_id`, `created_at`) VALUES ('89', '89', '89', '1978-08-12 12:02:07');
INSERT INTO `likes_media` (`id`, `user_id`, `media_id`, `created_at`) VALUES ('90', '90', '90', '1997-08-14 12:43:54');
INSERT INTO `likes_media` (`id`, `user_id`, `media_id`, `created_at`) VALUES ('91', '91', '91', '1989-09-15 23:11:15');
INSERT INTO `likes_media` (`id`, `user_id`, `media_id`, `created_at`) VALUES ('92', '92', '92', '1999-04-22 04:06:01');
INSERT INTO `likes_media` (`id`, `user_id`, `media_id`, `created_at`) VALUES ('93', '93', '93', '1987-05-13 20:48:54');
INSERT INTO `likes_media` (`id`, `user_id`, `media_id`, `created_at`) VALUES ('94', '94', '94', '1975-11-24 09:55:52');
INSERT INTO `likes_media` (`id`, `user_id`, `media_id`, `created_at`) VALUES ('95', '95', '95', '1988-01-25 21:58:09');
INSERT INTO `likes_media` (`id`, `user_id`, `media_id`, `created_at`) VALUES ('96', '96', '96', '2002-03-30 11:47:01');
INSERT INTO `likes_media` (`id`, `user_id`, `media_id`, `created_at`) VALUES ('97', '97', '97', '1994-02-12 12:11:53');
INSERT INTO `likes_media` (`id`, `user_id`, `media_id`, `created_at`) VALUES ('98', '98', '98', '2004-09-24 10:46:19');
INSERT INTO `likes_media` (`id`, `user_id`, `media_id`, `created_at`) VALUES ('99', '99', '99', '1977-03-05 19:55:53');
INSERT INTO `likes_media` (`id`, `user_id`, `media_id`, `created_at`) VALUES ('100', '100', '100', '1993-12-03 14:58:58');


#
# TABLE STRUCTURE FOR: likes_posts
#

DROP TABLE IF EXISTS `likes_posts`;

CREATE TABLE `likes_posts` (
  `id` bigint(20) unsigned NOT NULL AUTO_INCREMENT,
  `user_id` bigint(20) unsigned NOT NULL,
  `post_id` bigint(20) unsigned NOT NULL,
  `created_at` datetime DEFAULT current_timestamp(),
  PRIMARY KEY (`id`),
  UNIQUE KEY `id` (`id`),
  KEY `user_id` (`user_id`),
  KEY `post_id` (`post_id`),
  CONSTRAINT `likes_posts_ibfk_1` FOREIGN KEY (`user_id`) REFERENCES `users` (`id`),
  CONSTRAINT `likes_posts_ibfk_2` FOREIGN KEY (`post_id`) REFERENCES `posts` (`id`)
) ENGINE=InnoDB AUTO_INCREMENT=101 DEFAULT CHARSET=utf8 COLLATE=utf8_unicode_ci;

INSERT INTO `likes_posts` (`id`, `user_id`, `post_id`, `created_at`) VALUES ('1', '1', '1', '1971-05-13 10:32:22');
INSERT INTO `likes_posts` (`id`, `user_id`, `post_id`, `created_at`) VALUES ('2', '2', '2', '1980-05-11 12:23:51');
INSERT INTO `likes_posts` (`id`, `user_id`, `post_id`, `created_at`) VALUES ('3', '3', '3', '2010-11-20 18:39:16');
INSERT INTO `likes_posts` (`id`, `user_id`, `post_id`, `created_at`) VALUES ('4', '4', '4', '1984-01-19 23:00:29');
INSERT INTO `likes_posts` (`id`, `user_id`, `post_id`, `created_at`) VALUES ('5', '5', '5', '2016-07-07 23:18:05');
INSERT INTO `likes_posts` (`id`, `user_id`, `post_id`, `created_at`) VALUES ('6', '6', '6', '1979-03-19 08:44:54');
INSERT INTO `likes_posts` (`id`, `user_id`, `post_id`, `created_at`) VALUES ('7', '7', '7', '1971-04-11 15:40:19');
INSERT INTO `likes_posts` (`id`, `user_id`, `post_id`, `created_at`) VALUES ('8', '8', '8', '2006-03-11 21:25:54');
INSERT INTO `likes_posts` (`id`, `user_id`, `post_id`, `created_at`) VALUES ('9', '9', '9', '1987-03-23 13:05:25');
INSERT INTO `likes_posts` (`id`, `user_id`, `post_id`, `created_at`) VALUES ('10', '10', '10', '1988-08-21 03:36:37');
INSERT INTO `likes_posts` (`id`, `user_id`, `post_id`, `created_at`) VALUES ('11', '11', '11', '2001-10-24 18:14:19');
INSERT INTO `likes_posts` (`id`, `user_id`, `post_id`, `created_at`) VALUES ('12', '12', '12', '1976-06-16 21:52:22');
INSERT INTO `likes_posts` (`id`, `user_id`, `post_id`, `created_at`) VALUES ('13', '13', '13', '2006-02-20 15:20:53');
INSERT INTO `likes_posts` (`id`, `user_id`, `post_id`, `created_at`) VALUES ('14', '14', '14', '2014-06-24 13:00:36');
INSERT INTO `likes_posts` (`id`, `user_id`, `post_id`, `created_at`) VALUES ('15', '15', '15', '2003-01-02 01:10:41');
INSERT INTO `likes_posts` (`id`, `user_id`, `post_id`, `created_at`) VALUES ('16', '16', '16', '1986-01-01 00:07:26');
INSERT INTO `likes_posts` (`id`, `user_id`, `post_id`, `created_at`) VALUES ('17', '17', '17', '1980-02-12 07:32:34');
INSERT INTO `likes_posts` (`id`, `user_id`, `post_id`, `created_at`) VALUES ('18', '18', '18', '1981-07-27 23:17:45');
INSERT INTO `likes_posts` (`id`, `user_id`, `post_id`, `created_at`) VALUES ('19', '19', '19', '1999-01-12 06:40:31');
INSERT INTO `likes_posts` (`id`, `user_id`, `post_id`, `created_at`) VALUES ('20', '20', '20', '2017-09-22 23:42:33');
INSERT INTO `likes_posts` (`id`, `user_id`, `post_id`, `created_at`) VALUES ('21', '21', '21', '1991-09-29 12:42:23');
INSERT INTO `likes_posts` (`id`, `user_id`, `post_id`, `created_at`) VALUES ('22', '22', '22', '1983-04-25 17:19:21');
INSERT INTO `likes_posts` (`id`, `user_id`, `post_id`, `created_at`) VALUES ('23', '23', '23', '1994-07-25 19:52:10');
INSERT INTO `likes_posts` (`id`, `user_id`, `post_id`, `created_at`) VALUES ('24', '24', '24', '1998-10-20 20:03:39');
INSERT INTO `likes_posts` (`id`, `user_id`, `post_id`, `created_at`) VALUES ('25', '25', '25', '2003-10-17 06:54:52');
INSERT INTO `likes_posts` (`id`, `user_id`, `post_id`, `created_at`) VALUES ('26', '26', '26', '2018-03-31 03:39:50');
INSERT INTO `likes_posts` (`id`, `user_id`, `post_id`, `created_at`) VALUES ('27', '27', '27', '1999-05-15 12:03:02');
INSERT INTO `likes_posts` (`id`, `user_id`, `post_id`, `created_at`) VALUES ('28', '28', '28', '1988-02-15 03:33:30');
INSERT INTO `likes_posts` (`id`, `user_id`, `post_id`, `created_at`) VALUES ('29', '29', '29', '1990-10-23 05:00:34');
INSERT INTO `likes_posts` (`id`, `user_id`, `post_id`, `created_at`) VALUES ('30', '30', '30', '2015-03-05 19:24:18');
INSERT INTO `likes_posts` (`id`, `user_id`, `post_id`, `created_at`) VALUES ('31', '31', '31', '1981-07-21 21:05:36');
INSERT INTO `likes_posts` (`id`, `user_id`, `post_id`, `created_at`) VALUES ('32', '32', '32', '2008-03-09 03:59:27');
INSERT INTO `likes_posts` (`id`, `user_id`, `post_id`, `created_at`) VALUES ('33', '33', '33', '2005-12-04 05:43:10');
INSERT INTO `likes_posts` (`id`, `user_id`, `post_id`, `created_at`) VALUES ('34', '34', '34', '1987-04-05 10:50:59');
INSERT INTO `likes_posts` (`id`, `user_id`, `post_id`, `created_at`) VALUES ('35', '35', '35', '1972-03-02 19:10:29');
INSERT INTO `likes_posts` (`id`, `user_id`, `post_id`, `created_at`) VALUES ('36', '36', '36', '1982-09-04 12:13:34');
INSERT INTO `likes_posts` (`id`, `user_id`, `post_id`, `created_at`) VALUES ('37', '37', '37', '2019-05-09 07:45:55');
INSERT INTO `likes_posts` (`id`, `user_id`, `post_id`, `created_at`) VALUES ('38', '38', '38', '2010-07-20 02:52:30');
INSERT INTO `likes_posts` (`id`, `user_id`, `post_id`, `created_at`) VALUES ('39', '39', '39', '1984-04-04 07:25:31');
INSERT INTO `likes_posts` (`id`, `user_id`, `post_id`, `created_at`) VALUES ('40', '40', '40', '2018-04-29 18:43:26');
INSERT INTO `likes_posts` (`id`, `user_id`, `post_id`, `created_at`) VALUES ('41', '41', '41', '2000-06-27 02:32:50');
INSERT INTO `likes_posts` (`id`, `user_id`, `post_id`, `created_at`) VALUES ('42', '42', '42', '2013-01-21 16:40:02');
INSERT INTO `likes_posts` (`id`, `user_id`, `post_id`, `created_at`) VALUES ('43', '43', '43', '2011-09-30 16:38:23');
INSERT INTO `likes_posts` (`id`, `user_id`, `post_id`, `created_at`) VALUES ('44', '44', '44', '1977-10-31 06:27:41');
INSERT INTO `likes_posts` (`id`, `user_id`, `post_id`, `created_at`) VALUES ('45', '45', '45', '1980-03-17 13:07:08');
INSERT INTO `likes_posts` (`id`, `user_id`, `post_id`, `created_at`) VALUES ('46', '46', '46', '1972-06-17 07:24:30');
INSERT INTO `likes_posts` (`id`, `user_id`, `post_id`, `created_at`) VALUES ('47', '47', '47', '2017-09-05 01:08:18');
INSERT INTO `likes_posts` (`id`, `user_id`, `post_id`, `created_at`) VALUES ('48', '48', '48', '1982-01-27 08:49:10');
INSERT INTO `likes_posts` (`id`, `user_id`, `post_id`, `created_at`) VALUES ('49', '49', '49', '1978-03-29 05:29:02');
INSERT INTO `likes_posts` (`id`, `user_id`, `post_id`, `created_at`) VALUES ('50', '50', '50', '2000-12-14 10:06:58');
INSERT INTO `likes_posts` (`id`, `user_id`, `post_id`, `created_at`) VALUES ('51', '51', '51', '2003-09-04 21:53:14');
INSERT INTO `likes_posts` (`id`, `user_id`, `post_id`, `created_at`) VALUES ('52', '52', '52', '2013-12-06 08:29:54');
INSERT INTO `likes_posts` (`id`, `user_id`, `post_id`, `created_at`) VALUES ('53', '53', '53', '1983-12-11 04:59:09');
INSERT INTO `likes_posts` (`id`, `user_id`, `post_id`, `created_at`) VALUES ('54', '54', '54', '1973-06-07 18:01:22');
INSERT INTO `likes_posts` (`id`, `user_id`, `post_id`, `created_at`) VALUES ('55', '55', '55', '1989-10-31 19:33:39');
INSERT INTO `likes_posts` (`id`, `user_id`, `post_id`, `created_at`) VALUES ('56', '56', '56', '1994-05-04 00:17:06');
INSERT INTO `likes_posts` (`id`, `user_id`, `post_id`, `created_at`) VALUES ('57', '57', '57', '1990-06-23 08:48:58');
INSERT INTO `likes_posts` (`id`, `user_id`, `post_id`, `created_at`) VALUES ('58', '58', '58', '1990-08-19 22:52:48');
INSERT INTO `likes_posts` (`id`, `user_id`, `post_id`, `created_at`) VALUES ('59', '59', '59', '2009-06-11 07:46:32');
INSERT INTO `likes_posts` (`id`, `user_id`, `post_id`, `created_at`) VALUES ('60', '60', '60', '2015-12-15 20:14:46');
INSERT INTO `likes_posts` (`id`, `user_id`, `post_id`, `created_at`) VALUES ('61', '61', '61', '1981-10-12 22:30:02');
INSERT INTO `likes_posts` (`id`, `user_id`, `post_id`, `created_at`) VALUES ('62', '62', '62', '1972-08-23 17:55:15');
INSERT INTO `likes_posts` (`id`, `user_id`, `post_id`, `created_at`) VALUES ('63', '63', '63', '2009-10-09 23:17:07');
INSERT INTO `likes_posts` (`id`, `user_id`, `post_id`, `created_at`) VALUES ('64', '64', '64', '2018-08-19 19:55:24');
INSERT INTO `likes_posts` (`id`, `user_id`, `post_id`, `created_at`) VALUES ('65', '65', '65', '2012-01-24 17:14:42');
INSERT INTO `likes_posts` (`id`, `user_id`, `post_id`, `created_at`) VALUES ('66', '66', '66', '2018-10-30 17:06:41');
INSERT INTO `likes_posts` (`id`, `user_id`, `post_id`, `created_at`) VALUES ('67', '67', '67', '1989-03-10 13:07:00');
INSERT INTO `likes_posts` (`id`, `user_id`, `post_id`, `created_at`) VALUES ('68', '68', '68', '2001-01-25 21:14:52');
INSERT INTO `likes_posts` (`id`, `user_id`, `post_id`, `created_at`) VALUES ('69', '69', '69', '2010-12-16 10:40:54');
INSERT INTO `likes_posts` (`id`, `user_id`, `post_id`, `created_at`) VALUES ('70', '70', '70', '2000-09-22 02:50:37');
INSERT INTO `likes_posts` (`id`, `user_id`, `post_id`, `created_at`) VALUES ('71', '71', '71', '1973-09-10 01:07:05');
INSERT INTO `likes_posts` (`id`, `user_id`, `post_id`, `created_at`) VALUES ('72', '72', '72', '2000-11-14 10:02:52');
INSERT INTO `likes_posts` (`id`, `user_id`, `post_id`, `created_at`) VALUES ('73', '73', '73', '2012-03-19 15:22:42');
INSERT INTO `likes_posts` (`id`, `user_id`, `post_id`, `created_at`) VALUES ('74', '74', '74', '2007-04-14 12:53:32');
INSERT INTO `likes_posts` (`id`, `user_id`, `post_id`, `created_at`) VALUES ('75', '75', '75', '1975-01-08 14:04:40');
INSERT INTO `likes_posts` (`id`, `user_id`, `post_id`, `created_at`) VALUES ('76', '76', '76', '1988-07-27 13:08:32');
INSERT INTO `likes_posts` (`id`, `user_id`, `post_id`, `created_at`) VALUES ('77', '77', '77', '2015-01-28 11:11:23');
INSERT INTO `likes_posts` (`id`, `user_id`, `post_id`, `created_at`) VALUES ('78', '78', '78', '1979-08-14 23:29:29');
INSERT INTO `likes_posts` (`id`, `user_id`, `post_id`, `created_at`) VALUES ('79', '79', '79', '2011-11-07 13:05:53');
INSERT INTO `likes_posts` (`id`, `user_id`, `post_id`, `created_at`) VALUES ('80', '80', '80', '1995-06-08 18:52:55');
INSERT INTO `likes_posts` (`id`, `user_id`, `post_id`, `created_at`) VALUES ('81', '81', '81', '1983-04-14 03:14:26');
INSERT INTO `likes_posts` (`id`, `user_id`, `post_id`, `created_at`) VALUES ('82', '82', '82', '2002-11-22 01:31:09');
INSERT INTO `likes_posts` (`id`, `user_id`, `post_id`, `created_at`) VALUES ('83', '83', '83', '1983-07-10 21:21:17');
INSERT INTO `likes_posts` (`id`, `user_id`, `post_id`, `created_at`) VALUES ('84', '84', '84', '1982-06-09 08:08:23');
INSERT INTO `likes_posts` (`id`, `user_id`, `post_id`, `created_at`) VALUES ('85', '85', '85', '2002-04-17 15:24:35');
INSERT INTO `likes_posts` (`id`, `user_id`, `post_id`, `created_at`) VALUES ('86', '86', '86', '1982-03-13 09:07:14');
INSERT INTO `likes_posts` (`id`, `user_id`, `post_id`, `created_at`) VALUES ('87', '87', '87', '2012-04-26 05:03:09');
INSERT INTO `likes_posts` (`id`, `user_id`, `post_id`, `created_at`) VALUES ('88', '88', '88', '2002-07-17 17:00:00');
INSERT INTO `likes_posts` (`id`, `user_id`, `post_id`, `created_at`) VALUES ('89', '89', '89', '1994-01-23 03:14:27');
INSERT INTO `likes_posts` (`id`, `user_id`, `post_id`, `created_at`) VALUES ('90', '90', '90', '1988-04-02 15:41:56');
INSERT INTO `likes_posts` (`id`, `user_id`, `post_id`, `created_at`) VALUES ('91', '91', '91', '1974-10-10 02:43:50');
INSERT INTO `likes_posts` (`id`, `user_id`, `post_id`, `created_at`) VALUES ('92', '92', '92', '1975-11-22 07:01:08');
INSERT INTO `likes_posts` (`id`, `user_id`, `post_id`, `created_at`) VALUES ('93', '93', '93', '2001-08-11 17:39:55');
INSERT INTO `likes_posts` (`id`, `user_id`, `post_id`, `created_at`) VALUES ('94', '94', '94', '2014-01-15 01:03:20');
INSERT INTO `likes_posts` (`id`, `user_id`, `post_id`, `created_at`) VALUES ('95', '95', '95', '1995-06-22 17:53:34');
INSERT INTO `likes_posts` (`id`, `user_id`, `post_id`, `created_at`) VALUES ('96', '96', '96', '1991-11-20 18:29:37');
INSERT INTO `likes_posts` (`id`, `user_id`, `post_id`, `created_at`) VALUES ('97', '97', '97', '1974-12-09 06:38:41');
INSERT INTO `likes_posts` (`id`, `user_id`, `post_id`, `created_at`) VALUES ('98', '98', '98', '2010-12-11 15:34:36');
INSERT INTO `likes_posts` (`id`, `user_id`, `post_id`, `created_at`) VALUES ('99', '99', '99', '1995-09-21 19:10:10');
INSERT INTO `likes_posts` (`id`, `user_id`, `post_id`, `created_at`) VALUES ('100', '100', '100', '2007-12-12 14:54:38');


#
# TABLE STRUCTURE FOR: likes_users
#

DROP TABLE IF EXISTS `likes_users`;

CREATE TABLE `likes_users` (
  `id` bigint(20) unsigned NOT NULL AUTO_INCREMENT,
  `from_user_id` bigint(20) unsigned NOT NULL,
  `to_user_id` bigint(20) unsigned NOT NULL,
  `created_at` datetime DEFAULT current_timestamp(),
  PRIMARY KEY (`id`),
  UNIQUE KEY `id` (`id`),
  KEY `from_user_id` (`from_user_id`),
  KEY `to_user_id` (`to_user_id`),
  CONSTRAINT `likes_users_ibfk_1` FOREIGN KEY (`from_user_id`) REFERENCES `users` (`id`),
  CONSTRAINT `likes_users_ibfk_2` FOREIGN KEY (`to_user_id`) REFERENCES `users` (`id`)
) ENGINE=InnoDB AUTO_INCREMENT=101 DEFAULT CHARSET=utf8 COLLATE=utf8_unicode_ci;

INSERT INTO `likes_users` (`id`, `from_user_id`, `to_user_id`, `created_at`) VALUES ('1', '1', '1', '2016-06-18 02:44:50');
INSERT INTO `likes_users` (`id`, `from_user_id`, `to_user_id`, `created_at`) VALUES ('2', '2', '2', '2017-07-17 03:51:55');
INSERT INTO `likes_users` (`id`, `from_user_id`, `to_user_id`, `created_at`) VALUES ('3', '3', '3', '2001-08-01 22:17:40');
INSERT INTO `likes_users` (`id`, `from_user_id`, `to_user_id`, `created_at`) VALUES ('4', '4', '4', '2001-07-14 00:37:30');
INSERT INTO `likes_users` (`id`, `from_user_id`, `to_user_id`, `created_at`) VALUES ('5', '5', '5', '2003-06-06 21:59:55');
INSERT INTO `likes_users` (`id`, `from_user_id`, `to_user_id`, `created_at`) VALUES ('6', '6', '6', '2006-12-18 05:31:11');
INSERT INTO `likes_users` (`id`, `from_user_id`, `to_user_id`, `created_at`) VALUES ('7', '7', '7', '1973-02-22 09:01:08');
INSERT INTO `likes_users` (`id`, `from_user_id`, `to_user_id`, `created_at`) VALUES ('8', '8', '8', '2012-10-12 17:25:05');
INSERT INTO `likes_users` (`id`, `from_user_id`, `to_user_id`, `created_at`) VALUES ('9', '9', '9', '1991-08-10 08:31:53');
INSERT INTO `likes_users` (`id`, `from_user_id`, `to_user_id`, `created_at`) VALUES ('10', '10', '10', '1971-03-18 00:32:34');
INSERT INTO `likes_users` (`id`, `from_user_id`, `to_user_id`, `created_at`) VALUES ('11', '11', '11', '2013-08-14 03:50:02');
INSERT INTO `likes_users` (`id`, `from_user_id`, `to_user_id`, `created_at`) VALUES ('12', '12', '12', '1976-12-10 05:56:51');
INSERT INTO `likes_users` (`id`, `from_user_id`, `to_user_id`, `created_at`) VALUES ('13', '13', '13', '2001-03-12 03:46:34');
INSERT INTO `likes_users` (`id`, `from_user_id`, `to_user_id`, `created_at`) VALUES ('14', '14', '14', '1985-09-09 08:08:01');
INSERT INTO `likes_users` (`id`, `from_user_id`, `to_user_id`, `created_at`) VALUES ('15', '15', '15', '1986-11-30 03:40:08');
INSERT INTO `likes_users` (`id`, `from_user_id`, `to_user_id`, `created_at`) VALUES ('16', '16', '16', '1978-07-13 20:08:40');
INSERT INTO `likes_users` (`id`, `from_user_id`, `to_user_id`, `created_at`) VALUES ('17', '17', '17', '2014-01-11 13:04:07');
INSERT INTO `likes_users` (`id`, `from_user_id`, `to_user_id`, `created_at`) VALUES ('18', '18', '18', '1999-06-12 02:11:22');
INSERT INTO `likes_users` (`id`, `from_user_id`, `to_user_id`, `created_at`) VALUES ('19', '19', '19', '2007-06-12 07:03:19');
INSERT INTO `likes_users` (`id`, `from_user_id`, `to_user_id`, `created_at`) VALUES ('20', '20', '20', '2010-04-16 17:36:34');
INSERT INTO `likes_users` (`id`, `from_user_id`, `to_user_id`, `created_at`) VALUES ('21', '21', '21', '1970-09-15 07:43:50');
INSERT INTO `likes_users` (`id`, `from_user_id`, `to_user_id`, `created_at`) VALUES ('22', '22', '22', '2000-07-15 15:08:00');
INSERT INTO `likes_users` (`id`, `from_user_id`, `to_user_id`, `created_at`) VALUES ('23', '23', '23', '1991-06-05 03:25:46');
INSERT INTO `likes_users` (`id`, `from_user_id`, `to_user_id`, `created_at`) VALUES ('24', '24', '24', '1993-09-24 06:48:14');
INSERT INTO `likes_users` (`id`, `from_user_id`, `to_user_id`, `created_at`) VALUES ('25', '25', '25', '2016-04-04 22:06:26');
INSERT INTO `likes_users` (`id`, `from_user_id`, `to_user_id`, `created_at`) VALUES ('26', '26', '26', '2006-06-01 12:48:07');
INSERT INTO `likes_users` (`id`, `from_user_id`, `to_user_id`, `created_at`) VALUES ('27', '27', '27', '1988-11-15 14:24:48');
INSERT INTO `likes_users` (`id`, `from_user_id`, `to_user_id`, `created_at`) VALUES ('28', '28', '28', '2017-09-19 16:09:07');
INSERT INTO `likes_users` (`id`, `from_user_id`, `to_user_id`, `created_at`) VALUES ('29', '29', '29', '1978-03-20 23:23:43');
INSERT INTO `likes_users` (`id`, `from_user_id`, `to_user_id`, `created_at`) VALUES ('30', '30', '30', '1971-08-08 02:58:35');
INSERT INTO `likes_users` (`id`, `from_user_id`, `to_user_id`, `created_at`) VALUES ('31', '31', '31', '2009-01-07 17:56:55');
INSERT INTO `likes_users` (`id`, `from_user_id`, `to_user_id`, `created_at`) VALUES ('32', '32', '32', '1995-08-11 06:59:05');
INSERT INTO `likes_users` (`id`, `from_user_id`, `to_user_id`, `created_at`) VALUES ('33', '33', '33', '1987-03-27 07:41:38');
INSERT INTO `likes_users` (`id`, `from_user_id`, `to_user_id`, `created_at`) VALUES ('34', '34', '34', '2002-10-25 03:38:32');
INSERT INTO `likes_users` (`id`, `from_user_id`, `to_user_id`, `created_at`) VALUES ('35', '35', '35', '1976-05-09 02:45:04');
INSERT INTO `likes_users` (`id`, `from_user_id`, `to_user_id`, `created_at`) VALUES ('36', '36', '36', '1997-05-31 12:47:25');
INSERT INTO `likes_users` (`id`, `from_user_id`, `to_user_id`, `created_at`) VALUES ('37', '37', '37', '1978-05-03 12:19:55');
INSERT INTO `likes_users` (`id`, `from_user_id`, `to_user_id`, `created_at`) VALUES ('38', '38', '38', '1992-04-02 20:35:08');
INSERT INTO `likes_users` (`id`, `from_user_id`, `to_user_id`, `created_at`) VALUES ('39', '39', '39', '1979-02-06 06:55:22');
INSERT INTO `likes_users` (`id`, `from_user_id`, `to_user_id`, `created_at`) VALUES ('40', '40', '40', '1977-04-27 02:24:51');
INSERT INTO `likes_users` (`id`, `from_user_id`, `to_user_id`, `created_at`) VALUES ('41', '41', '41', '1995-01-17 07:13:20');
INSERT INTO `likes_users` (`id`, `from_user_id`, `to_user_id`, `created_at`) VALUES ('42', '42', '42', '2017-06-10 20:42:00');
INSERT INTO `likes_users` (`id`, `from_user_id`, `to_user_id`, `created_at`) VALUES ('43', '43', '43', '2016-03-22 17:07:44');
INSERT INTO `likes_users` (`id`, `from_user_id`, `to_user_id`, `created_at`) VALUES ('44', '44', '44', '1991-04-10 06:01:21');
INSERT INTO `likes_users` (`id`, `from_user_id`, `to_user_id`, `created_at`) VALUES ('45', '45', '45', '2012-05-11 18:20:07');
INSERT INTO `likes_users` (`id`, `from_user_id`, `to_user_id`, `created_at`) VALUES ('46', '46', '46', '1996-05-06 08:52:23');
INSERT INTO `likes_users` (`id`, `from_user_id`, `to_user_id`, `created_at`) VALUES ('47', '47', '47', '1974-10-26 03:50:59');
INSERT INTO `likes_users` (`id`, `from_user_id`, `to_user_id`, `created_at`) VALUES ('48', '48', '48', '1970-03-04 12:37:33');
INSERT INTO `likes_users` (`id`, `from_user_id`, `to_user_id`, `created_at`) VALUES ('49', '49', '49', '1970-07-31 12:00:59');
INSERT INTO `likes_users` (`id`, `from_user_id`, `to_user_id`, `created_at`) VALUES ('50', '50', '50', '1985-11-23 05:12:00');
INSERT INTO `likes_users` (`id`, `from_user_id`, `to_user_id`, `created_at`) VALUES ('51', '51', '51', '1994-04-19 20:33:45');
INSERT INTO `likes_users` (`id`, `from_user_id`, `to_user_id`, `created_at`) VALUES ('52', '52', '52', '2019-01-31 00:38:02');
INSERT INTO `likes_users` (`id`, `from_user_id`, `to_user_id`, `created_at`) VALUES ('53', '53', '53', '2004-10-15 12:54:11');
INSERT INTO `likes_users` (`id`, `from_user_id`, `to_user_id`, `created_at`) VALUES ('54', '54', '54', '2007-11-05 15:47:05');
INSERT INTO `likes_users` (`id`, `from_user_id`, `to_user_id`, `created_at`) VALUES ('55', '55', '55', '2012-11-23 11:59:01');
INSERT INTO `likes_users` (`id`, `from_user_id`, `to_user_id`, `created_at`) VALUES ('56', '56', '56', '2017-06-27 23:25:56');
INSERT INTO `likes_users` (`id`, `from_user_id`, `to_user_id`, `created_at`) VALUES ('57', '57', '57', '1990-01-13 05:32:12');
INSERT INTO `likes_users` (`id`, `from_user_id`, `to_user_id`, `created_at`) VALUES ('58', '58', '58', '2004-11-14 12:43:28');
INSERT INTO `likes_users` (`id`, `from_user_id`, `to_user_id`, `created_at`) VALUES ('59', '59', '59', '2006-06-25 20:52:41');
INSERT INTO `likes_users` (`id`, `from_user_id`, `to_user_id`, `created_at`) VALUES ('60', '60', '60', '2008-05-08 06:59:17');
INSERT INTO `likes_users` (`id`, `from_user_id`, `to_user_id`, `created_at`) VALUES ('61', '61', '61', '2019-04-25 17:14:29');
INSERT INTO `likes_users` (`id`, `from_user_id`, `to_user_id`, `created_at`) VALUES ('62', '62', '62', '1975-01-13 22:46:00');
INSERT INTO `likes_users` (`id`, `from_user_id`, `to_user_id`, `created_at`) VALUES ('63', '63', '63', '2019-08-16 23:12:42');
INSERT INTO `likes_users` (`id`, `from_user_id`, `to_user_id`, `created_at`) VALUES ('64', '64', '64', '1998-10-16 06:22:41');
INSERT INTO `likes_users` (`id`, `from_user_id`, `to_user_id`, `created_at`) VALUES ('65', '65', '65', '1976-05-04 14:34:36');
INSERT INTO `likes_users` (`id`, `from_user_id`, `to_user_id`, `created_at`) VALUES ('66', '66', '66', '1986-10-18 16:13:20');
INSERT INTO `likes_users` (`id`, `from_user_id`, `to_user_id`, `created_at`) VALUES ('67', '67', '67', '2015-05-29 01:47:16');
INSERT INTO `likes_users` (`id`, `from_user_id`, `to_user_id`, `created_at`) VALUES ('68', '68', '68', '1985-06-10 13:57:36');
INSERT INTO `likes_users` (`id`, `from_user_id`, `to_user_id`, `created_at`) VALUES ('69', '69', '69', '1999-05-05 14:06:08');
INSERT INTO `likes_users` (`id`, `from_user_id`, `to_user_id`, `created_at`) VALUES ('70', '70', '70', '2016-08-22 05:01:01');
INSERT INTO `likes_users` (`id`, `from_user_id`, `to_user_id`, `created_at`) VALUES ('71', '71', '71', '2007-02-16 07:07:48');
INSERT INTO `likes_users` (`id`, `from_user_id`, `to_user_id`, `created_at`) VALUES ('72', '72', '72', '2000-11-25 11:50:24');
INSERT INTO `likes_users` (`id`, `from_user_id`, `to_user_id`, `created_at`) VALUES ('73', '73', '73', '2013-08-16 16:39:35');
INSERT INTO `likes_users` (`id`, `from_user_id`, `to_user_id`, `created_at`) VALUES ('74', '74', '74', '1973-06-07 01:35:41');
INSERT INTO `likes_users` (`id`, `from_user_id`, `to_user_id`, `created_at`) VALUES ('75', '75', '75', '2008-08-18 06:40:32');
INSERT INTO `likes_users` (`id`, `from_user_id`, `to_user_id`, `created_at`) VALUES ('76', '76', '76', '2003-11-29 03:31:00');
INSERT INTO `likes_users` (`id`, `from_user_id`, `to_user_id`, `created_at`) VALUES ('77', '77', '77', '1980-11-16 01:50:41');
INSERT INTO `likes_users` (`id`, `from_user_id`, `to_user_id`, `created_at`) VALUES ('78', '78', '78', '1981-05-22 08:25:07');
INSERT INTO `likes_users` (`id`, `from_user_id`, `to_user_id`, `created_at`) VALUES ('79', '79', '79', '2000-04-04 23:06:53');
INSERT INTO `likes_users` (`id`, `from_user_id`, `to_user_id`, `created_at`) VALUES ('80', '80', '80', '2010-02-24 10:30:47');
INSERT INTO `likes_users` (`id`, `from_user_id`, `to_user_id`, `created_at`) VALUES ('81', '81', '81', '1980-04-05 04:32:31');
INSERT INTO `likes_users` (`id`, `from_user_id`, `to_user_id`, `created_at`) VALUES ('82', '82', '82', '1996-10-17 01:59:38');
INSERT INTO `likes_users` (`id`, `from_user_id`, `to_user_id`, `created_at`) VALUES ('83', '83', '83', '1975-12-19 17:02:05');
INSERT INTO `likes_users` (`id`, `from_user_id`, `to_user_id`, `created_at`) VALUES ('84', '84', '84', '2015-06-25 07:09:17');
INSERT INTO `likes_users` (`id`, `from_user_id`, `to_user_id`, `created_at`) VALUES ('85', '85', '85', '2006-10-12 11:35:10');
INSERT INTO `likes_users` (`id`, `from_user_id`, `to_user_id`, `created_at`) VALUES ('86', '86', '86', '1977-07-12 11:55:44');
INSERT INTO `likes_users` (`id`, `from_user_id`, `to_user_id`, `created_at`) VALUES ('87', '87', '87', '2018-11-20 05:44:02');
INSERT INTO `likes_users` (`id`, `from_user_id`, `to_user_id`, `created_at`) VALUES ('88', '88', '88', '1978-10-17 03:09:23');
INSERT INTO `likes_users` (`id`, `from_user_id`, `to_user_id`, `created_at`) VALUES ('89', '89', '89', '1977-11-06 09:32:38');
INSERT INTO `likes_users` (`id`, `from_user_id`, `to_user_id`, `created_at`) VALUES ('90', '90', '90', '1999-04-15 23:06:32');
INSERT INTO `likes_users` (`id`, `from_user_id`, `to_user_id`, `created_at`) VALUES ('91', '91', '91', '1995-04-08 22:17:24');
INSERT INTO `likes_users` (`id`, `from_user_id`, `to_user_id`, `created_at`) VALUES ('92', '92', '92', '2006-02-28 15:13:05');
INSERT INTO `likes_users` (`id`, `from_user_id`, `to_user_id`, `created_at`) VALUES ('93', '93', '93', '1991-07-02 20:11:12');
INSERT INTO `likes_users` (`id`, `from_user_id`, `to_user_id`, `created_at`) VALUES ('94', '94', '94', '1993-07-20 12:01:38');
INSERT INTO `likes_users` (`id`, `from_user_id`, `to_user_id`, `created_at`) VALUES ('95', '95', '95', '1991-10-31 19:27:20');
INSERT INTO `likes_users` (`id`, `from_user_id`, `to_user_id`, `created_at`) VALUES ('96', '96', '96', '2009-01-28 07:50:26');
INSERT INTO `likes_users` (`id`, `from_user_id`, `to_user_id`, `created_at`) VALUES ('97', '97', '97', '2012-05-07 10:30:10');
INSERT INTO `likes_users` (`id`, `from_user_id`, `to_user_id`, `created_at`) VALUES ('98', '98', '98', '1989-07-17 18:28:06');
INSERT INTO `likes_users` (`id`, `from_user_id`, `to_user_id`, `created_at`) VALUES ('99', '99', '99', '1996-08-10 10:16:33');
INSERT INTO `likes_users` (`id`, `from_user_id`, `to_user_id`, `created_at`) VALUES ('100', '100', '100', '2005-01-16 10:52:16');


#
# TABLE STRUCTURE FOR: media
#

DROP TABLE IF EXISTS `media`;

CREATE TABLE `media` (
  `id` bigint(20) unsigned NOT NULL AUTO_INCREMENT,
  `media_type_id` bigint(20) unsigned NOT NULL,
  `user_id` bigint(20) unsigned NOT NULL,
  `body` text COLLATE utf8_unicode_ci DEFAULT NULL,
  `filename` varchar(255) COLLATE utf8_unicode_ci DEFAULT NULL,
  `size` int(11) DEFAULT NULL,
  `metadata` longtext CHARACTER SET utf8mb4 COLLATE utf8mb4_bin DEFAULT NULL,
  `created_at` datetime DEFAULT current_timestamp(),
  `updated_at` datetime DEFAULT current_timestamp() ON UPDATE current_timestamp(),
  PRIMARY KEY (`id`),
  KEY `user_id` (`user_id`),
  KEY `media_type_id` (`media_type_id`),
  CONSTRAINT `media_ibfk_1` FOREIGN KEY (`user_id`) REFERENCES `users` (`id`),
  CONSTRAINT `media_ibfk_2` FOREIGN KEY (`media_type_id`) REFERENCES `media_types` (`id`)
) ENGINE=InnoDB AUTO_INCREMENT=101 DEFAULT CHARSET=utf8 COLLATE=utf8_unicode_ci;

INSERT INTO `media` (`id`, `media_type_id`, `user_id`, `body`, `filename`, `size`, `metadata`, `created_at`, `updated_at`) VALUES ('1', '1', '1', 'Molestiae dolorum optio earum est fugit sed aut. Et enim commodi cumque in. Reiciendis porro eligendi ut voluptatum autem eum in.', 'quos', 88191, NULL, '1980-01-09 02:51:29', '2016-03-30 21:10:06');
INSERT INTO `media` (`id`, `media_type_id`, `user_id`, `body`, `filename`, `size`, `metadata`, `created_at`, `updated_at`) VALUES ('2', '2', '2', 'Beatae error tempore alias. Illum natus quaerat cumque soluta. Distinctio fuga atque sit repudiandae qui est rerum.', 'autem', 88967147, NULL, '2003-06-16 04:52:57', '2003-05-05 14:48:55');
INSERT INTO `media` (`id`, `media_type_id`, `user_id`, `body`, `filename`, `size`, `metadata`, `created_at`, `updated_at`) VALUES ('3', '3', '3', 'Harum sapiente dolor iure recusandae. Est dolorem aut minus veritatis aut saepe eos sed. Et at natus adipisci labore. Earum esse sed quidem natus.', 'molestiae', 0, NULL, '1977-05-04 05:10:51', '2014-04-02 05:21:25');
INSERT INTO `media` (`id`, `media_type_id`, `user_id`, `body`, `filename`, `size`, `metadata`, `created_at`, `updated_at`) VALUES ('4', '4', '4', 'Quis rerum quia esse possimus similique saepe. Et dolores distinctio nostrum rerum quo rem. Tenetur reprehenderit aut vel eum.', 'aut', 549, NULL, '1978-07-26 16:22:12', '2019-03-10 10:30:12');
INSERT INTO `media` (`id`, `media_type_id`, `user_id`, `body`, `filename`, `size`, `metadata`, `created_at`, `updated_at`) VALUES ('5', '5', '5', 'Porro aut vel maxime. Qui illo minus voluptates doloribus. Distinctio a et occaecati corrupti ullam at.', 'earum', 76, NULL, '2000-09-06 15:59:05', '1991-06-09 16:16:11');
INSERT INTO `media` (`id`, `media_type_id`, `user_id`, `body`, `filename`, `size`, `metadata`, `created_at`, `updated_at`) VALUES ('6', '6', '6', 'Tempore qui repellat incidunt repudiandae praesentium et voluptatem. Enim et earum ab quidem voluptas. Placeat accusamus ut ut consequatur dolor. Saepe dolores voluptatem itaque velit eos et dolore.', 'magni', 0, NULL, '1999-10-21 05:58:36', '2003-10-15 05:44:10');
INSERT INTO `media` (`id`, `media_type_id`, `user_id`, `body`, `filename`, `size`, `metadata`, `created_at`, `updated_at`) VALUES ('7', '7', '7', 'Accusantium voluptate quia et quam magnam accusamus. Qui et similique dolore quis aliquid velit blanditiis. Mollitia nisi rerum quia id necessitatibus nulla.', 'est', 62329, NULL, '2013-05-14 10:16:27', '2013-07-17 17:34:48');
INSERT INTO `media` (`id`, `media_type_id`, `user_id`, `body`, `filename`, `size`, `metadata`, `created_at`, `updated_at`) VALUES ('8', '8', '8', 'Consectetur ipsam minima earum. Ut praesentium sed necessitatibus ipsam consequatur optio. Aut impedit facilis impedit libero blanditiis dolorem officiis.', 'sed', 27, NULL, '2004-12-08 22:23:58', '1970-03-30 00:18:21');
INSERT INTO `media` (`id`, `media_type_id`, `user_id`, `body`, `filename`, `size`, `metadata`, `created_at`, `updated_at`) VALUES ('9', '9', '9', 'Id amet ratione nesciunt sed totam quia. Ipsam similique et et nostrum. Voluptatem qui ipsum sint aut doloribus doloribus recusandae ullam.', 'totam', 0, NULL, '2014-04-13 12:45:01', '1978-03-15 20:16:07');
INSERT INTO `media` (`id`, `media_type_id`, `user_id`, `body`, `filename`, `size`, `metadata`, `created_at`, `updated_at`) VALUES ('10', '10', '10', 'Eaque nesciunt debitis nemo atque ab vitae omnis eos. Dolor harum voluptatibus nobis expedita magni voluptates. Aut qui eligendi dolor quia labore est assumenda. Cumque fugiat expedita ut corporis rerum. Quis molestiae veniam velit sit nam.', 'voluptatem', 57721, NULL, '1981-12-05 09:04:12', '2002-06-27 19:57:05');
INSERT INTO `media` (`id`, `media_type_id`, `user_id`, `body`, `filename`, `size`, `metadata`, `created_at`, `updated_at`) VALUES ('11', '11', '11', 'Vel amet numquam nam atque non. Sit perspiciatis excepturi quia. Voluptates explicabo nulla beatae quidem.', 'numquam', 6321, NULL, '1985-07-27 15:51:34', '2006-06-09 08:57:08');
INSERT INTO `media` (`id`, `media_type_id`, `user_id`, `body`, `filename`, `size`, `metadata`, `created_at`, `updated_at`) VALUES ('12', '12', '12', 'Quia voluptas nostrum modi mollitia non deleniti. Voluptas iste omnis quod libero quam pariatur. Doloribus autem pariatur dignissimos ullam ullam. Itaque temporibus consectetur deleniti doloribus minus maxime.', 'dolores', 7694, NULL, '2002-09-01 10:02:33', '1987-09-28 03:19:48');
INSERT INTO `media` (`id`, `media_type_id`, `user_id`, `body`, `filename`, `size`, `metadata`, `created_at`, `updated_at`) VALUES ('13', '13', '13', 'Assumenda natus explicabo velit doloribus autem. Reiciendis reiciendis quo excepturi fuga repellendus minus. Nihil dolores corrupti repudiandae suscipit est laborum.', 'iste', 51354805, NULL, '2012-11-22 06:21:38', '1981-02-14 04:54:01');
INSERT INTO `media` (`id`, `media_type_id`, `user_id`, `body`, `filename`, `size`, `metadata`, `created_at`, `updated_at`) VALUES ('14', '14', '14', 'Sint cumque sequi quaerat hic qui rem. Illum facere rem sequi repellat aliquid occaecati. Omnis odio at voluptas omnis. Et molestiae eos pariatur laboriosam laborum quia ut ipsum.', 'quisquam', 72, NULL, '2011-05-03 17:29:02', '1981-02-14 09:17:08');
INSERT INTO `media` (`id`, `media_type_id`, `user_id`, `body`, `filename`, `size`, `metadata`, `created_at`, `updated_at`) VALUES ('15', '15', '15', 'Quia id quam minima. Vel dicta tempore vel fugit. Enim unde sint est quia. Iste officia illo velit ratione qui voluptas voluptas.', 'sunt', 75217, NULL, '1981-12-14 20:48:30', '1996-12-06 15:14:51');
INSERT INTO `media` (`id`, `media_type_id`, `user_id`, `body`, `filename`, `size`, `metadata`, `created_at`, `updated_at`) VALUES ('16', '16', '16', 'Et animi sint tempore earum eum. Possimus non vero fuga dolore. Assumenda nulla laudantium occaecati vel laudantium molestiae. Sunt non eum sunt possimus quod modi qui repudiandae.', 'ad', 927, NULL, '2005-07-16 20:22:59', '2018-06-08 22:49:23');
INSERT INTO `media` (`id`, `media_type_id`, `user_id`, `body`, `filename`, `size`, `metadata`, `created_at`, `updated_at`) VALUES ('17', '17', '17', 'Rerum tenetur molestias aut. Qui repudiandae ipsa deserunt vero perspiciatis molestias. Rerum odio est voluptate eos inventore minima doloribus rerum.', 'ducimus', 3, NULL, '1997-04-26 01:41:47', '2009-12-15 00:38:05');
INSERT INTO `media` (`id`, `media_type_id`, `user_id`, `body`, `filename`, `size`, `metadata`, `created_at`, `updated_at`) VALUES ('18', '18', '18', 'Ducimus impedit cupiditate eveniet iure dolore sed sint repudiandae. Maiores deserunt minus animi ut molestiae cumque aspernatur. Aut itaque laboriosam eveniet est assumenda dolore dolor.', 'ab', 6449, NULL, '1996-02-14 08:14:15', '2010-11-12 14:42:50');
INSERT INTO `media` (`id`, `media_type_id`, `user_id`, `body`, `filename`, `size`, `metadata`, `created_at`, `updated_at`) VALUES ('19', '19', '19', 'Illo beatae quo quis molestias quos ut est laborum. Cumque eaque vitae reprehenderit eveniet sed numquam et. Voluptatem hic qui deserunt nihil vitae iste. Velit soluta ut architecto quod sit.', 'sit', 943261596, NULL, '1989-03-11 06:08:48', '1995-04-16 07:46:11');
INSERT INTO `media` (`id`, `media_type_id`, `user_id`, `body`, `filename`, `size`, `metadata`, `created_at`, `updated_at`) VALUES ('20', '20', '20', 'Sunt quo est consequatur quisquam molestiae. Laborum beatae accusantium voluptate voluptas.', 'voluptas', 95825, NULL, '2010-05-02 19:53:42', '1989-10-30 18:43:29');
INSERT INTO `media` (`id`, `media_type_id`, `user_id`, `body`, `filename`, `size`, `metadata`, `created_at`, `updated_at`) VALUES ('21', '21', '21', 'Occaecati rerum laboriosam veritatis cumque illum velit et. Est eum eum consequuntur mollitia magnam occaecati reiciendis. Quod officiis ut nostrum quia molestias voluptas molestias voluptatem. Quidem quia ut necessitatibus aut beatae a et.', 'et', 788, NULL, '2004-07-10 01:02:07', '2007-10-21 19:45:49');
INSERT INTO `media` (`id`, `media_type_id`, `user_id`, `body`, `filename`, `size`, `metadata`, `created_at`, `updated_at`) VALUES ('22', '22', '22', 'Blanditiis magni nulla eius velit molestiae. Quo quasi deserunt eius nihil tempore rem. Vitae sed unde earum soluta consequatur ut quasi. Sunt libero suscipit molestiae quae iure sint error. Sit inventore omnis non aut.', 'quas', 0, NULL, '2002-06-04 00:09:05', '2010-12-20 11:02:47');
INSERT INTO `media` (`id`, `media_type_id`, `user_id`, `body`, `filename`, `size`, `metadata`, `created_at`, `updated_at`) VALUES ('23', '23', '23', 'Rerum voluptatem quasi nihil omnis aut quia autem qui. Corporis sed explicabo deleniti officiis fugiat ea enim. Sequi eaque commodi repellendus animi itaque.', 'vero', 37, NULL, '1999-01-17 15:25:40', '2011-05-24 11:51:56');
INSERT INTO `media` (`id`, `media_type_id`, `user_id`, `body`, `filename`, `size`, `metadata`, `created_at`, `updated_at`) VALUES ('24', '24', '24', 'Enim commodi officiis inventore odit voluptatem et. Occaecati tempore et rerum reprehenderit eos corporis. Ullam a facilis blanditiis molestias aperiam aut rem. Architecto nam nostrum sequi.', 'nihil', 8363865, NULL, '1995-10-13 04:38:25', '2014-07-31 18:57:05');
INSERT INTO `media` (`id`, `media_type_id`, `user_id`, `body`, `filename`, `size`, `metadata`, `created_at`, `updated_at`) VALUES ('25', '25', '25', 'Dolore nostrum sint fugit ut consequatur dolor harum. Sint sint inventore odio et qui pariatur. Qui aut et rerum incidunt. Minima veritatis reiciendis consectetur et quod rerum.', 'velit', 4342, NULL, '1986-08-24 08:31:40', '1984-08-04 13:10:25');
INSERT INTO `media` (`id`, `media_type_id`, `user_id`, `body`, `filename`, `size`, `metadata`, `created_at`, `updated_at`) VALUES ('26', '26', '26', 'Beatae officia est qui voluptates. Velit sed cupiditate error tempora. Quae ullam ea totam.', 'autem', 442, NULL, '2013-02-15 16:24:29', '2005-07-13 23:04:20');
INSERT INTO `media` (`id`, `media_type_id`, `user_id`, `body`, `filename`, `size`, `metadata`, `created_at`, `updated_at`) VALUES ('27', '27', '27', 'Voluptas eos aliquam expedita perspiciatis in. Ipsa itaque delectus et adipisci doloribus. Neque exercitationem velit sunt facilis molestias consectetur sit.', 'ut', 524215, NULL, '1991-11-14 20:18:57', '1994-03-31 10:23:55');
INSERT INTO `media` (`id`, `media_type_id`, `user_id`, `body`, `filename`, `size`, `metadata`, `created_at`, `updated_at`) VALUES ('28', '28', '28', 'Itaque et ut dolore. Et illo deleniti nihil aut nihil aliquam aut. Nam ut sit placeat aperiam. Fuga amet recusandae sapiente est qui.', 'molestias', 722014601, NULL, '1971-02-18 06:23:34', '1983-12-20 08:52:17');
INSERT INTO `media` (`id`, `media_type_id`, `user_id`, `body`, `filename`, `size`, `metadata`, `created_at`, `updated_at`) VALUES ('29', '29', '29', 'Sequi dignissimos nihil dolorum officiis impedit. Est sint ea consequatur natus quasi. Laboriosam voluptatum quasi animi odit cupiditate dolor recusandae. Veritatis velit rem qui nihil libero. Illum tempore dignissimos aut explicabo qui dolorum consectetur.', 'ipsum', 88, NULL, '2013-03-25 21:22:48', '1976-04-17 07:49:55');
INSERT INTO `media` (`id`, `media_type_id`, `user_id`, `body`, `filename`, `size`, `metadata`, `created_at`, `updated_at`) VALUES ('30', '30', '30', 'Ut quo quo blanditiis voluptatem est non illum. Saepe enim dignissimos aut est quo. Molestias est ut sapiente voluptates ipsum eum magnam. Illo sit aut assumenda deleniti minima id expedita. Fugit est quasi iure sit quis quibusdam et.', 'nostrum', 69, NULL, '1996-04-01 03:14:52', '1984-11-18 22:57:08');
INSERT INTO `media` (`id`, `media_type_id`, `user_id`, `body`, `filename`, `size`, `metadata`, `created_at`, `updated_at`) VALUES ('31', '31', '31', 'Nulla quia ipsam accusamus quam. Sint qui tempora nobis et laboriosam qui quidem. Commodi animi fugit quia magnam eum. Fugiat consequatur velit nesciunt consequatur unde et porro.', 'dolor', 150376527, NULL, '2009-03-23 05:37:03', '1975-01-04 10:58:23');
INSERT INTO `media` (`id`, `media_type_id`, `user_id`, `body`, `filename`, `size`, `metadata`, `created_at`, `updated_at`) VALUES ('32', '32', '32', 'Officiis ipsa et est. Alias corporis fuga esse laborum. Maxime nihil impedit repellendus omnis omnis maxime aut.', 'autem', 855108472, NULL, '2010-03-14 19:42:53', '1972-02-15 18:53:32');
INSERT INTO `media` (`id`, `media_type_id`, `user_id`, `body`, `filename`, `size`, `metadata`, `created_at`, `updated_at`) VALUES ('33', '33', '33', 'Quae pariatur non nobis ut atque quo. Exercitationem dignissimos ea nihil qui sapiente saepe. Fugit blanditiis nobis iure. Sint maxime laudantium rerum quae natus eos quasi eveniet.', 'totam', 667433222, NULL, '1989-09-11 00:28:02', '1972-03-25 22:12:09');
INSERT INTO `media` (`id`, `media_type_id`, `user_id`, `body`, `filename`, `size`, `metadata`, `created_at`, `updated_at`) VALUES ('34', '34', '34', 'Vel qui sequi consequuntur. Et fuga eos optio fugiat non sint.', 'sed', 0, NULL, '1979-06-27 15:04:20', '1997-06-18 13:05:47');
INSERT INTO `media` (`id`, `media_type_id`, `user_id`, `body`, `filename`, `size`, `metadata`, `created_at`, `updated_at`) VALUES ('35', '35', '35', 'Magni explicabo qui quasi hic quis repellendus est. Qui rerum quos non. Eos amet dolor laudantium et est dolorum.', 'aut', 9411, NULL, '1987-01-19 02:39:31', '2000-07-22 03:57:05');
INSERT INTO `media` (`id`, `media_type_id`, `user_id`, `body`, `filename`, `size`, `metadata`, `created_at`, `updated_at`) VALUES ('36', '36', '36', 'Nulla laudantium illum ex molestiae ab nesciunt. Ea sit vitae animi eius et eos eos et. Et ipsum quasi ab ad accusantium suscipit et. Ullam nostrum ipsa cumque voluptas.', 'sed', 162849, NULL, '2013-06-17 12:46:46', '1972-02-05 10:43:40');
INSERT INTO `media` (`id`, `media_type_id`, `user_id`, `body`, `filename`, `size`, `metadata`, `created_at`, `updated_at`) VALUES ('37', '37', '37', 'Magnam labore facere repellendus ut deleniti velit autem. Maiores tempore dolorem totam sapiente ut esse. Possimus tempore quos assumenda dignissimos omnis quam. Illum optio incidunt asperiores autem omnis voluptas dolorem repudiandae.', 'officia', 7813, NULL, '2007-01-11 10:23:15', '1997-11-07 14:29:04');
INSERT INTO `media` (`id`, `media_type_id`, `user_id`, `body`, `filename`, `size`, `metadata`, `created_at`, `updated_at`) VALUES ('38', '38', '38', 'Ut molestias saepe voluptatem possimus commodi harum assumenda voluptate. Eveniet ipsa sint dignissimos voluptas suscipit. Alias accusamus delectus deserunt occaecati aut.', 'est', 15883, NULL, '1977-12-03 14:51:48', '2000-02-23 10:50:54');
INSERT INTO `media` (`id`, `media_type_id`, `user_id`, `body`, `filename`, `size`, `metadata`, `created_at`, `updated_at`) VALUES ('39', '39', '39', 'Fugiat dolore culpa ut omnis error est consequuntur. Qui provident sint nostrum autem delectus. Officia molestiae deserunt atque neque repellat. Omnis ut at qui dolor dolores.', 'in', 598, NULL, '1978-12-17 06:50:13', '1996-08-08 13:03:46');
INSERT INTO `media` (`id`, `media_type_id`, `user_id`, `body`, `filename`, `size`, `metadata`, `created_at`, `updated_at`) VALUES ('40', '40', '40', 'Qui beatae in ut consequatur soluta sed. Eum aspernatur eaque nihil velit molestias qui aut dolorum.', 'eius', 262846955, NULL, '1994-03-15 10:10:57', '1979-08-11 23:21:48');
INSERT INTO `media` (`id`, `media_type_id`, `user_id`, `body`, `filename`, `size`, `metadata`, `created_at`, `updated_at`) VALUES ('41', '41', '41', 'Illum cumque corporis excepturi autem. Qui modi maxime accusantium error assumenda a quaerat. A ex doloribus non unde. Eaque natus tenetur laboriosam at porro eaque.', 'excepturi', 57208, NULL, '2005-06-10 19:31:47', '2014-03-31 10:15:30');
INSERT INTO `media` (`id`, `media_type_id`, `user_id`, `body`, `filename`, `size`, `metadata`, `created_at`, `updated_at`) VALUES ('42', '42', '42', 'Maiores accusamus ipsa dolor aspernatur. Suscipit aut et earum est. Possimus accusantium ut officiis sit. Iste pariatur tempore provident minus tempora.', 'adipisci', 9453333, NULL, '1985-04-24 19:51:42', '1991-04-13 03:45:05');
INSERT INTO `media` (`id`, `media_type_id`, `user_id`, `body`, `filename`, `size`, `metadata`, `created_at`, `updated_at`) VALUES ('43', '43', '43', 'Et commodi vitae magni repellat provident illum. Omnis ea modi et ut cum et maiores. Ut consequatur libero ut quibusdam qui ut sequi. Quibusdam dignissimos dolores quibusdam.', 'nisi', 7842777, NULL, '2014-10-27 18:39:49', '1996-07-16 01:27:10');
INSERT INTO `media` (`id`, `media_type_id`, `user_id`, `body`, `filename`, `size`, `metadata`, `created_at`, `updated_at`) VALUES ('44', '44', '44', 'Qui ex architecto voluptas architecto dolorem officia est. Non officia consectetur explicabo et. Veniam aut quam earum eaque.', 'repellendus', 4096, NULL, '2018-04-12 16:38:34', '1978-02-01 12:02:43');
INSERT INTO `media` (`id`, `media_type_id`, `user_id`, `body`, `filename`, `size`, `metadata`, `created_at`, `updated_at`) VALUES ('45', '45', '45', 'Itaque iusto quia dolor corrupti ducimus fugit. Recusandae consectetur rerum rerum distinctio numquam voluptatem. Et eius odit illo reiciendis animi.', 'voluptas', 4519769, NULL, '2001-01-03 11:45:08', '1990-12-18 12:54:52');
INSERT INTO `media` (`id`, `media_type_id`, `user_id`, `body`, `filename`, `size`, `metadata`, `created_at`, `updated_at`) VALUES ('46', '46', '46', 'Voluptatibus nobis atque cum. Et mollitia ipsum voluptas ut. Quibusdam ipsa quia ut dicta ut facere.', 'et', 218604777, NULL, '2003-08-26 11:00:36', '2002-01-01 15:23:23');
INSERT INTO `media` (`id`, `media_type_id`, `user_id`, `body`, `filename`, `size`, `metadata`, `created_at`, `updated_at`) VALUES ('47', '47', '47', 'Ratione voluptas non optio. Ea adipisci sed ut aut incidunt ut cum. Ut qui asperiores qui et odit accusantium consequatur. Tempora excepturi quo placeat earum.', 'nobis', 632, NULL, '2007-03-29 02:13:43', '1986-10-22 21:01:51');
INSERT INTO `media` (`id`, `media_type_id`, `user_id`, `body`, `filename`, `size`, `metadata`, `created_at`, `updated_at`) VALUES ('48', '48', '48', 'In laboriosam blanditiis vel autem. Expedita hic sapiente porro asperiores. Molestias repellendus cupiditate repellendus est nisi. Perferendis ut ut ex qui nihil.', 'ab', 0, NULL, '2018-05-12 16:03:25', '2015-11-01 13:32:40');
INSERT INTO `media` (`id`, `media_type_id`, `user_id`, `body`, `filename`, `size`, `metadata`, `created_at`, `updated_at`) VALUES ('49', '49', '49', 'Ut esse corporis sunt dolores. Accusantium perferendis aut exercitationem ut nihil.', 'accusamus', 23430850, NULL, '2003-09-28 14:27:33', '2017-07-07 14:03:34');
INSERT INTO `media` (`id`, `media_type_id`, `user_id`, `body`, `filename`, `size`, `metadata`, `created_at`, `updated_at`) VALUES ('50', '50', '50', 'Enim neque rerum cumque architecto. Atque sed perspiciatis doloremque laboriosam quas similique qui. Quam sunt aut quas molestias enim. Velit quis dolores deleniti ut.', 'dignissimos', 9, NULL, '1976-06-30 04:49:53', '1991-06-25 07:57:53');
INSERT INTO `media` (`id`, `media_type_id`, `user_id`, `body`, `filename`, `size`, `metadata`, `created_at`, `updated_at`) VALUES ('51', '51', '51', 'Quas harum aut maxime rerum. Voluptas voluptatem eos eligendi qui laudantium cumque. Quae ea nulla consequatur aut repellat et dolor. Vero est reiciendis corrupti quia inventore iure.', 'ipsa', 5707501, NULL, '1988-07-07 21:40:40', '1994-06-25 09:33:38');
INSERT INTO `media` (`id`, `media_type_id`, `user_id`, `body`, `filename`, `size`, `metadata`, `created_at`, `updated_at`) VALUES ('52', '52', '52', 'Non modi nobis perspiciatis magni sapiente quia aut. Voluptatibus iusto esse expedita et et eius. Incidunt illum voluptate deserunt et quo.', 'quis', 787239348, NULL, '1977-01-28 17:34:35', '2014-11-27 07:05:03');
INSERT INTO `media` (`id`, `media_type_id`, `user_id`, `body`, `filename`, `size`, `metadata`, `created_at`, `updated_at`) VALUES ('53', '53', '53', 'Nam illum doloremque iste ut. Impedit aperiam temporibus expedita dolorem ut. Nemo quae quia est eius. Fugit id maiores dicta id vitae iste.', 'blanditiis', 57, NULL, '2010-06-24 06:17:16', '1971-06-17 14:29:39');
INSERT INTO `media` (`id`, `media_type_id`, `user_id`, `body`, `filename`, `size`, `metadata`, `created_at`, `updated_at`) VALUES ('54', '54', '54', 'Commodi sed et qui accusamus magni dolorum. Non ut provident eligendi molestiae delectus tempora. At commodi aut aliquam. Nobis excepturi sequi consectetur et eveniet.', 'est', 18166954, NULL, '2018-02-25 09:32:46', '2006-02-19 07:50:45');
INSERT INTO `media` (`id`, `media_type_id`, `user_id`, `body`, `filename`, `size`, `metadata`, `created_at`, `updated_at`) VALUES ('55', '55', '55', 'Voluptatibus fuga ea blanditiis id harum vel. At quia eveniet sit corrupti. Numquam voluptas necessitatibus ut maiores tempore dolores. Qui quasi voluptatem vel accusamus.', 'ut', 0, NULL, '1975-02-22 06:09:37', '1977-12-19 05:17:12');
INSERT INTO `media` (`id`, `media_type_id`, `user_id`, `body`, `filename`, `size`, `metadata`, `created_at`, `updated_at`) VALUES ('56', '56', '56', 'Aut quam velit quae nihil. Quia qui inventore quaerat. Esse quis aliquam fugit dolorum ex. Rerum voluptatem fuga fugit quas.', 'et', 792, NULL, '1985-09-03 01:39:18', '1976-04-30 11:52:12');
INSERT INTO `media` (`id`, `media_type_id`, `user_id`, `body`, `filename`, `size`, `metadata`, `created_at`, `updated_at`) VALUES ('57', '57', '57', 'Eum labore ut placeat ratione ullam aperiam. Consequatur enim qui quae ut. Nemo architecto sint aut cumque. Sed quo nobis modi ea voluptatum minima qui.', 'nostrum', 1438943, NULL, '1998-10-19 17:45:52', '1970-06-16 13:45:20');
INSERT INTO `media` (`id`, `media_type_id`, `user_id`, `body`, `filename`, `size`, `metadata`, `created_at`, `updated_at`) VALUES ('58', '58', '58', 'Repudiandae maxime sit voluptatem quidem sed doloremque. Molestias odit mollitia ipsam. Et aliquid vero qui eum. Eos numquam ut autem.', 'rerum', 389417671, NULL, '2004-10-27 08:20:33', '1990-08-13 23:11:03');
INSERT INTO `media` (`id`, `media_type_id`, `user_id`, `body`, `filename`, `size`, `metadata`, `created_at`, `updated_at`) VALUES ('59', '59', '59', 'Molestiae cumque sed maiores culpa delectus. Quia est ipsam et a dolores nisi delectus sit. Ullam iusto excepturi veritatis culpa culpa voluptatem quaerat.', 'commodi', 5, NULL, '2000-08-10 09:41:17', '2018-11-04 05:03:29');
INSERT INTO `media` (`id`, `media_type_id`, `user_id`, `body`, `filename`, `size`, `metadata`, `created_at`, `updated_at`) VALUES ('60', '60', '60', 'Voluptate ut fugiat maiores quia necessitatibus. Minima esse accusantium dolorum aut aut est. Est omnis voluptatem repellat voluptates fuga quas non. Quia distinctio nihil est ut.', 'enim', 335, NULL, '1984-12-22 20:02:06', '2015-05-13 05:05:14');
INSERT INTO `media` (`id`, `media_type_id`, `user_id`, `body`, `filename`, `size`, `metadata`, `created_at`, `updated_at`) VALUES ('61', '61', '61', 'Eos dolorem beatae velit repellat autem officia nulla. Repudiandae et accusantium mollitia quas. Ut id in nam molestiae sed omnis harum. Aliquam magni velit nihil.', 'sit', 120, NULL, '2012-02-04 21:28:09', '1977-05-11 12:44:12');
INSERT INTO `media` (`id`, `media_type_id`, `user_id`, `body`, `filename`, `size`, `metadata`, `created_at`, `updated_at`) VALUES ('62', '62', '62', 'Voluptas quas vel minima vel consectetur quia dolorem iste. Soluta dicta assumenda ad non id. Et repellendus facere fuga ut. Accusamus voluptatibus ut magni laudantium dolore fugiat inventore.', 'voluptatem', 0, NULL, '1986-04-21 05:37:36', '1976-05-17 16:35:24');
INSERT INTO `media` (`id`, `media_type_id`, `user_id`, `body`, `filename`, `size`, `metadata`, `created_at`, `updated_at`) VALUES ('63', '63', '63', 'Quia inventore rerum ab veritatis architecto. Quisquam dignissimos occaecati est officiis asperiores corrupti deserunt. Iusto ipsum dolor unde et nulla aut quia. Consectetur earum ipsum necessitatibus nam facilis.', 'voluptas', 3686, NULL, '2016-05-04 10:15:24', '1980-01-14 03:15:28');
INSERT INTO `media` (`id`, `media_type_id`, `user_id`, `body`, `filename`, `size`, `metadata`, `created_at`, `updated_at`) VALUES ('64', '64', '64', 'Error sunt et minima tempora vel. At quas ut quam ipsum. Et corrupti exercitationem cupiditate.', 'deleniti', 3224, NULL, '1970-02-28 16:46:39', '1972-04-14 11:04:31');
INSERT INTO `media` (`id`, `media_type_id`, `user_id`, `body`, `filename`, `size`, `metadata`, `created_at`, `updated_at`) VALUES ('65', '65', '65', 'Eum et in nobis ipsam consequatur. Sed tempore a et qui provident. Exercitationem ea maxime dolores tempore repellat est perspiciatis. Sequi consequuntur blanditiis ab quis provident.', 'ea', 325924, NULL, '2015-11-10 01:55:24', '1975-08-23 12:09:58');
INSERT INTO `media` (`id`, `media_type_id`, `user_id`, `body`, `filename`, `size`, `metadata`, `created_at`, `updated_at`) VALUES ('66', '66', '66', 'Vitae perspiciatis autem qui officia non. Repudiandae omnis similique eveniet. Deleniti ex unde culpa excepturi quis laborum.', 'beatae', 3579291, NULL, '2012-06-03 09:51:32', '1977-09-14 14:38:03');
INSERT INTO `media` (`id`, `media_type_id`, `user_id`, `body`, `filename`, `size`, `metadata`, `created_at`, `updated_at`) VALUES ('67', '67', '67', 'Ea quo dolorum corporis totam quia quos animi. Nostrum quidem eius voluptatibus est. Sed porro repudiandae qui aut rem et. Ea impedit libero beatae atque temporibus assumenda.', 'recusandae', 94531, NULL, '2001-08-20 11:35:47', '2004-03-11 05:56:17');
INSERT INTO `media` (`id`, `media_type_id`, `user_id`, `body`, `filename`, `size`, `metadata`, `created_at`, `updated_at`) VALUES ('68', '68', '68', 'Ullam ut enim voluptatem tempore autem adipisci eveniet ut. Ratione qui omnis omnis quas impedit. Id dolorem provident minus qui. Rerum harum eum at facere dolores et molestiae.', 'labore', 39761321, NULL, '1976-09-16 13:02:31', '2012-07-01 01:41:56');
INSERT INTO `media` (`id`, `media_type_id`, `user_id`, `body`, `filename`, `size`, `metadata`, `created_at`, `updated_at`) VALUES ('69', '69', '69', 'Voluptatem non dignissimos odit cum incidunt non neque. Ratione et alias eos. Nisi recusandae cumque aut dicta doloribus recusandae. Ullam similique error eos et natus.', 'possimus', 156, NULL, '1995-05-21 14:10:44', '1970-07-06 22:50:10');
INSERT INTO `media` (`id`, `media_type_id`, `user_id`, `body`, `filename`, `size`, `metadata`, `created_at`, `updated_at`) VALUES ('70', '70', '70', 'Quo ipsum nisi et odio. Officiis dolor soluta quae ut voluptatum. Perferendis officiis dolorem velit qui sit non.', 'qui', 5, NULL, '2000-09-28 23:21:33', '1994-05-28 23:48:51');
INSERT INTO `media` (`id`, `media_type_id`, `user_id`, `body`, `filename`, `size`, `metadata`, `created_at`, `updated_at`) VALUES ('71', '71', '71', 'Suscipit esse voluptate sed tempora. Repellat et reiciendis perspiciatis voluptatem aliquid pariatur. Nisi et voluptatem id sed. Ut tenetur alias repudiandae consequuntur autem nisi est in.', 'perferendis', 2512, NULL, '2016-12-24 16:06:15', '1991-01-31 04:25:23');
INSERT INTO `media` (`id`, `media_type_id`, `user_id`, `body`, `filename`, `size`, `metadata`, `created_at`, `updated_at`) VALUES ('72', '72', '72', 'Eum qui nulla officia nihil. Reiciendis iure tempora ut voluptatum enim nihil ut laudantium. Aut quisquam et id earum sit quae eius. Voluptatem provident numquam autem sint architecto autem vel.', 'a', 3466, NULL, '1993-07-16 10:35:18', '1984-06-23 02:15:27');
INSERT INTO `media` (`id`, `media_type_id`, `user_id`, `body`, `filename`, `size`, `metadata`, `created_at`, `updated_at`) VALUES ('73', '73', '73', 'Amet corrupti architecto voluptatem maxime autem. Similique quae molestiae aut doloribus quo itaque culpa quod. Aut iusto omnis corporis. Magnam rerum doloremque cupiditate reiciendis quae.', 'id', 11, NULL, '1997-02-28 06:05:06', '1991-05-01 00:06:47');
INSERT INTO `media` (`id`, `media_type_id`, `user_id`, `body`, `filename`, `size`, `metadata`, `created_at`, `updated_at`) VALUES ('74', '74', '74', 'Non quas deleniti cupiditate architecto quia. Voluptatem fugit similique enim odit. Recusandae quaerat quas ea. Ducimus est cumque distinctio sit quas.', 'doloremque', 57, NULL, '1985-02-02 13:00:32', '1971-08-19 11:16:35');
INSERT INTO `media` (`id`, `media_type_id`, `user_id`, `body`, `filename`, `size`, `metadata`, `created_at`, `updated_at`) VALUES ('75', '75', '75', 'Distinctio temporibus asperiores consequatur facilis ipsum aliquam molestiae. Nesciunt voluptatum dicta non aliquam sed veritatis et. Modi ipsum consequatur recusandae magni autem delectus repudiandae. Quaerat ipsam unde amet accusantium quia.', 'et', 100, NULL, '1973-02-03 05:17:28', '2010-04-03 15:00:35');
INSERT INTO `media` (`id`, `media_type_id`, `user_id`, `body`, `filename`, `size`, `metadata`, `created_at`, `updated_at`) VALUES ('76', '76', '76', 'Atque eum et quisquam. Et incidunt rerum neque odio.', 'hic', 75203175, NULL, '2012-12-24 00:23:59', '2013-09-12 06:48:21');
INSERT INTO `media` (`id`, `media_type_id`, `user_id`, `body`, `filename`, `size`, `metadata`, `created_at`, `updated_at`) VALUES ('77', '77', '77', 'Iste quas sed et voluptate similique. Laborum ab aut quisquam assumenda beatae occaecati accusamus at. Quo quas eius non. Qui vel sequi omnis ab necessitatibus qui ut fuga. Ullam et nemo culpa vitae iste qui dolores itaque.', 'sed', 599875, NULL, '1971-01-28 08:37:43', '2016-01-01 20:48:55');
INSERT INTO `media` (`id`, `media_type_id`, `user_id`, `body`, `filename`, `size`, `metadata`, `created_at`, `updated_at`) VALUES ('78', '78', '78', 'Omnis enim non reprehenderit velit nemo. Aliquid laboriosam debitis saepe omnis quisquam et qui nisi. Nemo quo vel mollitia earum repellendus occaecati.', 'molestias', 2577, NULL, '2019-04-13 10:01:22', '2015-02-03 06:24:26');
INSERT INTO `media` (`id`, `media_type_id`, `user_id`, `body`, `filename`, `size`, `metadata`, `created_at`, `updated_at`) VALUES ('79', '79', '79', 'Consequatur porro quisquam est facere. Tempora optio placeat suscipit amet omnis. Impedit explicabo consequatur itaque qui impedit reiciendis assumenda. Sapiente ut ut amet.', 'accusantium', 1, NULL, '2000-04-22 00:39:31', '2001-03-18 08:30:48');
INSERT INTO `media` (`id`, `media_type_id`, `user_id`, `body`, `filename`, `size`, `metadata`, `created_at`, `updated_at`) VALUES ('80', '80', '80', 'Labore quis sed et vel minus voluptas. Ratione eaque dolores qui necessitatibus accusantium esse. Rerum eius harum sit. Dignissimos et assumenda odit aliquid saepe neque at eos. Deserunt laboriosam voluptas aspernatur et aut.', 'magnam', 5, NULL, '2018-09-24 14:21:14', '1971-06-08 07:09:10');
INSERT INTO `media` (`id`, `media_type_id`, `user_id`, `body`, `filename`, `size`, `metadata`, `created_at`, `updated_at`) VALUES ('81', '81', '81', 'Consequatur eveniet aut voluptatibus. Numquam ut earum possimus.', 'non', 8443, NULL, '2000-06-29 23:08:36', '2010-01-04 23:59:09');
INSERT INTO `media` (`id`, `media_type_id`, `user_id`, `body`, `filename`, `size`, `metadata`, `created_at`, `updated_at`) VALUES ('82', '82', '82', 'Cumque unde in natus qui consectetur nostrum. Fuga ut sequi culpa reiciendis. Omnis aliquid non omnis consectetur autem ipsa.', 'rerum', 63570, NULL, '1970-01-18 01:26:47', '2010-02-05 06:40:45');
INSERT INTO `media` (`id`, `media_type_id`, `user_id`, `body`, `filename`, `size`, `metadata`, `created_at`, `updated_at`) VALUES ('83', '83', '83', 'Sunt eveniet sapiente deserunt hic nemo nihil quam. Veritatis optio odio autem quas aperiam. Cupiditate molestias maiores et sed error veniam velit.', 'quas', 79985409, NULL, '1978-03-12 10:30:31', '2005-04-30 13:32:54');
INSERT INTO `media` (`id`, `media_type_id`, `user_id`, `body`, `filename`, `size`, `metadata`, `created_at`, `updated_at`) VALUES ('84', '84', '84', 'Quod dicta aliquam unde sunt quisquam quaerat officia. Et esse facere et vel consectetur exercitationem. Distinctio nisi tempora et ex quia expedita. Aliquam eum molestias eaque quisquam et.', 'quibusdam', 5578194, NULL, '1982-01-28 22:09:53', '1993-06-07 07:06:18');
INSERT INTO `media` (`id`, `media_type_id`, `user_id`, `body`, `filename`, `size`, `metadata`, `created_at`, `updated_at`) VALUES ('85', '85', '85', 'Doloribus tempore corrupti iusto et in. Quis tempore et architecto voluptatem vero ad reiciendis non. Expedita est impedit maxime amet repellendus hic.', 'et', 50268619, NULL, '2011-12-30 12:36:17', '1985-06-26 15:57:13');
INSERT INTO `media` (`id`, `media_type_id`, `user_id`, `body`, `filename`, `size`, `metadata`, `created_at`, `updated_at`) VALUES ('86', '86', '86', 'Eum ipsam excepturi magni consequatur commodi. At repellat vero dolores vero atque.', 'incidunt', 448, NULL, '1988-04-07 00:13:46', '1979-07-08 09:34:55');
INSERT INTO `media` (`id`, `media_type_id`, `user_id`, `body`, `filename`, `size`, `metadata`, `created_at`, `updated_at`) VALUES ('87', '87', '87', 'Nisi et aliquam earum qui et ab. Est quis repudiandae fugiat qui. Eum et repellat voluptas expedita minus. Cupiditate sapiente autem fuga odit sed voluptatem.', 'et', 54, NULL, '2001-09-28 21:31:36', '1993-02-14 14:44:26');
INSERT INTO `media` (`id`, `media_type_id`, `user_id`, `body`, `filename`, `size`, `metadata`, `created_at`, `updated_at`) VALUES ('88', '88', '88', 'Tempore sint pariatur cum quia explicabo. Officia neque odio sint. Accusantium omnis provident eos rerum animi sequi voluptates. Inventore voluptatem eos distinctio aut. Dolorem suscipit aut sed eveniet eius saepe.', 'quia', 97503912, NULL, '1984-05-21 08:20:00', '1996-11-28 16:08:00');
INSERT INTO `media` (`id`, `media_type_id`, `user_id`, `body`, `filename`, `size`, `metadata`, `created_at`, `updated_at`) VALUES ('89', '89', '89', 'Adipisci voluptatem id aut dolorem quae. Sed et quos est corrupti sit exercitationem. Et nisi aperiam praesentium. Officiis eveniet provident porro et voluptates et laudantium. Hic enim aliquam ex numquam.', 'nam', 670, NULL, '1995-03-15 01:26:23', '2006-09-08 15:24:15');
INSERT INTO `media` (`id`, `media_type_id`, `user_id`, `body`, `filename`, `size`, `metadata`, `created_at`, `updated_at`) VALUES ('90', '90', '90', 'Nisi vel eaque ullam et esse consequuntur et ipsa. Doloribus quis non iure nam voluptas deleniti. Provident perferendis facere quod impedit. Quia odit sed possimus quisquam quod.', 'iusto', 19465, NULL, '1980-05-29 20:20:43', '1979-04-10 22:15:12');
INSERT INTO `media` (`id`, `media_type_id`, `user_id`, `body`, `filename`, `size`, `metadata`, `created_at`, `updated_at`) VALUES ('91', '91', '91', 'Sed ipsum aut rerum quis sequi. Consequatur sed consequatur sint. Facilis sint ut in ut aliquam dolorum libero impedit. Ipsum non vero repellendus officiis et. Illo eligendi ullam voluptatum possimus.', 'ipsum', 34325, NULL, '1983-02-28 02:16:57', '1979-09-23 16:11:31');
INSERT INTO `media` (`id`, `media_type_id`, `user_id`, `body`, `filename`, `size`, `metadata`, `created_at`, `updated_at`) VALUES ('92', '92', '92', 'Nulla tempore accusamus sapiente similique eaque. Unde dicta omnis amet non. Eaque rerum nam neque eligendi soluta aut maxime. Dolor nemo est qui id occaecati quibusdam omnis a. Aut eos laborum dolores quos in nam qui et.', 'incidunt', 783, NULL, '1996-04-20 13:40:36', '2008-07-08 23:06:25');
INSERT INTO `media` (`id`, `media_type_id`, `user_id`, `body`, `filename`, `size`, `metadata`, `created_at`, `updated_at`) VALUES ('93', '93', '93', 'Libero ut quaerat harum sit iste. Nobis maiores facilis nesciunt autem occaecati enim velit. Nam neque cupiditate doloremque deserunt.', 'quidem', 0, NULL, '1994-06-22 13:34:55', '2011-06-18 14:59:01');
INSERT INTO `media` (`id`, `media_type_id`, `user_id`, `body`, `filename`, `size`, `metadata`, `created_at`, `updated_at`) VALUES ('94', '94', '94', 'Omnis adipisci totam ea. Amet impedit quos rerum dolores ea. Qui delectus qui nihil recusandae dignissimos minus eligendi error. Id laborum tempore mollitia ab ut.', 'blanditiis', 23, NULL, '2010-08-20 15:27:44', '1998-12-28 23:10:14');
INSERT INTO `media` (`id`, `media_type_id`, `user_id`, `body`, `filename`, `size`, `metadata`, `created_at`, `updated_at`) VALUES ('95', '95', '95', 'Itaque illum ut aspernatur. Temporibus ipsam qui consequatur aut. Hic officia commodi dolor a et corporis.', 'itaque', 0, NULL, '2009-09-03 09:03:48', '2000-06-26 22:05:16');
INSERT INTO `media` (`id`, `media_type_id`, `user_id`, `body`, `filename`, `size`, `metadata`, `created_at`, `updated_at`) VALUES ('96', '96', '96', 'Aliquam et perferendis quae quis. Et qui et dignissimos aut nihil enim aliquid. Adipisci aut quo et nam omnis explicabo. Est enim et quibusdam recusandae molestiae non vero. Saepe fuga autem incidunt quisquam qui.', 'unde', 69135, NULL, '1993-05-18 08:10:47', '1973-10-08 02:35:34');
INSERT INTO `media` (`id`, `media_type_id`, `user_id`, `body`, `filename`, `size`, `metadata`, `created_at`, `updated_at`) VALUES ('97', '97', '97', 'Magni et illum rerum aliquid magnam hic quibusdam. Sequi et quia eos sint. Ea quo illum iusto eum maiores.', 'pariatur', 79, NULL, '1982-10-21 22:50:11', '1990-01-29 09:26:35');
INSERT INTO `media` (`id`, `media_type_id`, `user_id`, `body`, `filename`, `size`, `metadata`, `created_at`, `updated_at`) VALUES ('98', '98', '98', 'Rerum facilis non totam similique autem quidem ea quos. Quo incidunt qui magni non aut voluptatum. Sit expedita aliquid dicta eos aut. Qui maiores est ut ratione.', 'sit', 1098, NULL, '1982-05-04 21:25:19', '1991-10-07 17:39:07');
INSERT INTO `media` (`id`, `media_type_id`, `user_id`, `body`, `filename`, `size`, `metadata`, `created_at`, `updated_at`) VALUES ('99', '99', '99', 'Dolorum non delectus et sint soluta architecto. Quo iusto facilis nisi beatae. Hic est sunt aliquam at. Et eos aut est et aliquam dolores et.', 'quasi', 386, NULL, '1974-09-24 22:05:29', '1990-05-12 22:19:14');
INSERT INTO `media` (`id`, `media_type_id`, `user_id`, `body`, `filename`, `size`, `metadata`, `created_at`, `updated_at`) VALUES ('100', '100', '100', 'Et est pariatur atque placeat aut est et. Sint nulla ea minima dolore optio molestias quis. Nihil minus sunt voluptates a beatae aut.', 'aut', 414337374, NULL, '2006-10-12 12:46:42', '1998-07-31 01:44:01');


#
# TABLE STRUCTURE FOR: media_types
#

DROP TABLE IF EXISTS `media_types`;

CREATE TABLE `media_types` (
  `id` bigint(20) unsigned NOT NULL AUTO_INCREMENT,
  `name` varchar(200) COLLATE utf8_unicode_ci DEFAULT NULL,
  `created_at` datetime DEFAULT current_timestamp(),
  `updated_at` datetime DEFAULT current_timestamp() ON UPDATE current_timestamp(),
  PRIMARY KEY (`id`)
) ENGINE=InnoDB AUTO_INCREMENT=101 DEFAULT CHARSET=utf8 COLLATE=utf8_unicode_ci;

INSERT INTO `media_types` (`id`, `name`, `created_at`, `updated_at`) VALUES ('1', 'error', '2014-04-27 00:27:42', '1972-02-04 17:14:55');
INSERT INTO `media_types` (`id`, `name`, `created_at`, `updated_at`) VALUES ('2', 'sunt', '2008-02-05 03:38:45', '2002-06-28 14:01:49');
INSERT INTO `media_types` (`id`, `name`, `created_at`, `updated_at`) VALUES ('3', 'omnis', '1989-10-28 18:53:30', '1976-06-27 05:27:47');
INSERT INTO `media_types` (`id`, `name`, `created_at`, `updated_at`) VALUES ('4', 'quia', '1995-01-18 21:22:45', '1990-11-20 14:12:47');
INSERT INTO `media_types` (`id`, `name`, `created_at`, `updated_at`) VALUES ('5', 'accusamus', '1993-01-08 02:15:43', '1998-09-17 19:19:56');
INSERT INTO `media_types` (`id`, `name`, `created_at`, `updated_at`) VALUES ('6', 'eum', '2017-05-10 01:37:16', '1983-12-18 12:44:45');
INSERT INTO `media_types` (`id`, `name`, `created_at`, `updated_at`) VALUES ('7', 'et', '2008-04-05 01:42:25', '1997-07-20 10:18:47');
INSERT INTO `media_types` (`id`, `name`, `created_at`, `updated_at`) VALUES ('8', 'praesentium', '2016-11-15 15:08:25', '1983-07-14 00:02:02');
INSERT INTO `media_types` (`id`, `name`, `created_at`, `updated_at`) VALUES ('9', 'aperiam', '1993-11-30 22:12:18', '1981-02-07 12:39:01');
INSERT INTO `media_types` (`id`, `name`, `created_at`, `updated_at`) VALUES ('10', 'quia', '1980-09-08 04:02:02', '1978-01-15 21:37:11');
INSERT INTO `media_types` (`id`, `name`, `created_at`, `updated_at`) VALUES ('11', 'deleniti', '1970-03-26 02:27:03', '1972-04-13 08:26:46');
INSERT INTO `media_types` (`id`, `name`, `created_at`, `updated_at`) VALUES ('12', 'temporibus', '1983-12-29 17:06:05', '1994-05-18 13:58:53');
INSERT INTO `media_types` (`id`, `name`, `created_at`, `updated_at`) VALUES ('13', 'incidunt', '2015-05-15 21:24:32', '2001-09-16 18:52:53');
INSERT INTO `media_types` (`id`, `name`, `created_at`, `updated_at`) VALUES ('14', 'a', '1998-07-08 22:40:31', '1977-03-03 19:26:21');
INSERT INTO `media_types` (`id`, `name`, `created_at`, `updated_at`) VALUES ('15', 'provident', '1992-09-08 01:54:06', '2007-05-22 16:11:35');
INSERT INTO `media_types` (`id`, `name`, `created_at`, `updated_at`) VALUES ('16', 'nam', '1996-01-25 14:07:04', '1998-11-09 06:37:35');
INSERT INTO `media_types` (`id`, `name`, `created_at`, `updated_at`) VALUES ('17', 'laudantium', '1999-09-13 19:40:18', '1983-03-23 15:16:59');
INSERT INTO `media_types` (`id`, `name`, `created_at`, `updated_at`) VALUES ('18', 'reprehenderit', '1999-06-23 07:43:10', '1982-04-11 20:12:31');
INSERT INTO `media_types` (`id`, `name`, `created_at`, `updated_at`) VALUES ('19', 'eaque', '1976-06-04 06:52:18', '1987-08-18 09:28:30');
INSERT INTO `media_types` (`id`, `name`, `created_at`, `updated_at`) VALUES ('20', 'occaecati', '2007-01-30 17:18:19', '1976-10-02 05:28:44');
INSERT INTO `media_types` (`id`, `name`, `created_at`, `updated_at`) VALUES ('21', 'dolor', '1986-04-09 02:59:03', '2010-09-26 17:08:02');
INSERT INTO `media_types` (`id`, `name`, `created_at`, `updated_at`) VALUES ('22', 'autem', '1984-09-20 18:58:05', '2013-06-17 23:53:14');
INSERT INTO `media_types` (`id`, `name`, `created_at`, `updated_at`) VALUES ('23', 'veritatis', '2000-07-23 11:48:26', '1976-01-01 01:42:28');
INSERT INTO `media_types` (`id`, `name`, `created_at`, `updated_at`) VALUES ('24', 'aut', '1995-09-17 05:52:40', '2004-08-31 19:38:51');
INSERT INTO `media_types` (`id`, `name`, `created_at`, `updated_at`) VALUES ('25', 'aut', '1991-11-29 21:33:31', '1970-11-23 02:45:15');
INSERT INTO `media_types` (`id`, `name`, `created_at`, `updated_at`) VALUES ('26', 'eos', '1973-11-10 20:25:09', '1972-04-08 10:45:34');
INSERT INTO `media_types` (`id`, `name`, `created_at`, `updated_at`) VALUES ('27', 'soluta', '1985-07-17 12:19:32', '1988-02-16 07:24:16');
INSERT INTO `media_types` (`id`, `name`, `created_at`, `updated_at`) VALUES ('28', 'culpa', '1973-01-31 14:14:13', '2010-05-30 14:39:58');
INSERT INTO `media_types` (`id`, `name`, `created_at`, `updated_at`) VALUES ('29', 'velit', '2003-08-20 07:09:36', '1988-03-14 04:56:42');
INSERT INTO `media_types` (`id`, `name`, `created_at`, `updated_at`) VALUES ('30', 'nobis', '1977-02-14 21:27:05', '2009-12-10 09:22:23');
INSERT INTO `media_types` (`id`, `name`, `created_at`, `updated_at`) VALUES ('31', 'hic', '2017-02-01 16:57:01', '1986-10-06 07:23:26');
INSERT INTO `media_types` (`id`, `name`, `created_at`, `updated_at`) VALUES ('32', 'nisi', '1972-06-07 13:41:32', '1999-05-27 21:11:54');
INSERT INTO `media_types` (`id`, `name`, `created_at`, `updated_at`) VALUES ('33', 'doloribus', '1986-07-31 13:27:55', '1992-11-10 08:38:18');
INSERT INTO `media_types` (`id`, `name`, `created_at`, `updated_at`) VALUES ('34', 'nemo', '2012-01-05 20:51:17', '1978-02-27 07:39:11');
INSERT INTO `media_types` (`id`, `name`, `created_at`, `updated_at`) VALUES ('35', 'exercitationem', '2016-12-13 08:17:42', '1974-08-05 04:32:38');
INSERT INTO `media_types` (`id`, `name`, `created_at`, `updated_at`) VALUES ('36', 'provident', '1974-02-03 03:41:30', '2005-10-18 14:02:26');
INSERT INTO `media_types` (`id`, `name`, `created_at`, `updated_at`) VALUES ('37', 'aut', '2018-03-03 04:43:36', '1991-01-15 09:09:44');
INSERT INTO `media_types` (`id`, `name`, `created_at`, `updated_at`) VALUES ('38', 'est', '1984-10-23 07:16:10', '1992-01-26 13:27:56');
INSERT INTO `media_types` (`id`, `name`, `created_at`, `updated_at`) VALUES ('39', 'sint', '1993-01-08 14:41:27', '1988-05-06 15:48:14');
INSERT INTO `media_types` (`id`, `name`, `created_at`, `updated_at`) VALUES ('40', 'sapiente', '1993-03-17 00:00:04', '1997-05-02 16:36:31');
INSERT INTO `media_types` (`id`, `name`, `created_at`, `updated_at`) VALUES ('41', 'omnis', '2018-01-19 08:34:02', '2011-08-11 07:42:25');
INSERT INTO `media_types` (`id`, `name`, `created_at`, `updated_at`) VALUES ('42', 'et', '2015-05-28 09:40:48', '1982-09-05 20:09:12');
INSERT INTO `media_types` (`id`, `name`, `created_at`, `updated_at`) VALUES ('43', 'voluptatum', '1989-08-10 08:02:08', '2010-06-01 18:29:48');
INSERT INTO `media_types` (`id`, `name`, `created_at`, `updated_at`) VALUES ('44', 'sint', '1979-12-14 03:37:01', '2013-11-10 17:04:07');
INSERT INTO `media_types` (`id`, `name`, `created_at`, `updated_at`) VALUES ('45', 'consequuntur', '2003-10-31 18:12:19', '1981-03-20 16:02:18');
INSERT INTO `media_types` (`id`, `name`, `created_at`, `updated_at`) VALUES ('46', 'optio', '2008-02-03 13:57:46', '2013-07-22 23:33:02');
INSERT INTO `media_types` (`id`, `name`, `created_at`, `updated_at`) VALUES ('47', 'illum', '2000-07-26 18:36:03', '1974-02-06 20:44:34');
INSERT INTO `media_types` (`id`, `name`, `created_at`, `updated_at`) VALUES ('48', 'voluptates', '2007-12-06 18:10:11', '2003-12-23 07:56:22');
INSERT INTO `media_types` (`id`, `name`, `created_at`, `updated_at`) VALUES ('49', 'aliquam', '1996-12-28 20:50:16', '1983-11-20 03:20:06');
INSERT INTO `media_types` (`id`, `name`, `created_at`, `updated_at`) VALUES ('50', 'possimus', '1983-02-10 20:10:17', '2005-10-03 20:03:11');
INSERT INTO `media_types` (`id`, `name`, `created_at`, `updated_at`) VALUES ('51', 'praesentium', '2007-01-30 08:31:35', '1991-01-26 02:23:35');
INSERT INTO `media_types` (`id`, `name`, `created_at`, `updated_at`) VALUES ('52', 'qui', '2012-05-18 10:23:08', '1972-12-15 06:15:58');
INSERT INTO `media_types` (`id`, `name`, `created_at`, `updated_at`) VALUES ('53', 'dolores', '1993-05-19 12:23:57', '2003-06-05 12:50:38');
INSERT INTO `media_types` (`id`, `name`, `created_at`, `updated_at`) VALUES ('54', 'qui', '1990-03-04 23:54:21', '2019-06-30 16:30:31');
INSERT INTO `media_types` (`id`, `name`, `created_at`, `updated_at`) VALUES ('55', 'quaerat', '1999-08-05 15:21:48', '2009-01-09 14:03:22');
INSERT INTO `media_types` (`id`, `name`, `created_at`, `updated_at`) VALUES ('56', 'atque', '1983-07-07 08:32:30', '2014-04-26 16:43:24');
INSERT INTO `media_types` (`id`, `name`, `created_at`, `updated_at`) VALUES ('57', 'quisquam', '2008-03-07 13:00:34', '1981-10-17 16:09:45');
INSERT INTO `media_types` (`id`, `name`, `created_at`, `updated_at`) VALUES ('58', 'deserunt', '1970-09-19 03:09:27', '2018-06-06 09:31:40');
INSERT INTO `media_types` (`id`, `name`, `created_at`, `updated_at`) VALUES ('59', 'quis', '1977-06-10 04:16:31', '1976-09-04 04:24:14');
INSERT INTO `media_types` (`id`, `name`, `created_at`, `updated_at`) VALUES ('60', 'autem', '1970-01-18 07:58:54', '1993-03-27 03:18:12');
INSERT INTO `media_types` (`id`, `name`, `created_at`, `updated_at`) VALUES ('61', 'officiis', '1999-07-17 11:01:30', '2007-11-16 17:38:34');
INSERT INTO `media_types` (`id`, `name`, `created_at`, `updated_at`) VALUES ('62', 'amet', '2008-05-25 12:34:06', '1976-08-02 11:49:20');
INSERT INTO `media_types` (`id`, `name`, `created_at`, `updated_at`) VALUES ('63', 'qui', '1979-12-28 10:41:26', '2006-10-28 18:04:19');
INSERT INTO `media_types` (`id`, `name`, `created_at`, `updated_at`) VALUES ('64', 'qui', '1992-04-25 17:29:09', '2017-10-16 01:00:33');
INSERT INTO `media_types` (`id`, `name`, `created_at`, `updated_at`) VALUES ('65', 'dolorem', '2017-06-11 13:18:33', '1979-10-16 07:46:14');
INSERT INTO `media_types` (`id`, `name`, `created_at`, `updated_at`) VALUES ('66', 'natus', '2002-12-16 11:21:54', '1993-10-16 19:17:50');
INSERT INTO `media_types` (`id`, `name`, `created_at`, `updated_at`) VALUES ('67', 'eum', '2013-12-28 12:14:47', '2003-01-02 10:44:27');
INSERT INTO `media_types` (`id`, `name`, `created_at`, `updated_at`) VALUES ('68', 'aliquam', '2012-11-24 00:48:31', '1992-08-05 17:00:51');
INSERT INTO `media_types` (`id`, `name`, `created_at`, `updated_at`) VALUES ('69', 'eveniet', '2013-02-23 11:13:28', '1980-11-23 16:46:38');
INSERT INTO `media_types` (`id`, `name`, `created_at`, `updated_at`) VALUES ('70', 'non', '2004-10-02 16:47:46', '2018-03-21 18:36:19');
INSERT INTO `media_types` (`id`, `name`, `created_at`, `updated_at`) VALUES ('71', 'atque', '1990-02-14 04:22:47', '1985-08-11 01:15:27');
INSERT INTO `media_types` (`id`, `name`, `created_at`, `updated_at`) VALUES ('72', 'debitis', '1970-07-18 08:59:36', '2003-01-09 14:39:44');
INSERT INTO `media_types` (`id`, `name`, `created_at`, `updated_at`) VALUES ('73', 'omnis', '1997-02-12 14:28:34', '1981-04-27 22:58:36');
INSERT INTO `media_types` (`id`, `name`, `created_at`, `updated_at`) VALUES ('74', 'provident', '1992-08-15 18:42:05', '1972-03-20 00:46:34');
INSERT INTO `media_types` (`id`, `name`, `created_at`, `updated_at`) VALUES ('75', 'corrupti', '1991-11-07 16:44:32', '1992-09-03 08:32:01');
INSERT INTO `media_types` (`id`, `name`, `created_at`, `updated_at`) VALUES ('76', 'dolor', '1990-05-07 21:51:00', '2009-10-21 10:12:01');
INSERT INTO `media_types` (`id`, `name`, `created_at`, `updated_at`) VALUES ('77', 'quisquam', '2007-01-04 00:19:16', '1990-03-20 04:00:47');
INSERT INTO `media_types` (`id`, `name`, `created_at`, `updated_at`) VALUES ('78', 'aut', '2017-10-02 19:50:11', '2003-02-04 22:16:41');
INSERT INTO `media_types` (`id`, `name`, `created_at`, `updated_at`) VALUES ('79', 'non', '2007-01-17 10:37:20', '1991-01-02 00:54:12');
INSERT INTO `media_types` (`id`, `name`, `created_at`, `updated_at`) VALUES ('80', 'sapiente', '2001-06-30 21:29:33', '1970-09-10 04:39:32');
INSERT INTO `media_types` (`id`, `name`, `created_at`, `updated_at`) VALUES ('81', 'nostrum', '1989-05-09 03:57:39', '2010-06-28 22:53:13');
INSERT INTO `media_types` (`id`, `name`, `created_at`, `updated_at`) VALUES ('82', 'voluptatum', '1973-04-03 04:08:29', '1987-08-16 02:46:17');
INSERT INTO `media_types` (`id`, `name`, `created_at`, `updated_at`) VALUES ('83', 'qui', '1981-06-09 21:05:50', '2018-08-16 08:20:15');
INSERT INTO `media_types` (`id`, `name`, `created_at`, `updated_at`) VALUES ('84', 'in', '1988-07-04 19:42:35', '1992-03-24 07:18:59');
INSERT INTO `media_types` (`id`, `name`, `created_at`, `updated_at`) VALUES ('85', 'ut', '1983-06-06 21:54:41', '2009-10-20 03:02:50');
INSERT INTO `media_types` (`id`, `name`, `created_at`, `updated_at`) VALUES ('86', 'nemo', '2003-10-12 08:20:55', '1971-09-04 23:39:32');
INSERT INTO `media_types` (`id`, `name`, `created_at`, `updated_at`) VALUES ('87', 'magni', '2019-03-05 08:50:35', '2006-09-15 09:07:34');
INSERT INTO `media_types` (`id`, `name`, `created_at`, `updated_at`) VALUES ('88', 'accusantium', '1980-08-28 21:39:25', '1976-08-13 09:41:42');
INSERT INTO `media_types` (`id`, `name`, `created_at`, `updated_at`) VALUES ('89', 'omnis', '1991-01-23 20:51:38', '1998-06-03 19:17:49');
INSERT INTO `media_types` (`id`, `name`, `created_at`, `updated_at`) VALUES ('90', 'cupiditate', '1996-01-25 07:23:49', '1980-10-26 09:38:04');
INSERT INTO `media_types` (`id`, `name`, `created_at`, `updated_at`) VALUES ('91', 'quo', '2008-08-14 06:31:10', '1970-11-05 21:02:44');
INSERT INTO `media_types` (`id`, `name`, `created_at`, `updated_at`) VALUES ('92', 'molestiae', '2004-10-06 04:59:00', '2015-08-13 09:30:52');
INSERT INTO `media_types` (`id`, `name`, `created_at`, `updated_at`) VALUES ('93', 'architecto', '1986-11-01 01:30:02', '1972-03-09 12:36:34');
INSERT INTO `media_types` (`id`, `name`, `created_at`, `updated_at`) VALUES ('94', 'natus', '2008-01-05 04:44:21', '1972-02-26 23:35:46');
INSERT INTO `media_types` (`id`, `name`, `created_at`, `updated_at`) VALUES ('95', 'officiis', '1982-01-04 05:00:06', '1989-08-15 02:26:24');
INSERT INTO `media_types` (`id`, `name`, `created_at`, `updated_at`) VALUES ('96', 'id', '2003-03-17 01:22:03', '2003-06-10 03:26:44');
INSERT INTO `media_types` (`id`, `name`, `created_at`, `updated_at`) VALUES ('97', 'accusantium', '2003-12-22 12:34:47', '1976-07-15 15:10:02');
INSERT INTO `media_types` (`id`, `name`, `created_at`, `updated_at`) VALUES ('98', 'deserunt', '2004-07-03 15:11:18', '2017-10-13 11:24:48');
INSERT INTO `media_types` (`id`, `name`, `created_at`, `updated_at`) VALUES ('99', 'perspiciatis', '2019-07-23 15:24:54', '2017-02-15 13:00:40');
INSERT INTO `media_types` (`id`, `name`, `created_at`, `updated_at`) VALUES ('100', 'autem', '2017-04-13 13:21:30', '1996-02-12 12:45:37');


#
# TABLE STRUCTURE FOR: messages
#

DROP TABLE IF EXISTS `messages`;

CREATE TABLE `messages` (
  `id` bigint(20) unsigned NOT NULL AUTO_INCREMENT,
  `from_user_id` bigint(20) unsigned NOT NULL,
  `to_user_id` bigint(20) unsigned NOT NULL,
  `body` text COLLATE utf8_unicode_ci DEFAULT NULL,
  `created_at` datetime DEFAULT current_timestamp(),
  PRIMARY KEY (`id`),
  KEY `from_user_id` (`from_user_id`),
  KEY `to_user_id` (`to_user_id`),
  CONSTRAINT `messages_ibfk_1` FOREIGN KEY (`from_user_id`) REFERENCES `users` (`id`),
  CONSTRAINT `messages_ibfk_2` FOREIGN KEY (`to_user_id`) REFERENCES `users` (`id`)
) ENGINE=InnoDB AUTO_INCREMENT=101 DEFAULT CHARSET=utf8 COLLATE=utf8_unicode_ci;

INSERT INTO `messages` (`id`, `from_user_id`, `to_user_id`, `body`, `created_at`) VALUES ('1', '1', '1', 'Praesentium impedit quia dolor neque ea iusto. Aut tenetur voluptatem qui quaerat.', '2014-09-14 22:47:06');
INSERT INTO `messages` (`id`, `from_user_id`, `to_user_id`, `body`, `created_at`) VALUES ('2', '2', '2', 'Reiciendis aliquid consequatur nostrum. Voluptates aperiam et voluptas molestias rerum ut cupiditate. Officiis ullam dolorum consectetur perferendis. Facere beatae corporis doloribus voluptas sed voluptatibus.', '2000-05-11 14:57:27');
INSERT INTO `messages` (`id`, `from_user_id`, `to_user_id`, `body`, `created_at`) VALUES ('3', '3', '3', 'Deserunt reiciendis qui ad laboriosam. Et sint ipsa a velit. Vero qui quas doloremque laudantium harum sed.', '2012-02-16 19:02:27');
INSERT INTO `messages` (`id`, `from_user_id`, `to_user_id`, `body`, `created_at`) VALUES ('4', '4', '4', 'Aut rem eum dignissimos aut eius illo quaerat. Suscipit nemo voluptas quae beatae minus at. Voluptatem quaerat voluptates voluptatem porro et.', '2001-04-22 09:20:33');
INSERT INTO `messages` (`id`, `from_user_id`, `to_user_id`, `body`, `created_at`) VALUES ('5', '5', '5', 'Tempore quaerat enim eos dignissimos dicta quidem soluta. Corporis hic consequatur alias molestiae cumque expedita repudiandae. At at quis magni amet delectus officia.', '2008-05-05 02:59:41');
INSERT INTO `messages` (`id`, `from_user_id`, `to_user_id`, `body`, `created_at`) VALUES ('6', '6', '6', 'Necessitatibus distinctio sit voluptates id eaque ad voluptatem. Veniam veniam est voluptatibus hic id voluptatum. Quo eligendi et dolores beatae. Excepturi inventore quia perferendis dolorum esse et et.', '1976-07-15 17:44:28');
INSERT INTO `messages` (`id`, `from_user_id`, `to_user_id`, `body`, `created_at`) VALUES ('7', '7', '7', 'Id sit ea tenetur placeat neque. Sunt quia necessitatibus fugit esse sequi quasi. Et est inventore saepe assumenda.', '1989-04-19 04:38:23');
INSERT INTO `messages` (`id`, `from_user_id`, `to_user_id`, `body`, `created_at`) VALUES ('8', '8', '8', 'Quo debitis beatae eos. Omnis ea ratione aut. Eveniet natus officiis excepturi dignissimos. Vel voluptatem vel doloribus nulla tenetur voluptas quod.', '2007-10-16 04:36:45');
INSERT INTO `messages` (`id`, `from_user_id`, `to_user_id`, `body`, `created_at`) VALUES ('9', '9', '9', 'Tenetur enim ea quod facere et. Perspiciatis qui sapiente nihil et qui. Et est voluptate quo repellendus. Est dolor rerum nemo a maiores inventore rem.', '1983-08-26 17:41:13');
INSERT INTO `messages` (`id`, `from_user_id`, `to_user_id`, `body`, `created_at`) VALUES ('10', '10', '10', 'Alias non dolor voluptas nesciunt id. Quia hic nemo et eos. In nobis rerum incidunt et est. Optio dolorem non delectus facere.', '1994-04-19 07:10:54');
INSERT INTO `messages` (`id`, `from_user_id`, `to_user_id`, `body`, `created_at`) VALUES ('11', '11', '11', 'Quo atque assumenda nam totam sunt id ex. Repellat magnam veniam eaque minima accusantium laboriosam. Mollitia qui dignissimos corporis saepe ut rem repudiandae. Adipisci voluptas in sed quod quia sit praesentium.', '1992-06-18 10:50:15');
INSERT INTO `messages` (`id`, `from_user_id`, `to_user_id`, `body`, `created_at`) VALUES ('12', '12', '12', 'In est illo explicabo excepturi mollitia. Asperiores delectus veritatis accusantium qui eveniet. Sed enim eum consequatur nostrum sint alias ratione. Ab doloribus quaerat officia ut dolorum eos. Dolorem dolores adipisci et maiores assumenda.', '1973-03-27 02:58:07');
INSERT INTO `messages` (`id`, `from_user_id`, `to_user_id`, `body`, `created_at`) VALUES ('13', '13', '13', 'Est quisquam maiores aspernatur. Dolores consequatur perferendis necessitatibus magni enim itaque est consequatur.', '2015-07-16 10:31:31');
INSERT INTO `messages` (`id`, `from_user_id`, `to_user_id`, `body`, `created_at`) VALUES ('14', '14', '14', 'Ipsa quo non in sunt ad dolorem aperiam molestiae. Voluptatibus rerum nam id voluptatum sunt neque. Incidunt fugiat voluptatem eos corrupti saepe omnis et voluptas. Eos eum totam nihil non voluptatem minima.', '1978-05-15 07:43:55');
INSERT INTO `messages` (`id`, `from_user_id`, `to_user_id`, `body`, `created_at`) VALUES ('15', '15', '15', 'Illo reprehenderit non ipsa a consequatur non. Reprehenderit non dolores sit vero. Necessitatibus doloremque consequatur molestiae illum dolor. Incidunt nam quidem culpa impedit maiores laborum. Ea neque aut tempore eos quia et ratione omnis.', '2012-12-28 07:00:38');
INSERT INTO `messages` (`id`, `from_user_id`, `to_user_id`, `body`, `created_at`) VALUES ('16', '16', '16', 'Vel sunt repellat neque facilis architecto. Qui voluptas amet at voluptatum sint. Et dolores aut velit ullam fugiat voluptatum optio.', '1995-10-29 15:51:13');
INSERT INTO `messages` (`id`, `from_user_id`, `to_user_id`, `body`, `created_at`) VALUES ('17', '17', '17', 'Vitae suscipit rem iste iste commodi asperiores. Qui dolor velit eos animi porro. Dolores et nulla velit corporis doloremque.', '2001-04-15 09:40:58');
INSERT INTO `messages` (`id`, `from_user_id`, `to_user_id`, `body`, `created_at`) VALUES ('18', '18', '18', 'Quaerat aliquid autem dolore dolorum sequi est exercitationem. Delectus repellat odit voluptates ut omnis molestiae. Doloremque iusto impedit aliquid.', '2015-09-29 00:11:50');
INSERT INTO `messages` (`id`, `from_user_id`, `to_user_id`, `body`, `created_at`) VALUES ('19', '19', '19', 'Ab consequatur provident quidem sit earum quasi voluptatem sunt. Consequuntur sunt necessitatibus impedit nobis modi. Fugit harum porro iure.', '1993-10-15 07:16:27');
INSERT INTO `messages` (`id`, `from_user_id`, `to_user_id`, `body`, `created_at`) VALUES ('20', '20', '20', 'Libero sunt dolorum et iure quasi. Aliquid voluptatem eius sapiente iure. Dolor rerum eum occaecati repellat accusantium.', '1998-02-24 02:29:20');
INSERT INTO `messages` (`id`, `from_user_id`, `to_user_id`, `body`, `created_at`) VALUES ('21', '21', '21', 'Occaecati error molestiae consequatur. Blanditiis ut et quia. Illo sapiente perspiciatis aperiam molestiae.', '1972-10-16 10:03:42');
INSERT INTO `messages` (`id`, `from_user_id`, `to_user_id`, `body`, `created_at`) VALUES ('22', '22', '22', 'Quibusdam dolore porro nobis. Laborum mollitia et ab voluptas et doloribus sint. Eum incidunt excepturi voluptas repellendus. Laborum qui consequatur dolores porro tenetur.', '1984-05-27 03:59:52');
INSERT INTO `messages` (`id`, `from_user_id`, `to_user_id`, `body`, `created_at`) VALUES ('23', '23', '23', 'Dicta quaerat autem repellat consequatur aut. Est dolor eaque nobis animi ex ea blanditiis autem. Temporibus a voluptatum id nesciunt.', '1971-12-22 00:26:01');
INSERT INTO `messages` (`id`, `from_user_id`, `to_user_id`, `body`, `created_at`) VALUES ('24', '24', '24', 'Aut totam non similique enim. Ut dolores necessitatibus explicabo sunt temporibus. Enim cupiditate deserunt id hic sint laborum.', '1997-10-13 06:20:24');
INSERT INTO `messages` (`id`, `from_user_id`, `to_user_id`, `body`, `created_at`) VALUES ('25', '25', '25', 'Aut dolor incidunt voluptate aut aut optio. Vel velit quis beatae eum dolor esse. Non omnis exercitationem distinctio autem perspiciatis.', '1980-07-26 23:26:48');
INSERT INTO `messages` (`id`, `from_user_id`, `to_user_id`, `body`, `created_at`) VALUES ('26', '26', '26', 'Dolorem aut repellendus doloribus facilis voluptatem commodi. Esse facere doloribus quod et. Omnis dolor animi autem neque in recusandae eligendi ipsa. Non dolor vel quia voluptatem nam quia.', '2001-04-08 06:37:02');
INSERT INTO `messages` (`id`, `from_user_id`, `to_user_id`, `body`, `created_at`) VALUES ('27', '27', '27', 'Voluptas molestiae et repudiandae dolores omnis. Quod voluptatem impedit voluptatibus ea dolorem voluptatum.', '1994-09-15 02:38:31');
INSERT INTO `messages` (`id`, `from_user_id`, `to_user_id`, `body`, `created_at`) VALUES ('28', '28', '28', 'Neque rerum inventore dolorem magni ipsa. Doloribus modi doloribus odio repellat. Quisquam ut rerum ex ut. Voluptatibus quos ex totam ut reprehenderit et.', '1977-01-12 19:18:06');
INSERT INTO `messages` (`id`, `from_user_id`, `to_user_id`, `body`, `created_at`) VALUES ('29', '29', '29', 'Impedit cumque praesentium magnam enim. Quae magnam repudiandae molestiae ipsa porro. In consectetur dolores recusandae a veniam tempora aliquam iste. Ducimus distinctio optio earum rerum ipsam.', '2016-09-23 08:40:45');
INSERT INTO `messages` (`id`, `from_user_id`, `to_user_id`, `body`, `created_at`) VALUES ('30', '30', '30', 'Vel inventore impedit vitae sint magnam a. Laborum sunt delectus fugit reiciendis amet quas. Aperiam velit quis ut suscipit tempore amet. Est sint voluptate ut officiis molestiae.', '2007-11-29 03:39:50');
INSERT INTO `messages` (`id`, `from_user_id`, `to_user_id`, `body`, `created_at`) VALUES ('31', '31', '31', 'Explicabo nisi et dolorem eius facilis sint. Modi ut aut maiores vel neque quos consectetur. Atque nulla impedit qui.', '1982-03-10 19:43:09');
INSERT INTO `messages` (`id`, `from_user_id`, `to_user_id`, `body`, `created_at`) VALUES ('32', '32', '32', 'Optio et fugit velit. Corrupti dolore explicabo rerum voluptatum suscipit labore dolor. Quidem non laudantium nobis unde architecto eligendi. Accusantium ducimus dignissimos quam et. Numquam sit rem consectetur fugiat et.', '1989-07-03 09:13:24');
INSERT INTO `messages` (`id`, `from_user_id`, `to_user_id`, `body`, `created_at`) VALUES ('33', '33', '33', 'Tempore fuga quia iste. Accusantium maxime magnam laboriosam. Quisquam qui ut deserunt eveniet ratione fuga veniam. Id praesentium suscipit voluptatum repellendus beatae.', '1993-09-07 03:15:45');
INSERT INTO `messages` (`id`, `from_user_id`, `to_user_id`, `body`, `created_at`) VALUES ('34', '34', '34', 'Mollitia dicta deleniti sint eum quia alias id. Voluptatibus facere eius velit. Aut hic minus et ipsum.', '1980-04-12 04:49:01');
INSERT INTO `messages` (`id`, `from_user_id`, `to_user_id`, `body`, `created_at`) VALUES ('35', '35', '35', 'Libero corrupti quibusdam vel sit asperiores similique velit. Ut nihil id provident dolorem id. Illo architecto vitae sed soluta eos exercitationem voluptatem. Ut eveniet rem corrupti soluta. Officia velit numquam quis deleniti.', '2008-01-13 16:02:03');
INSERT INTO `messages` (`id`, `from_user_id`, `to_user_id`, `body`, `created_at`) VALUES ('36', '36', '36', 'Dolorum maiores commodi sed ut est impedit reiciendis. Accusamus magni modi rerum libero neque. Tenetur quia nihil molestiae sunt. Assumenda rerum molestiae dicta aut laborum unde animi.', '1993-01-01 10:29:28');
INSERT INTO `messages` (`id`, `from_user_id`, `to_user_id`, `body`, `created_at`) VALUES ('37', '37', '37', 'Delectus laudantium non in itaque. Iusto officia nobis ut maiores. Aut molestiae iure nemo laudantium quo rerum.', '1993-09-29 22:41:22');
INSERT INTO `messages` (`id`, `from_user_id`, `to_user_id`, `body`, `created_at`) VALUES ('38', '38', '38', 'Magnam rem eaque qui ipsum magni. Nesciunt beatae id minus eos eos. Voluptas quia quo suscipit. Ducimus maiores placeat est aut iste ad dolore.', '1985-11-16 07:41:42');
INSERT INTO `messages` (`id`, `from_user_id`, `to_user_id`, `body`, `created_at`) VALUES ('39', '39', '39', 'Esse cupiditate fugiat nulla et et. Reprehenderit dolorem quis reprehenderit aliquam.', '2013-06-26 10:41:56');
INSERT INTO `messages` (`id`, `from_user_id`, `to_user_id`, `body`, `created_at`) VALUES ('40', '40', '40', 'Dolor enim quidem corporis eum quo rem voluptas. Eligendi sapiente ex id eaque. Impedit quaerat pariatur et.', '1993-11-22 22:03:49');
INSERT INTO `messages` (`id`, `from_user_id`, `to_user_id`, `body`, `created_at`) VALUES ('41', '41', '41', 'Molestiae quasi ipsum reiciendis perferendis ullam ut suscipit. Beatae qui dolorum nemo repudiandae. Explicabo qui vitae dolores eveniet.', '1995-07-06 13:30:50');
INSERT INTO `messages` (`id`, `from_user_id`, `to_user_id`, `body`, `created_at`) VALUES ('42', '42', '42', 'Occaecati delectus repellat officia omnis quia. Amet a perspiciatis magni sed. Maiores qui incidunt laborum libero qui ea. Sit voluptas veniam dolorem commodi consectetur voluptatem sunt.', '2002-04-01 11:14:33');
INSERT INTO `messages` (`id`, `from_user_id`, `to_user_id`, `body`, `created_at`) VALUES ('43', '43', '43', 'Amet ea harum perspiciatis animi explicabo nam aut. Nulla blanditiis ex voluptatem porro. Maxime nisi ipsam autem aliquam vel.', '2005-08-13 05:22:41');
INSERT INTO `messages` (`id`, `from_user_id`, `to_user_id`, `body`, `created_at`) VALUES ('44', '44', '44', 'Vitae dolorum aut possimus sapiente. Dolorum quas iure fuga. Deserunt labore ratione sapiente assumenda amet ea et.', '1991-11-13 01:53:25');
INSERT INTO `messages` (`id`, `from_user_id`, `to_user_id`, `body`, `created_at`) VALUES ('45', '45', '45', 'Dignissimos voluptatibus natus et quia. Ab ut nam veniam sed. Vitae officia deserunt rerum.', '1971-03-06 22:37:36');
INSERT INTO `messages` (`id`, `from_user_id`, `to_user_id`, `body`, `created_at`) VALUES ('46', '46', '46', 'Facere animi veniam maxime adipisci id et. Aut fugiat nemo inventore veniam earum vel molestiae nam. Ratione fugiat aut id aut non nostrum. Aspernatur assumenda et itaque consequatur quaerat quisquam.', '1979-05-13 07:57:18');
INSERT INTO `messages` (`id`, `from_user_id`, `to_user_id`, `body`, `created_at`) VALUES ('47', '47', '47', 'Nesciunt in non asperiores. Quae quae nisi dignissimos commodi occaecati placeat vel. Nulla similique sit odit quidem. Et provident sed dolor placeat. Consequatur rem ut consectetur in.', '2002-03-21 01:54:45');
INSERT INTO `messages` (`id`, `from_user_id`, `to_user_id`, `body`, `created_at`) VALUES ('48', '48', '48', 'Non reiciendis error dolor quas. Hic qui vel eos et et. Laudantium nisi facere ut saepe nihil.', '1991-11-21 17:00:31');
INSERT INTO `messages` (`id`, `from_user_id`, `to_user_id`, `body`, `created_at`) VALUES ('49', '49', '49', 'Aut nisi exercitationem reprehenderit et maiores dolor. Provident aut quis necessitatibus iste. Quia ipsum est ut porro qui quia. Et itaque cum ut eaque.', '2000-07-11 20:36:20');
INSERT INTO `messages` (`id`, `from_user_id`, `to_user_id`, `body`, `created_at`) VALUES ('50', '50', '50', 'Praesentium animi alias dolor quod nihil quo voluptatem. In illo at et saepe eligendi non sunt. Voluptatibus ipsa qui adipisci est voluptates vel quo. Cupiditate natus suscipit est quis.', '2014-06-01 21:18:38');
INSERT INTO `messages` (`id`, `from_user_id`, `to_user_id`, `body`, `created_at`) VALUES ('51', '51', '51', 'Ut amet aut corporis. Aut fugit saepe quis accusantium delectus quia dolores molestiae. Incidunt vel et dolores velit. Sapiente esse reiciendis modi asperiores occaecati et.', '2011-12-26 08:23:16');
INSERT INTO `messages` (`id`, `from_user_id`, `to_user_id`, `body`, `created_at`) VALUES ('52', '52', '52', 'Sunt rem velit est recusandae quisquam illo ullam nihil. Ex ipsum autem cum itaque dolores. A numquam modi dolore doloribus consectetur ut consequuntur.', '2009-10-01 18:07:27');
INSERT INTO `messages` (`id`, `from_user_id`, `to_user_id`, `body`, `created_at`) VALUES ('53', '53', '53', 'Nemo distinctio et quis blanditiis facilis exercitationem quidem. Omnis tempora quo totam. Hic totam expedita illum nobis pariatur praesentium laborum.', '2004-12-08 10:02:15');
INSERT INTO `messages` (`id`, `from_user_id`, `to_user_id`, `body`, `created_at`) VALUES ('54', '54', '54', 'Temporibus eveniet et similique veritatis et quisquam. Ut aut et laboriosam in eos unde. Sunt iure voluptas maxime officiis dicta repellat est. Velit consequatur consequatur sit qui quia.', '1995-09-15 07:49:01');
INSERT INTO `messages` (`id`, `from_user_id`, `to_user_id`, `body`, `created_at`) VALUES ('55', '55', '55', 'Alias reprehenderit voluptas cum labore et autem consequuntur. Temporibus non velit et velit est.', '1983-10-25 13:02:09');
INSERT INTO `messages` (`id`, `from_user_id`, `to_user_id`, `body`, `created_at`) VALUES ('56', '56', '56', 'Iusto voluptatum similique quibusdam nobis veniam et officia. Et minima quas nulla est dolor vitae aspernatur. Omnis aliquam quibusdam dolores laudantium pariatur ut quo aut.', '1998-03-14 06:50:27');
INSERT INTO `messages` (`id`, `from_user_id`, `to_user_id`, `body`, `created_at`) VALUES ('57', '57', '57', 'Necessitatibus molestias ad dolor quae maiores reiciendis. Cum nihil ad laboriosam sed odio et. Ut consectetur laboriosam et aut fugit doloribus alias.', '1980-12-29 14:19:51');
INSERT INTO `messages` (`id`, `from_user_id`, `to_user_id`, `body`, `created_at`) VALUES ('58', '58', '58', 'Asperiores ullam a numquam quasi porro omnis. Reprehenderit sit atque dignissimos animi ad assumenda quos. Harum rerum sed autem magnam odio rerum pariatur.', '1974-08-16 07:39:53');
INSERT INTO `messages` (`id`, `from_user_id`, `to_user_id`, `body`, `created_at`) VALUES ('59', '59', '59', 'Ut dolorem similique quia voluptatibus corrupti. Dolores itaque cumque non excepturi officia id accusantium vel. Voluptatem ex dignissimos nulla expedita omnis. Ut ea maxime et praesentium dolor ea.', '1978-12-19 01:39:28');
INSERT INTO `messages` (`id`, `from_user_id`, `to_user_id`, `body`, `created_at`) VALUES ('60', '60', '60', 'Rem quisquam molestias sunt velit est. Est voluptas temporibus et impedit et exercitationem. Est aspernatur enim sit vel. Facere consectetur dicta hic sunt cupiditate.', '1981-01-05 16:21:10');
INSERT INTO `messages` (`id`, `from_user_id`, `to_user_id`, `body`, `created_at`) VALUES ('61', '61', '61', 'Eius sint earum iure dolorem voluptas ut. Et dolorum facere consequatur aut nobis nam totam. Error illo sit aut tenetur aut facere laboriosam.', '2001-11-30 18:26:28');
INSERT INTO `messages` (`id`, `from_user_id`, `to_user_id`, `body`, `created_at`) VALUES ('62', '62', '62', 'Ullam aut ducimus repellendus rerum iusto ut eos. Reprehenderit illo et cum. Molestiae libero ipsam velit reiciendis.', '1983-09-06 16:49:53');
INSERT INTO `messages` (`id`, `from_user_id`, `to_user_id`, `body`, `created_at`) VALUES ('63', '63', '63', 'Non incidunt accusamus accusantium totam molestiae qui placeat. Qui earum rerum sint facilis qui. Quas nihil non voluptas. Eveniet et explicabo maiores labore velit itaque provident inventore.', '1989-01-09 00:00:26');
INSERT INTO `messages` (`id`, `from_user_id`, `to_user_id`, `body`, `created_at`) VALUES ('64', '64', '64', 'Inventore rerum est dolorem. Labore at et ea laboriosam veniam. Dolorem incidunt voluptatem veniam et qui autem velit. Expedita nam et quos voluptatem dolorem eum laudantium. Blanditiis necessitatibus ut commodi modi consectetur provident totam tenetur.', '1985-12-06 09:48:10');
INSERT INTO `messages` (`id`, `from_user_id`, `to_user_id`, `body`, `created_at`) VALUES ('65', '65', '65', 'Corporis nulla nam quis similique velit. Animi ut voluptatem architecto quod tempore. Aut fugiat aut ullam non minus quo optio.', '1981-04-11 17:43:24');
INSERT INTO `messages` (`id`, `from_user_id`, `to_user_id`, `body`, `created_at`) VALUES ('66', '66', '66', 'Sed et adipisci et laboriosam et omnis nulla. Similique aut maiores voluptatum. Sunt minus eum non non quia. Corporis recusandae quidem sequi.', '2008-06-10 04:11:27');
INSERT INTO `messages` (`id`, `from_user_id`, `to_user_id`, `body`, `created_at`) VALUES ('67', '67', '67', 'Consequatur molestiae esse sint similique adipisci rerum. Ipsa minus unde assumenda fugit nemo. Libero et distinctio similique eveniet vel eos amet. At tempore ut voluptatum molestias sit. Quis debitis est sequi reprehenderit.', '1987-09-30 11:45:09');
INSERT INTO `messages` (`id`, `from_user_id`, `to_user_id`, `body`, `created_at`) VALUES ('68', '68', '68', 'Eius repudiandae numquam quae eos. Odio ex odit commodi aliquam quo blanditiis quis. Excepturi qui minima harum dolor laborum aut omnis. Id sapiente ut occaecati voluptas ipsam ut labore.', '1984-12-04 18:29:20');
INSERT INTO `messages` (`id`, `from_user_id`, `to_user_id`, `body`, `created_at`) VALUES ('69', '69', '69', 'Animi delectus eum quibusdam aut. Earum qui et neque vel enim ratione. Ut temporibus eum dolorem id nulla fuga. Adipisci qui sint ab ut optio exercitationem nihil temporibus.', '2012-07-05 02:27:14');
INSERT INTO `messages` (`id`, `from_user_id`, `to_user_id`, `body`, `created_at`) VALUES ('70', '70', '70', 'Quaerat accusantium rem molestiae reprehenderit ipsam rerum. Hic corporis non ut id. Quos ut dolorem sunt impedit.', '2009-08-13 21:42:02');
INSERT INTO `messages` (`id`, `from_user_id`, `to_user_id`, `body`, `created_at`) VALUES ('71', '71', '71', 'Ex et aut illum in. Dolores eius libero cupiditate aliquid eos. Nihil quidem tempora quam nisi.', '1995-12-15 11:00:36');
INSERT INTO `messages` (`id`, `from_user_id`, `to_user_id`, `body`, `created_at`) VALUES ('72', '72', '72', 'Ut et voluptatem quidem. Totam quod saepe cupiditate. Doloremque quia culpa deserunt occaecati ea ea laudantium.', '1989-06-21 08:28:23');
INSERT INTO `messages` (`id`, `from_user_id`, `to_user_id`, `body`, `created_at`) VALUES ('73', '73', '73', 'Non eum quaerat maiores necessitatibus magnam in laudantium officia. Est consequuntur amet velit aperiam molestias voluptatem omnis. Saepe nihil id voluptatem rerum dolorem qui. Aperiam exercitationem et odio voluptatem.', '1980-05-25 09:11:02');
INSERT INTO `messages` (`id`, `from_user_id`, `to_user_id`, `body`, `created_at`) VALUES ('74', '74', '74', 'Veniam in dignissimos id suscipit aut. Et placeat molestiae recusandae vel nemo. Dolores quaerat harum quo sunt dignissimos molestiae qui rem. Nam quisquam sint ipsum rerum doloribus qui.', '2019-02-08 22:19:02');
INSERT INTO `messages` (`id`, `from_user_id`, `to_user_id`, `body`, `created_at`) VALUES ('75', '75', '75', 'Nihil consectetur iure qui inventore cupiditate quia sapiente. Commodi asperiores quia modi repellat. Dolor corporis magni cupiditate quis odio excepturi.', '2011-12-30 14:05:51');
INSERT INTO `messages` (`id`, `from_user_id`, `to_user_id`, `body`, `created_at`) VALUES ('76', '76', '76', 'Voluptates architecto laudantium dignissimos blanditiis. Non consequatur qui assumenda ut sed eveniet sed voluptas. Recusandae dignissimos dolor inventore libero. Velit quod fugit corrupti id. Omnis ut rerum ut maxime qui aut.', '2013-02-11 04:10:45');
INSERT INTO `messages` (`id`, `from_user_id`, `to_user_id`, `body`, `created_at`) VALUES ('77', '77', '77', 'Est molestiae est rem corrupti sit animi harum. Et animi quisquam velit corrupti quia officiis. Soluta ratione natus vel ad debitis. Omnis modi error qui amet.', '1974-03-28 09:45:09');
INSERT INTO `messages` (`id`, `from_user_id`, `to_user_id`, `body`, `created_at`) VALUES ('78', '78', '78', 'Consequatur libero facilis deserunt velit voluptatum voluptatem officiis exercitationem. Commodi soluta numquam a neque expedita aspernatur. Minima quibusdam dolores aspernatur magni alias beatae aperiam recusandae. Maiores sunt sed velit ea tenetur ut itaque.', '2007-11-03 14:38:15');
INSERT INTO `messages` (`id`, `from_user_id`, `to_user_id`, `body`, `created_at`) VALUES ('79', '79', '79', 'Et corporis numquam explicabo aut assumenda. Ut voluptatem aut sequi consequatur. Voluptatibus repellat ratione voluptatem dignissimos earum ad. Et doloremque non ipsum praesentium consequatur.', '1996-10-19 23:08:33');
INSERT INTO `messages` (`id`, `from_user_id`, `to_user_id`, `body`, `created_at`) VALUES ('80', '80', '80', 'Possimus enim ducimus porro ipsam. Iste asperiores modi est. Ut totam vero neque maxime explicabo corporis esse. Dolores in porro illum.', '2007-12-23 17:56:22');
INSERT INTO `messages` (`id`, `from_user_id`, `to_user_id`, `body`, `created_at`) VALUES ('81', '81', '81', 'Ipsa nesciunt enim dolore laudantium. Dolorem tenetur id est rerum qui voluptas illum. Illum laborum consequatur quo ut repudiandae voluptas.', '1973-11-24 15:46:26');
INSERT INTO `messages` (`id`, `from_user_id`, `to_user_id`, `body`, `created_at`) VALUES ('82', '82', '82', 'Mollitia explicabo consectetur minus et fugit. Pariatur veniam ut ut occaecati veritatis sunt et. Autem et molestiae placeat explicabo.', '2009-08-26 11:20:21');
INSERT INTO `messages` (`id`, `from_user_id`, `to_user_id`, `body`, `created_at`) VALUES ('83', '83', '83', 'Delectus omnis voluptatum error distinctio iusto omnis tempora. Atque nemo aliquid sequi dignissimos quos consequuntur culpa. Eveniet dolor ducimus ex numquam aut. Occaecati corporis optio perspiciatis fugit laboriosam veniam corporis laudantium.', '1970-05-21 18:54:53');
INSERT INTO `messages` (`id`, `from_user_id`, `to_user_id`, `body`, `created_at`) VALUES ('84', '84', '84', 'Et maxime delectus quia et quia voluptas earum. Ut corrupti voluptatem nihil quisquam quis iusto praesentium suscipit.', '1984-09-28 15:56:42');
INSERT INTO `messages` (`id`, `from_user_id`, `to_user_id`, `body`, `created_at`) VALUES ('85', '85', '85', 'Consequatur enim quia exercitationem numquam. Debitis id consectetur optio dicta. Omnis voluptatem ex doloribus voluptates aut eum veniam dolorum. Itaque dolorem ut ut quia.', '1991-10-29 05:53:43');
INSERT INTO `messages` (`id`, `from_user_id`, `to_user_id`, `body`, `created_at`) VALUES ('86', '86', '86', 'Eos dolores velit fugit quia distinctio. Iure voluptates aliquid voluptas mollitia id. Consequatur molestiae consequatur assumenda occaecati adipisci.', '2012-10-08 14:50:38');
INSERT INTO `messages` (`id`, `from_user_id`, `to_user_id`, `body`, `created_at`) VALUES ('87', '87', '87', 'Itaque est at ut est ut. Nihil expedita error numquam tenetur aut cupiditate ut. Dolorem aliquid doloremque molestias maiores quidem animi labore.', '1983-05-17 06:28:52');
INSERT INTO `messages` (`id`, `from_user_id`, `to_user_id`, `body`, `created_at`) VALUES ('88', '88', '88', 'Sint amet omnis laudantium perspiciatis quas et maxime. Rerum sunt voluptatum vel aut. Sint veritatis aliquid numquam deleniti. Cumque rerum doloribus qui ut.', '2012-03-29 07:50:05');
INSERT INTO `messages` (`id`, `from_user_id`, `to_user_id`, `body`, `created_at`) VALUES ('89', '89', '89', 'Praesentium sed porro quos. Aliquam est iste enim cum. Quia repellendus cumque dolorem harum dolorum dicta eum.', '1974-07-26 18:24:56');
INSERT INTO `messages` (`id`, `from_user_id`, `to_user_id`, `body`, `created_at`) VALUES ('90', '90', '90', 'Eum magni voluptatem est est ex enim ut. Provident officia distinctio qui dolore.', '1982-12-06 17:46:31');
INSERT INTO `messages` (`id`, `from_user_id`, `to_user_id`, `body`, `created_at`) VALUES ('91', '91', '91', 'Iure fugit reprehenderit ad. Ea ut fugit sit ea. Quia soluta pariatur est reiciendis.', '1980-09-18 03:21:28');
INSERT INTO `messages` (`id`, `from_user_id`, `to_user_id`, `body`, `created_at`) VALUES ('92', '92', '92', 'Voluptatum sapiente ea nostrum est iste earum incidunt non. Voluptate enim nemo deleniti neque nam. Itaque maiores voluptatem quibusdam distinctio. Qui sed totam quis perferendis enim veniam molestiae.', '1997-10-27 18:24:13');
INSERT INTO `messages` (`id`, `from_user_id`, `to_user_id`, `body`, `created_at`) VALUES ('93', '93', '93', 'Eligendi suscipit maiores nisi commodi omnis reprehenderit nihil. Dolor nobis animi quas consequuntur eius. Explicabo rem expedita et eos voluptate aperiam.', '1971-10-11 19:36:31');
INSERT INTO `messages` (`id`, `from_user_id`, `to_user_id`, `body`, `created_at`) VALUES ('94', '94', '94', 'Recusandae corrupti iusto maiores facere laboriosam. Repudiandae necessitatibus sunt ut doloribus qui laborum perspiciatis. Unde molestiae ducimus et doloremque vel minus et tenetur.', '1987-12-21 13:11:06');
INSERT INTO `messages` (`id`, `from_user_id`, `to_user_id`, `body`, `created_at`) VALUES ('95', '95', '95', 'Eveniet unde nostrum nihil et voluptatibus quasi distinctio illum. Veniam eos consequatur provident reprehenderit assumenda. Magni temporibus et adipisci reiciendis delectus saepe. Aut et non ut quis. Qui molestiae quis dolor sunt eius dignissimos.', '2015-03-05 03:58:25');
INSERT INTO `messages` (`id`, `from_user_id`, `to_user_id`, `body`, `created_at`) VALUES ('96', '96', '96', 'Eligendi rerum explicabo quis. Qui explicabo consequatur est perferendis eligendi reiciendis. Eveniet saepe asperiores voluptatem quae necessitatibus molestiae neque. Est sint earum fuga fugiat qui pariatur et.', '1996-05-08 20:59:09');
INSERT INTO `messages` (`id`, `from_user_id`, `to_user_id`, `body`, `created_at`) VALUES ('97', '97', '97', 'Dolor doloribus dignissimos suscipit facilis voluptatem consectetur. Nemo laborum mollitia magni sunt. In recusandae sit iusto amet doloremque. Doloribus et laudantium officiis.', '2001-12-26 08:16:03');
INSERT INTO `messages` (`id`, `from_user_id`, `to_user_id`, `body`, `created_at`) VALUES ('98', '98', '98', 'Est quos modi vel ipsam maxime esse omnis. Qui officia non modi ut a non. Similique omnis eligendi distinctio nulla omnis voluptates totam.', '1986-10-21 17:21:42');
INSERT INTO `messages` (`id`, `from_user_id`, `to_user_id`, `body`, `created_at`) VALUES ('99', '99', '99', 'Aliquid in aut minima eos dicta quibusdam architecto. Est ex enim debitis vero ullam adipisci tempora unde. Libero ab natus delectus cum dolor at. Voluptatem itaque sint inventore sed.', '1992-09-18 19:55:31');
INSERT INTO `messages` (`id`, `from_user_id`, `to_user_id`, `body`, `created_at`) VALUES ('100', '100', '100', 'Ut eos et sit quod quisquam id. Repellendus nihil quas tenetur molestiae. Quam quaerat illum fugiat modi earum nostrum.', '1981-04-25 01:11:44');


#
# TABLE STRUCTURE FOR: photo_albums
#

DROP TABLE IF EXISTS `photo_albums`;

CREATE TABLE `photo_albums` (
  `id` bigint(20) unsigned NOT NULL AUTO_INCREMENT,
  `name` varchar(200) COLLATE utf8_unicode_ci DEFAULT NULL,
  `user_id` bigint(20) unsigned NOT NULL,
  PRIMARY KEY (`id`),
  UNIQUE KEY `id` (`id`),
  KEY `user_id` (`user_id`),
  CONSTRAINT `photo_albums_ibfk_1` FOREIGN KEY (`user_id`) REFERENCES `users` (`id`)
) ENGINE=InnoDB AUTO_INCREMENT=101 DEFAULT CHARSET=utf8 COLLATE=utf8_unicode_ci;

INSERT INTO `photo_albums` (`id`, `name`, `user_id`) VALUES ('1', 'rem', '1');
INSERT INTO `photo_albums` (`id`, `name`, `user_id`) VALUES ('2', 'voluptate', '2');
INSERT INTO `photo_albums` (`id`, `name`, `user_id`) VALUES ('3', 'cumque', '3');
INSERT INTO `photo_albums` (`id`, `name`, `user_id`) VALUES ('4', 'non', '4');
INSERT INTO `photo_albums` (`id`, `name`, `user_id`) VALUES ('5', 'quidem', '5');
INSERT INTO `photo_albums` (`id`, `name`, `user_id`) VALUES ('6', 'voluptatem', '6');
INSERT INTO `photo_albums` (`id`, `name`, `user_id`) VALUES ('7', 'et', '7');
INSERT INTO `photo_albums` (`id`, `name`, `user_id`) VALUES ('8', 'ab', '8');
INSERT INTO `photo_albums` (`id`, `name`, `user_id`) VALUES ('9', 'delectus', '9');
INSERT INTO `photo_albums` (`id`, `name`, `user_id`) VALUES ('10', 'quaerat', '10');
INSERT INTO `photo_albums` (`id`, `name`, `user_id`) VALUES ('11', 'tempore', '11');
INSERT INTO `photo_albums` (`id`, `name`, `user_id`) VALUES ('12', 'qui', '12');
INSERT INTO `photo_albums` (`id`, `name`, `user_id`) VALUES ('13', 'laboriosam', '13');
INSERT INTO `photo_albums` (`id`, `name`, `user_id`) VALUES ('14', 'facilis', '14');
INSERT INTO `photo_albums` (`id`, `name`, `user_id`) VALUES ('15', 'aut', '15');
INSERT INTO `photo_albums` (`id`, `name`, `user_id`) VALUES ('16', 'porro', '16');
INSERT INTO `photo_albums` (`id`, `name`, `user_id`) VALUES ('17', 'rem', '17');
INSERT INTO `photo_albums` (`id`, `name`, `user_id`) VALUES ('18', 'beatae', '18');
INSERT INTO `photo_albums` (`id`, `name`, `user_id`) VALUES ('19', 'impedit', '19');
INSERT INTO `photo_albums` (`id`, `name`, `user_id`) VALUES ('20', 'omnis', '20');
INSERT INTO `photo_albums` (`id`, `name`, `user_id`) VALUES ('21', 'ut', '21');
INSERT INTO `photo_albums` (`id`, `name`, `user_id`) VALUES ('22', 'voluptatem', '22');
INSERT INTO `photo_albums` (`id`, `name`, `user_id`) VALUES ('23', 'delectus', '23');
INSERT INTO `photo_albums` (`id`, `name`, `user_id`) VALUES ('24', 'voluptatem', '24');
INSERT INTO `photo_albums` (`id`, `name`, `user_id`) VALUES ('25', 'dolor', '25');
INSERT INTO `photo_albums` (`id`, `name`, `user_id`) VALUES ('26', 'necessitatibus', '26');
INSERT INTO `photo_albums` (`id`, `name`, `user_id`) VALUES ('27', 'in', '27');
INSERT INTO `photo_albums` (`id`, `name`, `user_id`) VALUES ('28', 'aut', '28');
INSERT INTO `photo_albums` (`id`, `name`, `user_id`) VALUES ('29', 'aut', '29');
INSERT INTO `photo_albums` (`id`, `name`, `user_id`) VALUES ('30', 'quia', '30');
INSERT INTO `photo_albums` (`id`, `name`, `user_id`) VALUES ('31', 'id', '31');
INSERT INTO `photo_albums` (`id`, `name`, `user_id`) VALUES ('32', 'qui', '32');
INSERT INTO `photo_albums` (`id`, `name`, `user_id`) VALUES ('33', 'repudiandae', '33');
INSERT INTO `photo_albums` (`id`, `name`, `user_id`) VALUES ('34', 'earum', '34');
INSERT INTO `photo_albums` (`id`, `name`, `user_id`) VALUES ('35', 'pariatur', '35');
INSERT INTO `photo_albums` (`id`, `name`, `user_id`) VALUES ('36', 'aut', '36');
INSERT INTO `photo_albums` (`id`, `name`, `user_id`) VALUES ('37', 'ratione', '37');
INSERT INTO `photo_albums` (`id`, `name`, `user_id`) VALUES ('38', 'incidunt', '38');
INSERT INTO `photo_albums` (`id`, `name`, `user_id`) VALUES ('39', 'voluptatem', '39');
INSERT INTO `photo_albums` (`id`, `name`, `user_id`) VALUES ('40', 'sit', '40');
INSERT INTO `photo_albums` (`id`, `name`, `user_id`) VALUES ('41', 'aperiam', '41');
INSERT INTO `photo_albums` (`id`, `name`, `user_id`) VALUES ('42', 'minus', '42');
INSERT INTO `photo_albums` (`id`, `name`, `user_id`) VALUES ('43', 'qui', '43');
INSERT INTO `photo_albums` (`id`, `name`, `user_id`) VALUES ('44', 'velit', '44');
INSERT INTO `photo_albums` (`id`, `name`, `user_id`) VALUES ('45', 'quidem', '45');
INSERT INTO `photo_albums` (`id`, `name`, `user_id`) VALUES ('46', 'quasi', '46');
INSERT INTO `photo_albums` (`id`, `name`, `user_id`) VALUES ('47', 'aut', '47');
INSERT INTO `photo_albums` (`id`, `name`, `user_id`) VALUES ('48', 'ut', '48');
INSERT INTO `photo_albums` (`id`, `name`, `user_id`) VALUES ('49', 'maiores', '49');
INSERT INTO `photo_albums` (`id`, `name`, `user_id`) VALUES ('50', 'quia', '50');
INSERT INTO `photo_albums` (`id`, `name`, `user_id`) VALUES ('51', 'at', '51');
INSERT INTO `photo_albums` (`id`, `name`, `user_id`) VALUES ('52', 'voluptas', '52');
INSERT INTO `photo_albums` (`id`, `name`, `user_id`) VALUES ('53', 'voluptas', '53');
INSERT INTO `photo_albums` (`id`, `name`, `user_id`) VALUES ('54', 'vitae', '54');
INSERT INTO `photo_albums` (`id`, `name`, `user_id`) VALUES ('55', 'nesciunt', '55');
INSERT INTO `photo_albums` (`id`, `name`, `user_id`) VALUES ('56', 'enim', '56');
INSERT INTO `photo_albums` (`id`, `name`, `user_id`) VALUES ('57', 'non', '57');
INSERT INTO `photo_albums` (`id`, `name`, `user_id`) VALUES ('58', 'in', '58');
INSERT INTO `photo_albums` (`id`, `name`, `user_id`) VALUES ('59', 'voluptatem', '59');
INSERT INTO `photo_albums` (`id`, `name`, `user_id`) VALUES ('60', 'impedit', '60');
INSERT INTO `photo_albums` (`id`, `name`, `user_id`) VALUES ('61', 'incidunt', '61');
INSERT INTO `photo_albums` (`id`, `name`, `user_id`) VALUES ('62', 'soluta', '62');
INSERT INTO `photo_albums` (`id`, `name`, `user_id`) VALUES ('63', 'ad', '63');
INSERT INTO `photo_albums` (`id`, `name`, `user_id`) VALUES ('64', 'est', '64');
INSERT INTO `photo_albums` (`id`, `name`, `user_id`) VALUES ('65', 'eos', '65');
INSERT INTO `photo_albums` (`id`, `name`, `user_id`) VALUES ('66', 'explicabo', '66');
INSERT INTO `photo_albums` (`id`, `name`, `user_id`) VALUES ('67', 'minus', '67');
INSERT INTO `photo_albums` (`id`, `name`, `user_id`) VALUES ('68', 'illum', '68');
INSERT INTO `photo_albums` (`id`, `name`, `user_id`) VALUES ('69', 'sunt', '69');
INSERT INTO `photo_albums` (`id`, `name`, `user_id`) VALUES ('70', 'corporis', '70');
INSERT INTO `photo_albums` (`id`, `name`, `user_id`) VALUES ('71', 'a', '71');
INSERT INTO `photo_albums` (`id`, `name`, `user_id`) VALUES ('72', 'ab', '72');
INSERT INTO `photo_albums` (`id`, `name`, `user_id`) VALUES ('73', 'quia', '73');
INSERT INTO `photo_albums` (`id`, `name`, `user_id`) VALUES ('74', 'nostrum', '74');
INSERT INTO `photo_albums` (`id`, `name`, `user_id`) VALUES ('75', 'et', '75');
INSERT INTO `photo_albums` (`id`, `name`, `user_id`) VALUES ('76', 'aut', '76');
INSERT INTO `photo_albums` (`id`, `name`, `user_id`) VALUES ('77', 'hic', '77');
INSERT INTO `photo_albums` (`id`, `name`, `user_id`) VALUES ('78', 'consequatur', '78');
INSERT INTO `photo_albums` (`id`, `name`, `user_id`) VALUES ('79', 'unde', '79');
INSERT INTO `photo_albums` (`id`, `name`, `user_id`) VALUES ('80', 'facilis', '80');
INSERT INTO `photo_albums` (`id`, `name`, `user_id`) VALUES ('81', 'et', '81');
INSERT INTO `photo_albums` (`id`, `name`, `user_id`) VALUES ('82', 'harum', '82');
INSERT INTO `photo_albums` (`id`, `name`, `user_id`) VALUES ('83', 'adipisci', '83');
INSERT INTO `photo_albums` (`id`, `name`, `user_id`) VALUES ('84', 'culpa', '84');
INSERT INTO `photo_albums` (`id`, `name`, `user_id`) VALUES ('85', 'hic', '85');
INSERT INTO `photo_albums` (`id`, `name`, `user_id`) VALUES ('86', 'rerum', '86');
INSERT INTO `photo_albums` (`id`, `name`, `user_id`) VALUES ('87', 'minima', '87');
INSERT INTO `photo_albums` (`id`, `name`, `user_id`) VALUES ('88', 'corrupti', '88');
INSERT INTO `photo_albums` (`id`, `name`, `user_id`) VALUES ('89', 'enim', '89');
INSERT INTO `photo_albums` (`id`, `name`, `user_id`) VALUES ('90', 'illo', '90');
INSERT INTO `photo_albums` (`id`, `name`, `user_id`) VALUES ('91', 'in', '91');
INSERT INTO `photo_albums` (`id`, `name`, `user_id`) VALUES ('92', 'impedit', '92');
INSERT INTO `photo_albums` (`id`, `name`, `user_id`) VALUES ('93', 'in', '93');
INSERT INTO `photo_albums` (`id`, `name`, `user_id`) VALUES ('94', 'omnis', '94');
INSERT INTO `photo_albums` (`id`, `name`, `user_id`) VALUES ('95', 'perferendis', '95');
INSERT INTO `photo_albums` (`id`, `name`, `user_id`) VALUES ('96', 'aut', '96');
INSERT INTO `photo_albums` (`id`, `name`, `user_id`) VALUES ('97', 'aperiam', '97');
INSERT INTO `photo_albums` (`id`, `name`, `user_id`) VALUES ('98', 'doloribus', '98');
INSERT INTO `photo_albums` (`id`, `name`, `user_id`) VALUES ('99', 'delectus', '99');
INSERT INTO `photo_albums` (`id`, `name`, `user_id`) VALUES ('100', 'in', '100');


#
# TABLE STRUCTURE FOR: photos
#

DROP TABLE IF EXISTS `photos`;

CREATE TABLE `photos` (
  `id` bigint(20) unsigned NOT NULL AUTO_INCREMENT,
  `album_id` bigint(20) unsigned NOT NULL,
  `media_id` bigint(20) unsigned NOT NULL,
  PRIMARY KEY (`id`),
  KEY `album_id` (`album_id`),
  KEY `media_id` (`media_id`),
  CONSTRAINT `photos_ibfk_1` FOREIGN KEY (`album_id`) REFERENCES `photo_albums` (`id`),
  CONSTRAINT `photos_ibfk_2` FOREIGN KEY (`media_id`) REFERENCES `media` (`id`)
) ENGINE=InnoDB AUTO_INCREMENT=101 DEFAULT CHARSET=utf8 COLLATE=utf8_unicode_ci;

INSERT INTO `photos` (`id`, `album_id`, `media_id`) VALUES ('1', '1', '1');
INSERT INTO `photos` (`id`, `album_id`, `media_id`) VALUES ('2', '2', '2');
INSERT INTO `photos` (`id`, `album_id`, `media_id`) VALUES ('3', '3', '3');
INSERT INTO `photos` (`id`, `album_id`, `media_id`) VALUES ('4', '4', '4');
INSERT INTO `photos` (`id`, `album_id`, `media_id`) VALUES ('5', '5', '5');
INSERT INTO `photos` (`id`, `album_id`, `media_id`) VALUES ('6', '6', '6');
INSERT INTO `photos` (`id`, `album_id`, `media_id`) VALUES ('7', '7', '7');
INSERT INTO `photos` (`id`, `album_id`, `media_id`) VALUES ('8', '8', '8');
INSERT INTO `photos` (`id`, `album_id`, `media_id`) VALUES ('9', '9', '9');
INSERT INTO `photos` (`id`, `album_id`, `media_id`) VALUES ('10', '10', '10');
INSERT INTO `photos` (`id`, `album_id`, `media_id`) VALUES ('11', '11', '11');
INSERT INTO `photos` (`id`, `album_id`, `media_id`) VALUES ('12', '12', '12');
INSERT INTO `photos` (`id`, `album_id`, `media_id`) VALUES ('13', '13', '13');
INSERT INTO `photos` (`id`, `album_id`, `media_id`) VALUES ('14', '14', '14');
INSERT INTO `photos` (`id`, `album_id`, `media_id`) VALUES ('15', '15', '15');
INSERT INTO `photos` (`id`, `album_id`, `media_id`) VALUES ('16', '16', '16');
INSERT INTO `photos` (`id`, `album_id`, `media_id`) VALUES ('17', '17', '17');
INSERT INTO `photos` (`id`, `album_id`, `media_id`) VALUES ('18', '18', '18');
INSERT INTO `photos` (`id`, `album_id`, `media_id`) VALUES ('19', '19', '19');
INSERT INTO `photos` (`id`, `album_id`, `media_id`) VALUES ('20', '20', '20');
INSERT INTO `photos` (`id`, `album_id`, `media_id`) VALUES ('21', '21', '21');
INSERT INTO `photos` (`id`, `album_id`, `media_id`) VALUES ('22', '22', '22');
INSERT INTO `photos` (`id`, `album_id`, `media_id`) VALUES ('23', '23', '23');
INSERT INTO `photos` (`id`, `album_id`, `media_id`) VALUES ('24', '24', '24');
INSERT INTO `photos` (`id`, `album_id`, `media_id`) VALUES ('25', '25', '25');
INSERT INTO `photos` (`id`, `album_id`, `media_id`) VALUES ('26', '26', '26');
INSERT INTO `photos` (`id`, `album_id`, `media_id`) VALUES ('27', '27', '27');
INSERT INTO `photos` (`id`, `album_id`, `media_id`) VALUES ('28', '28', '28');
INSERT INTO `photos` (`id`, `album_id`, `media_id`) VALUES ('29', '29', '29');
INSERT INTO `photos` (`id`, `album_id`, `media_id`) VALUES ('30', '30', '30');
INSERT INTO `photos` (`id`, `album_id`, `media_id`) VALUES ('31', '31', '31');
INSERT INTO `photos` (`id`, `album_id`, `media_id`) VALUES ('32', '32', '32');
INSERT INTO `photos` (`id`, `album_id`, `media_id`) VALUES ('33', '33', '33');
INSERT INTO `photos` (`id`, `album_id`, `media_id`) VALUES ('34', '34', '34');
INSERT INTO `photos` (`id`, `album_id`, `media_id`) VALUES ('35', '35', '35');
INSERT INTO `photos` (`id`, `album_id`, `media_id`) VALUES ('36', '36', '36');
INSERT INTO `photos` (`id`, `album_id`, `media_id`) VALUES ('37', '37', '37');
INSERT INTO `photos` (`id`, `album_id`, `media_id`) VALUES ('38', '38', '38');
INSERT INTO `photos` (`id`, `album_id`, `media_id`) VALUES ('39', '39', '39');
INSERT INTO `photos` (`id`, `album_id`, `media_id`) VALUES ('40', '40', '40');
INSERT INTO `photos` (`id`, `album_id`, `media_id`) VALUES ('41', '41', '41');
INSERT INTO `photos` (`id`, `album_id`, `media_id`) VALUES ('42', '42', '42');
INSERT INTO `photos` (`id`, `album_id`, `media_id`) VALUES ('43', '43', '43');
INSERT INTO `photos` (`id`, `album_id`, `media_id`) VALUES ('44', '44', '44');
INSERT INTO `photos` (`id`, `album_id`, `media_id`) VALUES ('45', '45', '45');
INSERT INTO `photos` (`id`, `album_id`, `media_id`) VALUES ('46', '46', '46');
INSERT INTO `photos` (`id`, `album_id`, `media_id`) VALUES ('47', '47', '47');
INSERT INTO `photos` (`id`, `album_id`, `media_id`) VALUES ('48', '48', '48');
INSERT INTO `photos` (`id`, `album_id`, `media_id`) VALUES ('49', '49', '49');
INSERT INTO `photos` (`id`, `album_id`, `media_id`) VALUES ('50', '50', '50');
INSERT INTO `photos` (`id`, `album_id`, `media_id`) VALUES ('51', '51', '51');
INSERT INTO `photos` (`id`, `album_id`, `media_id`) VALUES ('52', '52', '52');
INSERT INTO `photos` (`id`, `album_id`, `media_id`) VALUES ('53', '53', '53');
INSERT INTO `photos` (`id`, `album_id`, `media_id`) VALUES ('54', '54', '54');
INSERT INTO `photos` (`id`, `album_id`, `media_id`) VALUES ('55', '55', '55');
INSERT INTO `photos` (`id`, `album_id`, `media_id`) VALUES ('56', '56', '56');
INSERT INTO `photos` (`id`, `album_id`, `media_id`) VALUES ('57', '57', '57');
INSERT INTO `photos` (`id`, `album_id`, `media_id`) VALUES ('58', '58', '58');
INSERT INTO `photos` (`id`, `album_id`, `media_id`) VALUES ('59', '59', '59');
INSERT INTO `photos` (`id`, `album_id`, `media_id`) VALUES ('60', '60', '60');
INSERT INTO `photos` (`id`, `album_id`, `media_id`) VALUES ('61', '61', '61');
INSERT INTO `photos` (`id`, `album_id`, `media_id`) VALUES ('62', '62', '62');
INSERT INTO `photos` (`id`, `album_id`, `media_id`) VALUES ('63', '63', '63');
INSERT INTO `photos` (`id`, `album_id`, `media_id`) VALUES ('64', '64', '64');
INSERT INTO `photos` (`id`, `album_id`, `media_id`) VALUES ('65', '65', '65');
INSERT INTO `photos` (`id`, `album_id`, `media_id`) VALUES ('66', '66', '66');
INSERT INTO `photos` (`id`, `album_id`, `media_id`) VALUES ('67', '67', '67');
INSERT INTO `photos` (`id`, `album_id`, `media_id`) VALUES ('68', '68', '68');
INSERT INTO `photos` (`id`, `album_id`, `media_id`) VALUES ('69', '69', '69');
INSERT INTO `photos` (`id`, `album_id`, `media_id`) VALUES ('70', '70', '70');
INSERT INTO `photos` (`id`, `album_id`, `media_id`) VALUES ('71', '71', '71');
INSERT INTO `photos` (`id`, `album_id`, `media_id`) VALUES ('72', '72', '72');
INSERT INTO `photos` (`id`, `album_id`, `media_id`) VALUES ('73', '73', '73');
INSERT INTO `photos` (`id`, `album_id`, `media_id`) VALUES ('74', '74', '74');
INSERT INTO `photos` (`id`, `album_id`, `media_id`) VALUES ('75', '75', '75');
INSERT INTO `photos` (`id`, `album_id`, `media_id`) VALUES ('76', '76', '76');
INSERT INTO `photos` (`id`, `album_id`, `media_id`) VALUES ('77', '77', '77');
INSERT INTO `photos` (`id`, `album_id`, `media_id`) VALUES ('78', '78', '78');
INSERT INTO `photos` (`id`, `album_id`, `media_id`) VALUES ('79', '79', '79');
INSERT INTO `photos` (`id`, `album_id`, `media_id`) VALUES ('80', '80', '80');
INSERT INTO `photos` (`id`, `album_id`, `media_id`) VALUES ('81', '81', '81');
INSERT INTO `photos` (`id`, `album_id`, `media_id`) VALUES ('82', '82', '82');
INSERT INTO `photos` (`id`, `album_id`, `media_id`) VALUES ('83', '83', '83');
INSERT INTO `photos` (`id`, `album_id`, `media_id`) VALUES ('84', '84', '84');
INSERT INTO `photos` (`id`, `album_id`, `media_id`) VALUES ('85', '85', '85');
INSERT INTO `photos` (`id`, `album_id`, `media_id`) VALUES ('86', '86', '86');
INSERT INTO `photos` (`id`, `album_id`, `media_id`) VALUES ('87', '87', '87');
INSERT INTO `photos` (`id`, `album_id`, `media_id`) VALUES ('88', '88', '88');
INSERT INTO `photos` (`id`, `album_id`, `media_id`) VALUES ('89', '89', '89');
INSERT INTO `photos` (`id`, `album_id`, `media_id`) VALUES ('90', '90', '90');
INSERT INTO `photos` (`id`, `album_id`, `media_id`) VALUES ('91', '91', '91');
INSERT INTO `photos` (`id`, `album_id`, `media_id`) VALUES ('92', '92', '92');
INSERT INTO `photos` (`id`, `album_id`, `media_id`) VALUES ('93', '93', '93');
INSERT INTO `photos` (`id`, `album_id`, `media_id`) VALUES ('94', '94', '94');
INSERT INTO `photos` (`id`, `album_id`, `media_id`) VALUES ('95', '95', '95');
INSERT INTO `photos` (`id`, `album_id`, `media_id`) VALUES ('96', '96', '96');
INSERT INTO `photos` (`id`, `album_id`, `media_id`) VALUES ('97', '97', '97');
INSERT INTO `photos` (`id`, `album_id`, `media_id`) VALUES ('98', '98', '98');
INSERT INTO `photos` (`id`, `album_id`, `media_id`) VALUES ('99', '99', '99');
INSERT INTO `photos` (`id`, `album_id`, `media_id`) VALUES ('100', '100', '100');


#
# TABLE STRUCTURE FOR: posts
#

DROP TABLE IF EXISTS `posts`;

CREATE TABLE `posts` (
  `id` bigint(20) unsigned NOT NULL AUTO_INCREMENT,
  `user_id` bigint(20) unsigned NOT NULL,
  `body` text COLLATE utf8_unicode_ci DEFAULT NULL,
  `created_at` datetime DEFAULT current_timestamp(),
  `updated_at` datetime DEFAULT current_timestamp() ON UPDATE current_timestamp(),
  PRIMARY KEY (`id`)
) ENGINE=InnoDB AUTO_INCREMENT=101 DEFAULT CHARSET=utf8 COLLATE=utf8_unicode_ci;

INSERT INTO `posts` (`id`, `user_id`, `body`, `created_at`, `updated_at`) VALUES ('1', '1', 'Qui et sunt molestiae sequi atque molestiae et. Earum ut accusamus mollitia possimus. Deleniti totam placeat necessitatibus deserunt ex. Rerum at quibusdam fuga quas.', '2000-06-10 16:53:51', '1976-09-18 10:40:49');
INSERT INTO `posts` (`id`, `user_id`, `body`, `created_at`, `updated_at`) VALUES ('2', '2', 'Molestiae sapiente debitis qui doloremque ut corporis. Aspernatur exercitationem adipisci debitis placeat quia est. Voluptatum nesciunt non est quis et quis.', '1974-06-12 10:28:37', '2012-12-21 15:08:31');
INSERT INTO `posts` (`id`, `user_id`, `body`, `created_at`, `updated_at`) VALUES ('3', '3', 'Quo provident veritatis ab ipsam. Voluptas et cumque corporis et non ipsam. Voluptas aut odio beatae voluptatem velit excepturi.', '1985-03-26 21:18:36', '1978-08-27 13:37:24');
INSERT INTO `posts` (`id`, `user_id`, `body`, `created_at`, `updated_at`) VALUES ('4', '4', 'Sit repudiandae sint nisi aut rerum. Culpa expedita soluta nam quae et. A in voluptatum veritatis omnis incidunt eligendi. Dolore in sequi culpa molestias.', '1998-11-19 01:36:37', '1987-08-27 21:03:21');
INSERT INTO `posts` (`id`, `user_id`, `body`, `created_at`, `updated_at`) VALUES ('5', '5', 'Quas rerum voluptatem id voluptas. Accusantium mollitia tempora quia eum officia dolorum dignissimos unde. Aut doloremque ut non vel sed labore.', '1976-07-05 07:22:38', '2014-04-12 22:56:59');
INSERT INTO `posts` (`id`, `user_id`, `body`, `created_at`, `updated_at`) VALUES ('6', '6', 'Quasi nemo aliquid labore harum. Quia et voluptates aut. Reprehenderit quaerat vel ipsa dolores eveniet. Eos eum cum assumenda.', '2019-07-05 05:02:12', '2011-03-21 23:53:34');
INSERT INTO `posts` (`id`, `user_id`, `body`, `created_at`, `updated_at`) VALUES ('7', '7', 'Et est aut et saepe perferendis. Vel quaerat at ut consequatur maxime. Nesciunt et ut neque saepe natus. Ipsam odit voluptates eum natus dolores labore harum iusto.', '1978-04-16 03:23:34', '2008-02-07 03:58:29');
INSERT INTO `posts` (`id`, `user_id`, `body`, `created_at`, `updated_at`) VALUES ('8', '8', 'Voluptates error eos amet et. Enim aut voluptatem neque et facilis qui. Suscipit mollitia velit velit.', '2001-10-21 21:17:40', '1987-09-06 23:53:42');
INSERT INTO `posts` (`id`, `user_id`, `body`, `created_at`, `updated_at`) VALUES ('9', '9', 'Qui nisi aut corrupti sequi recusandae non. Commodi qui magni enim. Nam aut quia inventore ullam tempore saepe.', '1973-10-22 10:46:42', '1997-03-13 05:10:07');
INSERT INTO `posts` (`id`, `user_id`, `body`, `created_at`, `updated_at`) VALUES ('10', '10', 'Illo impedit nobis saepe sapiente architecto et et. Sint sint nemo quis aspernatur. Itaque error illum voluptatem non sapiente magni eaque. Et ipsa quia unde quis ea sit.', '2007-05-18 03:40:45', '1986-11-29 09:36:31');
INSERT INTO `posts` (`id`, `user_id`, `body`, `created_at`, `updated_at`) VALUES ('11', '11', 'Nostrum dolores voluptate tempore quia ut eligendi. Deleniti recusandae saepe fuga.', '1993-06-04 04:14:37', '1976-10-31 10:47:30');
INSERT INTO `posts` (`id`, `user_id`, `body`, `created_at`, `updated_at`) VALUES ('12', '12', 'Tenetur totam rem eum ad suscipit. Dolores dignissimos voluptate dolor ut nisi. Qui atque ut eos delectus unde.', '2018-05-11 10:39:51', '1994-10-12 09:16:00');
INSERT INTO `posts` (`id`, `user_id`, `body`, `created_at`, `updated_at`) VALUES ('13', '13', 'Quia quibusdam tempore architecto enim saepe deleniti. Placeat sed voluptas eos in omnis. Inventore neque vel blanditiis doloremque quidem. Et pariatur aut odit quas delectus officiis.', '1985-02-19 16:20:54', '1985-03-09 04:24:22');
INSERT INTO `posts` (`id`, `user_id`, `body`, `created_at`, `updated_at`) VALUES ('14', '14', 'Quis id dolorem autem. Ducimus vel qui dolores. Alias harum atque cumque nesciunt.', '1977-08-19 07:27:51', '1991-07-23 07:33:58');
INSERT INTO `posts` (`id`, `user_id`, `body`, `created_at`, `updated_at`) VALUES ('15', '15', 'Qui explicabo tenetur ut molestias rerum dolorem quas. Quia sint tempore ut aliquam et. Consequatur necessitatibus quia qui assumenda quod.', '1996-10-17 09:10:02', '2010-01-11 06:49:13');
INSERT INTO `posts` (`id`, `user_id`, `body`, `created_at`, `updated_at`) VALUES ('16', '16', 'Illo aut qui similique explicabo rem eos natus. Impedit vel consequatur ab accusamus ea. Quasi culpa dolor qui. Debitis autem voluptatibus rerum beatae corporis velit.', '2008-08-19 17:25:29', '1995-02-28 05:57:09');
INSERT INTO `posts` (`id`, `user_id`, `body`, `created_at`, `updated_at`) VALUES ('17', '17', 'Molestias et non et perferendis odio voluptatem labore. Fugit maiores exercitationem et minima explicabo fugiat quo. Distinctio soluta tempora laborum cum nam. Veniam porro quia hic omnis ab pariatur.', '1987-10-10 16:05:31', '2003-10-28 23:58:12');
INSERT INTO `posts` (`id`, `user_id`, `body`, `created_at`, `updated_at`) VALUES ('18', '18', 'Facere ipsa consequuntur et ut non aperiam quis sed. Tempora exercitationem fugiat qui assumenda culpa.', '1992-12-05 21:18:16', '1973-04-08 14:03:27');
INSERT INTO `posts` (`id`, `user_id`, `body`, `created_at`, `updated_at`) VALUES ('19', '19', 'Vel porro sunt natus a natus et odio. Aspernatur porro repudiandae eveniet assumenda.', '2014-10-07 05:46:24', '2000-05-17 00:02:34');
INSERT INTO `posts` (`id`, `user_id`, `body`, `created_at`, `updated_at`) VALUES ('20', '20', 'Quas sint praesentium sequi rerum assumenda. Omnis possimus atque est itaque reiciendis. Deleniti veniam sed excepturi quas.', '1971-10-01 06:56:45', '1999-06-03 12:02:45');
INSERT INTO `posts` (`id`, `user_id`, `body`, `created_at`, `updated_at`) VALUES ('21', '21', 'Sed cumque ut dolores porro. Velit laudantium sit expedita repellendus natus perspiciatis. Ut ipsum odio commodi recusandae nihil velit.', '1975-09-05 06:08:06', '2013-10-18 03:25:30');
INSERT INTO `posts` (`id`, `user_id`, `body`, `created_at`, `updated_at`) VALUES ('22', '22', 'Est illum non rerum in adipisci. Aliquid et dolore impedit alias vitae animi cum. Sed vel non a ut impedit sed. Aut corrupti amet tempore est accusantium.', '1989-05-26 13:52:57', '2011-11-03 20:02:26');
INSERT INTO `posts` (`id`, `user_id`, `body`, `created_at`, `updated_at`) VALUES ('23', '23', 'Cum provident vitae cupiditate molestiae aut. Molestias voluptates maxime qui quaerat accusantium neque qui. Atque consequatur iure quia.', '2016-07-08 17:12:58', '1992-10-14 20:19:48');
INSERT INTO `posts` (`id`, `user_id`, `body`, `created_at`, `updated_at`) VALUES ('24', '24', 'Quaerat quia consequatur necessitatibus sit voluptatem quis quis. Quia mollitia repellendus aspernatur accusantium. Aut nesciunt quae nobis eos. Quis et et necessitatibus animi est.', '1992-06-01 23:59:34', '1989-07-01 16:44:05');
INSERT INTO `posts` (`id`, `user_id`, `body`, `created_at`, `updated_at`) VALUES ('25', '25', 'Quos aut est adipisci iusto. Laudantium esse laborum in voluptas et est ratione. Ut ut aliquam sapiente et magnam accusantium ut. Mollitia autem vero aut sint aliquid provident. Voluptatem et tempora tempora ipsam iusto aut.', '1993-02-09 03:25:59', '1986-01-09 01:27:15');
INSERT INTO `posts` (`id`, `user_id`, `body`, `created_at`, `updated_at`) VALUES ('26', '26', 'Illum molestiae nesciunt minus necessitatibus omnis non. Nobis eum perferendis soluta rerum. Reiciendis quo ea porro ipsa dolorem corrupti.', '1978-12-11 02:05:06', '1971-10-13 01:14:36');
INSERT INTO `posts` (`id`, `user_id`, `body`, `created_at`, `updated_at`) VALUES ('27', '27', 'Maxime ratione ut incidunt eum. Nam et quis illum. Quis quaerat tempore deleniti veniam commodi minima est. Sunt eos consectetur accusamus qui.', '1998-08-28 07:34:13', '2018-12-17 18:43:54');
INSERT INTO `posts` (`id`, `user_id`, `body`, `created_at`, `updated_at`) VALUES ('28', '28', 'Deserunt consequatur natus illo. Qui veniam iusto laudantium veniam. Expedita ipsam quia ad ullam possimus omnis. Excepturi inventore nihil quia. Consectetur natus voluptatum nemo porro assumenda.', '2001-11-19 20:19:24', '2009-10-25 02:57:28');
INSERT INTO `posts` (`id`, `user_id`, `body`, `created_at`, `updated_at`) VALUES ('29', '29', 'Minima molestiae est deleniti autem. Omnis in blanditiis sed. Tenetur placeat ab et excepturi. Rerum non modi beatae.', '1979-06-07 17:35:41', '1992-02-25 02:07:45');
INSERT INTO `posts` (`id`, `user_id`, `body`, `created_at`, `updated_at`) VALUES ('30', '30', 'Nisi quae deserunt eos dolores eum ab. Est sit quidem dicta deleniti illo qui sint. Libero dolores et ipsam fugit. Autem magni nostrum iste aspernatur porro iusto saepe.', '1970-10-11 23:14:02', '1992-08-26 13:12:09');
INSERT INTO `posts` (`id`, `user_id`, `body`, `created_at`, `updated_at`) VALUES ('31', '31', 'Rerum debitis aliquid itaque voluptas dolor assumenda. Mollitia reprehenderit tenetur dicta est a tempore. Ratione consectetur aliquam iusto aliquid totam nihil repellat.', '2010-02-20 07:21:52', '1971-02-19 07:37:38');
INSERT INTO `posts` (`id`, `user_id`, `body`, `created_at`, `updated_at`) VALUES ('32', '32', 'Tenetur est ut doloribus recusandae amet. Repudiandae facilis at nam autem ullam labore rerum sunt. Esse repellendus architecto et sunt commodi soluta ut.', '2006-07-28 00:41:28', '1995-06-19 21:17:10');
INSERT INTO `posts` (`id`, `user_id`, `body`, `created_at`, `updated_at`) VALUES ('33', '33', 'Voluptatibus voluptatibus deserunt provident voluptates id. Sint temporibus quasi veritatis odit quos. Neque modi voluptatem aut sapiente.', '2012-12-07 20:01:18', '1979-04-25 13:48:12');
INSERT INTO `posts` (`id`, `user_id`, `body`, `created_at`, `updated_at`) VALUES ('34', '34', 'Et quidem mollitia id quos placeat sed voluptas. Tempore autem error natus a. Suscipit molestiae voluptatibus ea rerum sed consequatur nisi.', '2002-11-13 12:19:42', '1974-04-03 18:35:01');
INSERT INTO `posts` (`id`, `user_id`, `body`, `created_at`, `updated_at`) VALUES ('35', '35', 'Eos dolorem iste vitae ducimus dolores placeat. Et dolore placeat ipsam. Mollitia officiis non saepe in itaque commodi.', '1988-09-19 07:48:25', '2018-04-19 19:41:28');
INSERT INTO `posts` (`id`, `user_id`, `body`, `created_at`, `updated_at`) VALUES ('36', '36', 'Qui porro laboriosam odio error facilis. Molestiae autem quaerat sunt accusamus voluptatem quas dolor. Veritatis dolorum eius iure qui nobis.', '2000-09-23 12:02:21', '2004-12-31 18:15:29');
INSERT INTO `posts` (`id`, `user_id`, `body`, `created_at`, `updated_at`) VALUES ('37', '37', 'Nemo hic quos ratione voluptatem possimus velit. Et ratione voluptates dolor perferendis rerum quo illum. Velit occaecati aperiam cum id aliquam at.', '1982-10-17 14:50:18', '1997-08-13 09:40:51');
INSERT INTO `posts` (`id`, `user_id`, `body`, `created_at`, `updated_at`) VALUES ('38', '38', 'Perferendis mollitia et quae aliquam. Quae tempore natus recusandae illo molestiae mollitia. Incidunt hic voluptas ut impedit ut neque officia. Non in perspiciatis vel adipisci et.', '2013-11-10 05:06:41', '1971-01-29 11:35:49');
INSERT INTO `posts` (`id`, `user_id`, `body`, `created_at`, `updated_at`) VALUES ('39', '39', 'Et reiciendis eum ad officia ut quo et. Ducimus sit consequatur id alias in non. Libero consectetur placeat distinctio recusandae.', '2013-10-31 08:44:33', '1985-02-06 09:07:47');
INSERT INTO `posts` (`id`, `user_id`, `body`, `created_at`, `updated_at`) VALUES ('40', '40', 'Et dolorum voluptatum ullam voluptatem quae. Necessitatibus minus porro est placeat. In quod incidunt sapiente consequatur et porro autem rem. Ut aliquam sed ipsam odit eum architecto.', '2001-06-02 14:03:28', '2017-03-02 15:13:09');
INSERT INTO `posts` (`id`, `user_id`, `body`, `created_at`, `updated_at`) VALUES ('41', '41', 'Est non tempora ex et. Atque et debitis omnis eligendi qui. Sed ut et et distinctio error ea.', '1995-05-13 13:19:44', '2012-01-07 23:41:12');
INSERT INTO `posts` (`id`, `user_id`, `body`, `created_at`, `updated_at`) VALUES ('42', '42', 'Neque ut autem quisquam illo maxime delectus deserunt fugit. Sed unde iusto autem enim consequatur fuga. Voluptas eligendi eaque enim nisi officiis aut veniam recusandae.', '1987-04-10 22:14:36', '1972-12-05 03:29:56');
INSERT INTO `posts` (`id`, `user_id`, `body`, `created_at`, `updated_at`) VALUES ('43', '43', 'Est aut ipsam eligendi asperiores. Iste quasi nisi temporibus. Architecto ex laborum ut aperiam ducimus neque enim est. Est magnam et nihil.', '1973-09-02 21:50:40', '1986-12-12 23:13:32');
INSERT INTO `posts` (`id`, `user_id`, `body`, `created_at`, `updated_at`) VALUES ('44', '44', 'Ex et consequatur molestiae nemo qui. Nemo est porro debitis illum fuga provident dolorum. Exercitationem facere repellat nostrum vitae commodi nihil.', '1991-09-19 04:19:18', '2010-12-11 07:54:29');
INSERT INTO `posts` (`id`, `user_id`, `body`, `created_at`, `updated_at`) VALUES ('45', '45', 'Quam quisquam dolores sed earum ea eius omnis. Ut voluptate et quo quod. Ea eligendi atque quo incidunt saepe.', '1973-07-31 22:57:26', '2009-10-26 07:41:16');
INSERT INTO `posts` (`id`, `user_id`, `body`, `created_at`, `updated_at`) VALUES ('46', '46', 'Commodi architecto in qui quae neque. Sunt quas tempore exercitationem tempore adipisci vero harum est. Quae minus perferendis eos sed.', '2008-02-28 07:01:34', '2018-06-02 14:54:35');
INSERT INTO `posts` (`id`, `user_id`, `body`, `created_at`, `updated_at`) VALUES ('47', '47', 'Fugit consequuntur mollitia ipsum sint. Animi quae et ratione minima. Ratione illo eveniet laboriosam autem doloribus necessitatibus. Eligendi deleniti alias repudiandae nobis.', '2007-05-26 03:37:27', '1975-09-29 23:14:55');
INSERT INTO `posts` (`id`, `user_id`, `body`, `created_at`, `updated_at`) VALUES ('48', '48', 'Et fugit aliquam odio omnis praesentium sit id at. Quasi eaque maiores fugiat quis. Temporibus laudantium perferendis amet magnam corporis. Vero veniam id delectus.', '1977-12-15 22:09:25', '1985-08-31 22:03:33');
INSERT INTO `posts` (`id`, `user_id`, `body`, `created_at`, `updated_at`) VALUES ('49', '49', 'Tenetur quia ullam qui inventore dolores tempora est. Ipsam praesentium tenetur voluptates rerum. Quo quam est aut rerum dolores explicabo.', '1989-09-07 20:22:04', '2019-03-26 18:28:23');
INSERT INTO `posts` (`id`, `user_id`, `body`, `created_at`, `updated_at`) VALUES ('50', '50', 'Qui in hic voluptas reiciendis sequi delectus saepe repudiandae. Odio veniam sit et quo occaecati. Voluptates et voluptas id excepturi provident.', '1988-10-04 05:30:43', '2015-06-04 17:43:07');
INSERT INTO `posts` (`id`, `user_id`, `body`, `created_at`, `updated_at`) VALUES ('51', '51', 'Totam sed similique molestiae eos quidem at. Et et fugit quia fugit. Ullam exercitationem earum qui ab delectus voluptatibus. Ut enim est quas pariatur maxime soluta eligendi.', '2000-06-08 20:18:42', '1999-02-08 01:03:16');
INSERT INTO `posts` (`id`, `user_id`, `body`, `created_at`, `updated_at`) VALUES ('52', '52', 'Dolorem alias voluptates corrupti possimus ea saepe modi. Delectus repellat eligendi voluptas non voluptates repellat enim. Cupiditate consequuntur ut totam odit quasi quasi consequatur.', '1996-01-04 10:13:53', '2006-08-03 20:43:09');
INSERT INTO `posts` (`id`, `user_id`, `body`, `created_at`, `updated_at`) VALUES ('53', '53', 'Porro corrupti quia quia alias. Quia sed quaerat voluptatem quia aut aut expedita. Eos tempore aperiam culpa dolorum aut. Aperiam est fuga molestiae voluptas dolores perferendis minus.', '1999-08-19 19:19:34', '1972-12-09 10:05:04');
INSERT INTO `posts` (`id`, `user_id`, `body`, `created_at`, `updated_at`) VALUES ('54', '54', 'Provident quo eveniet sunt illum. Et eveniet reiciendis eius adipisci. Tenetur eaque ut aliquid qui eius eos.', '2000-08-16 19:48:17', '1999-03-08 13:51:41');
INSERT INTO `posts` (`id`, `user_id`, `body`, `created_at`, `updated_at`) VALUES ('55', '55', 'In ut delectus adipisci harum ab. Id ut veniam quia molestiae. Tempora ullam repudiandae quia saepe velit aut.', '2009-02-13 02:48:16', '2000-03-01 12:17:36');
INSERT INTO `posts` (`id`, `user_id`, `body`, `created_at`, `updated_at`) VALUES ('56', '56', 'Sapiente vel qui ullam labore. Natus nihil vel eos soluta ut minus. Nobis nam inventore ea.', '2010-10-26 22:08:53', '2018-07-12 04:37:14');
INSERT INTO `posts` (`id`, `user_id`, `body`, `created_at`, `updated_at`) VALUES ('57', '57', 'Ea praesentium corrupti distinctio explicabo. Reiciendis harum doloribus delectus nobis voluptas. Laborum eaque sed et vel quis. Quia quibusdam assumenda architecto error praesentium recusandae. Magni numquam fugit aut quisquam ad.', '1976-07-30 12:37:29', '2002-02-22 19:50:16');
INSERT INTO `posts` (`id`, `user_id`, `body`, `created_at`, `updated_at`) VALUES ('58', '58', 'Explicabo et non nisi molestiae incidunt. Qui quia totam ullam temporibus. Et assumenda iste enim voluptatem. Soluta qui rerum minima est eligendi. Adipisci nulla veniam porro culpa ab.', '2000-06-17 13:41:21', '2008-03-28 10:22:36');
INSERT INTO `posts` (`id`, `user_id`, `body`, `created_at`, `updated_at`) VALUES ('59', '59', 'Et alias laborum deserunt qui illo. Dolores eaque est voluptatem ut sequi. Facere cumque ratione ea dolores. Dolore quis consequatur voluptate reprehenderit nisi non alias voluptas. Laudantium eos impedit commodi tempora libero sequi.', '1982-12-29 07:43:43', '1999-05-05 14:17:11');
INSERT INTO `posts` (`id`, `user_id`, `body`, `created_at`, `updated_at`) VALUES ('60', '60', 'Accusantium at ex quos quia doloribus. Tempora odio culpa aut ea et. Quod nostrum culpa assumenda dignissimos saepe cum dolore.', '2012-09-04 17:08:17', '1978-04-30 00:44:28');
INSERT INTO `posts` (`id`, `user_id`, `body`, `created_at`, `updated_at`) VALUES ('61', '61', 'Mollitia consectetur voluptatem architecto rerum. Atque nostrum tempore facilis maiores dolorum tempore et. Consequatur eos ipsa magnam minus.', '1973-05-10 10:21:51', '2015-03-07 18:11:14');
INSERT INTO `posts` (`id`, `user_id`, `body`, `created_at`, `updated_at`) VALUES ('62', '62', 'Ipsam numquam voluptates qui aut architecto optio expedita. Laborum itaque placeat ex impedit autem omnis dolor. Explicabo quis quia fugit beatae et. Officia facere eos voluptates ut ad soluta aliquid. Velit quas cupiditate ut est adipisci et.', '1989-09-05 10:27:20', '2005-02-03 12:28:52');
INSERT INTO `posts` (`id`, `user_id`, `body`, `created_at`, `updated_at`) VALUES ('63', '63', 'Culpa eos est id dignissimos quaerat et. Omnis in inventore ut consequuntur et tenetur. Quis modi quo est dolor libero. Modi error ullam voluptatem quos autem.', '1988-03-17 03:11:03', '2004-06-11 09:28:07');
INSERT INTO `posts` (`id`, `user_id`, `body`, `created_at`, `updated_at`) VALUES ('64', '64', 'Et velit quod deleniti necessitatibus mollitia vero. Et similique dolorem dolore ad. Ea ut necessitatibus minima quae sed.', '2017-10-04 10:44:27', '1972-03-20 04:24:43');
INSERT INTO `posts` (`id`, `user_id`, `body`, `created_at`, `updated_at`) VALUES ('65', '65', 'Possimus et sit commodi et dignissimos consequuntur. Autem laborum iure corporis doloremque fugit dolor. Aliquid ullam ut nemo numquam a.', '1986-05-22 08:10:25', '1998-04-02 18:34:01');
INSERT INTO `posts` (`id`, `user_id`, `body`, `created_at`, `updated_at`) VALUES ('66', '66', 'Recusandae voluptatem sed eos corporis aliquam et dolorum. Quasi quas et repellat rerum omnis sed officia. Architecto vitae voluptas dignissimos suscipit est exercitationem. Necessitatibus provident quae dicta atque earum voluptas voluptatem inventore.', '1970-09-13 02:37:58', '1982-02-26 11:02:09');
INSERT INTO `posts` (`id`, `user_id`, `body`, `created_at`, `updated_at`) VALUES ('67', '67', 'Illo recusandae enim qui nemo eaque sequi sint. Autem qui sit reprehenderit debitis magni totam. Sapiente nisi in dolor. Voluptas fugit necessitatibus sit aliquid neque itaque temporibus.', '1991-06-16 04:13:51', '1970-07-25 02:23:25');
INSERT INTO `posts` (`id`, `user_id`, `body`, `created_at`, `updated_at`) VALUES ('68', '68', 'Qui qui fugiat et iusto eos. Laborum modi itaque rerum molestias voluptas molestias maiores. Ut officiis sunt saepe illo voluptatem. Sequi reprehenderit necessitatibus quasi ab rerum explicabo consequuntur neque.', '1995-04-24 04:11:56', '2010-01-28 22:30:38');
INSERT INTO `posts` (`id`, `user_id`, `body`, `created_at`, `updated_at`) VALUES ('69', '69', 'Consequatur eum atque eos alias. Excepturi consequatur sequi sapiente quod. Et sunt a a quaerat repellat. Quae voluptatum odio officiis harum perferendis qui ut.', '1975-02-22 00:17:37', '1999-10-22 12:43:48');
INSERT INTO `posts` (`id`, `user_id`, `body`, `created_at`, `updated_at`) VALUES ('70', '70', 'Consequuntur pariatur veniam vitae eos. Natus qui numquam possimus quisquam esse et assumenda. Harum minus vitae tenetur. Quidem sequi et ea ducimus.', '2011-11-03 02:53:47', '2006-01-01 08:17:03');
INSERT INTO `posts` (`id`, `user_id`, `body`, `created_at`, `updated_at`) VALUES ('71', '71', 'Amet sequi vero fugiat non. Ut in blanditiis et inventore excepturi adipisci nihil. Eaque est sequi consequatur beatae nemo error.', '1972-05-16 11:24:10', '1991-11-03 22:02:45');
INSERT INTO `posts` (`id`, `user_id`, `body`, `created_at`, `updated_at`) VALUES ('72', '72', 'Molestiae commodi quas quidem rerum. Iste quo pariatur et nostrum sit sint. Fuga temporibus adipisci soluta neque ipsam perspiciatis.', '2016-03-09 20:02:41', '1980-04-15 19:21:37');
INSERT INTO `posts` (`id`, `user_id`, `body`, `created_at`, `updated_at`) VALUES ('73', '73', 'Maiores et ex eius sint sit deserunt. Quae qui recusandae dolorum voluptatem provident quas tempore. Possimus possimus eaque consequatur voluptatem quod quas provident.', '1999-12-01 01:28:50', '1987-07-25 18:44:26');
INSERT INTO `posts` (`id`, `user_id`, `body`, `created_at`, `updated_at`) VALUES ('74', '74', 'Fugiat aliquam officia beatae unde quia saepe. Autem nobis ad eius rerum. Eum corporis sint ut et quia explicabo et. Et suscipit veniam tempore.', '2013-12-10 21:26:08', '1986-07-06 22:41:50');
INSERT INTO `posts` (`id`, `user_id`, `body`, `created_at`, `updated_at`) VALUES ('75', '75', 'Quaerat tenetur quis voluptatem sed et eveniet molestias. Dolorum nam id nam maiores repudiandae ducimus. Sed a aliquam voluptates qui quos. In dolore voluptatum sed totam cum nihil. Labore id laborum fugiat earum.', '1984-11-05 22:15:58', '1973-02-03 10:20:11');
INSERT INTO `posts` (`id`, `user_id`, `body`, `created_at`, `updated_at`) VALUES ('76', '76', 'Laudantium magnam totam in porro totam id. Placeat ea consequatur veniam dolor et corrupti at. Placeat quidem hic modi esse aspernatur.', '1991-03-31 04:23:27', '2002-06-17 03:19:58');
INSERT INTO `posts` (`id`, `user_id`, `body`, `created_at`, `updated_at`) VALUES ('77', '77', 'Autem ad voluptas ratione. Rerum deleniti tempora molestias quia unde velit. Tempora provident explicabo quia impedit qui laudantium sed qui.', '1982-05-29 21:11:05', '2011-10-29 23:40:01');
INSERT INTO `posts` (`id`, `user_id`, `body`, `created_at`, `updated_at`) VALUES ('78', '78', 'Nobis et iste qui voluptatum ratione accusantium. Quisquam reiciendis esse voluptatem. Repudiandae magni non excepturi vel consequatur voluptatem. Fugiat et quam placeat omnis non aspernatur perspiciatis.', '2012-05-13 02:56:09', '2004-04-18 19:58:18');
INSERT INTO `posts` (`id`, `user_id`, `body`, `created_at`, `updated_at`) VALUES ('79', '79', 'Veniam iure dolor itaque impedit laboriosam rem et. Repellat excepturi tempore doloremque sunt esse eaque adipisci. Laborum deserunt ipsam aut expedita quis eum.', '1993-03-26 09:03:54', '2000-12-23 14:41:12');
INSERT INTO `posts` (`id`, `user_id`, `body`, `created_at`, `updated_at`) VALUES ('80', '80', 'Id velit dolor dolor pariatur tempore alias rem et. Debitis dolores laudantium necessitatibus sequi quidem similique. Libero aut in harum.', '1991-04-01 23:23:19', '2010-01-22 04:52:30');
INSERT INTO `posts` (`id`, `user_id`, `body`, `created_at`, `updated_at`) VALUES ('81', '81', 'Qui inventore facilis perspiciatis earum et voluptas. Sapiente magnam dolor a minus distinctio voluptatem quam. Magni harum quod quod fuga voluptas illum in. Enim sunt et in nulla.', '1979-11-30 19:48:09', '2015-05-30 00:52:24');
INSERT INTO `posts` (`id`, `user_id`, `body`, `created_at`, `updated_at`) VALUES ('82', '82', 'Voluptatem deleniti neque omnis et. Laboriosam maxime quas ea rerum consequuntur at enim. Aspernatur id aperiam neque voluptatibus repellendus.', '1972-09-20 11:45:43', '1983-07-09 11:25:02');
INSERT INTO `posts` (`id`, `user_id`, `body`, `created_at`, `updated_at`) VALUES ('83', '83', 'Excepturi debitis suscipit quod laborum provident ratione. Explicabo dolorem sit rerum. Sed distinctio ad quia et assumenda iste deserunt.', '1988-03-23 00:30:45', '2010-05-12 08:28:24');
INSERT INTO `posts` (`id`, `user_id`, `body`, `created_at`, `updated_at`) VALUES ('84', '84', 'Molestiae exercitationem aut minus quaerat debitis quos numquam voluptatem. Nesciunt veniam minus maiores voluptatibus sapiente et adipisci veritatis. Cumque pariatur corporis in facilis fugit consequatur reiciendis.', '1998-03-22 06:38:55', '2008-07-07 18:19:35');
INSERT INTO `posts` (`id`, `user_id`, `body`, `created_at`, `updated_at`) VALUES ('85', '85', 'Itaque voluptatem et et. Et qui a minus distinctio consequuntur est. Quo consequatur inventore ea facere ducimus aut dolorem.', '1983-01-06 23:23:06', '2008-07-01 15:08:30');
INSERT INTO `posts` (`id`, `user_id`, `body`, `created_at`, `updated_at`) VALUES ('86', '86', 'Et qui iste velit et libero sunt. Atque porro nisi aut ad numquam odio. Omnis molestiae et qui et possimus omnis.', '1999-08-24 04:51:58', '2004-04-02 15:26:40');
INSERT INTO `posts` (`id`, `user_id`, `body`, `created_at`, `updated_at`) VALUES ('87', '87', 'Error similique rerum sint velit. Eos aut iusto voluptas voluptatem. Non qui eum tenetur necessitatibus modi consectetur. Qui autem sunt perferendis id sit fugit.', '1985-06-12 06:49:10', '2017-10-16 06:28:54');
INSERT INTO `posts` (`id`, `user_id`, `body`, `created_at`, `updated_at`) VALUES ('88', '88', 'Earum ullam ab modi quaerat. Suscipit excepturi impedit animi reiciendis nihil nemo molestias. Eveniet consequatur dolores rerum.', '2016-06-27 05:21:10', '1979-05-01 08:23:24');
INSERT INTO `posts` (`id`, `user_id`, `body`, `created_at`, `updated_at`) VALUES ('89', '89', 'Ratione voluptatem voluptate nam praesentium. Eligendi sapiente ut voluptate ea nihil esse. Dolore vero qui vel qui.', '2016-09-18 10:03:39', '2019-09-29 14:53:50');
INSERT INTO `posts` (`id`, `user_id`, `body`, `created_at`, `updated_at`) VALUES ('90', '90', 'Maiores dolores autem consequuntur quos aut. Corporis inventore cumque cumque libero.', '2016-10-03 08:27:29', '1972-11-11 23:31:35');
INSERT INTO `posts` (`id`, `user_id`, `body`, `created_at`, `updated_at`) VALUES ('91', '91', 'Eius eos cupiditate illum est rerum harum. Qui totam adipisci aut aut. Vel iusto culpa et aut eos dolorem. Sunt blanditiis asperiores laborum sed praesentium.', '1980-08-02 00:27:09', '1984-08-22 03:38:20');
INSERT INTO `posts` (`id`, `user_id`, `body`, `created_at`, `updated_at`) VALUES ('92', '92', 'Voluptatum repellat vitae exercitationem quisquam. Est aspernatur odio fugit aliquid laborum rem. Excepturi at deserunt qui optio.', '1978-08-25 00:27:54', '1999-10-05 04:26:55');
INSERT INTO `posts` (`id`, `user_id`, `body`, `created_at`, `updated_at`) VALUES ('93', '93', 'Ut porro atque est. Doloribus velit libero dolor porro quis et molestiae voluptatem. Harum explicabo iusto expedita. Molestiae qui dolorem voluptas deleniti debitis.', '2013-08-13 20:48:36', '1980-07-13 05:23:52');
INSERT INTO `posts` (`id`, `user_id`, `body`, `created_at`, `updated_at`) VALUES ('94', '94', 'Sit et asperiores optio nihil. Molestiae eum molestiae vero a voluptas quia nobis. Officia praesentium maiores dolores labore vero recusandae. In velit eveniet sapiente dolorem nemo sunt.', '1997-01-23 16:45:45', '1987-10-09 04:24:51');
INSERT INTO `posts` (`id`, `user_id`, `body`, `created_at`, `updated_at`) VALUES ('95', '95', 'Et exercitationem deleniti reprehenderit blanditiis maiores. Et quibusdam vitae qui sit quod. Asperiores qui debitis asperiores nemo similique. Excepturi nisi et qui aut animi est. Provident sed commodi non error sed repudiandae ea est.', '1971-08-15 03:51:38', '1984-02-03 22:03:41');
INSERT INTO `posts` (`id`, `user_id`, `body`, `created_at`, `updated_at`) VALUES ('96', '96', 'Voluptatum quo dolorem blanditiis voluptatem et quae aspernatur. Sed dolore sequi aut quidem ex voluptate. Nisi nesciunt nihil sapiente aut blanditiis commodi sint nihil.', '2014-05-30 09:10:14', '1979-11-12 22:37:17');
INSERT INTO `posts` (`id`, `user_id`, `body`, `created_at`, `updated_at`) VALUES ('97', '97', 'Aspernatur optio fuga ea corrupti et. Recusandae nam libero voluptatem dolor incidunt. Consequatur ex quam delectus. Quam fuga est natus aliquam numquam eius.', '2000-01-09 21:31:42', '1998-03-22 03:19:55');
INSERT INTO `posts` (`id`, `user_id`, `body`, `created_at`, `updated_at`) VALUES ('98', '98', 'Error reiciendis laborum vero velit. Explicabo aspernatur sit maiores dolorem aut omnis sapiente. Consequatur a quae dolor. Corrupti velit modi laborum repellat fugiat ducimus aspernatur.', '1990-09-02 03:36:33', '1995-03-18 09:50:21');
INSERT INTO `posts` (`id`, `user_id`, `body`, `created_at`, `updated_at`) VALUES ('99', '99', 'Fugiat tenetur aut dolorem sit. Perferendis et a ex nihil est quia. Aut qui possimus quia omnis voluptas. Ea est id iste autem.', '1996-07-23 19:37:13', '1987-05-01 03:28:55');
INSERT INTO `posts` (`id`, `user_id`, `body`, `created_at`, `updated_at`) VALUES ('100', '100', 'Molestiae et sed deserunt et illum. Non quas magnam sunt omnis ipsum quasi debitis. Corporis praesentium adipisci harum et sit. Reiciendis placeat aperiam enim hic reprehenderit. Excepturi voluptatem molestias vero.', '2010-11-26 05:30:57', '1999-06-15 12:02:28');


#
# TABLE STRUCTURE FOR: profiles
#

DROP TABLE IF EXISTS `profiles`;

CREATE TABLE `profiles` (
  `user_id` bigint(20) unsigned NOT NULL AUTO_INCREMENT,
  `gender` char(1) COLLATE utf8_unicode_ci DEFAULT NULL,
  `birthday` date DEFAULT NULL,
  `photo_id` bigint(20) unsigned DEFAULT NULL,
  `created_at` datetime DEFAULT current_timestamp(),
  `hometown` varchar(100) COLLATE utf8_unicode_ci DEFAULT NULL,
  PRIMARY KEY (`user_id`),
  CONSTRAINT `fk_user_id` FOREIGN KEY (`user_id`) REFERENCES `users` (`id`) ON DELETE NO ACTION ON UPDATE CASCADE
) ENGINE=InnoDB AUTO_INCREMENT=101 DEFAULT CHARSET=utf8 COLLATE=utf8_unicode_ci;

INSERT INTO `profiles` (`user_id`, `gender`, `birthday`, `photo_id`, `created_at`, `hometown`) VALUES ('1', NULL, '2011-03-04', '1', '1993-01-05 08:25:41', NULL);
INSERT INTO `profiles` (`user_id`, `gender`, `birthday`, `photo_id`, `created_at`, `hometown`) VALUES ('2', NULL, '1993-03-18', '2', '1975-04-16 02:16:42', NULL);
INSERT INTO `profiles` (`user_id`, `gender`, `birthday`, `photo_id`, `created_at`, `hometown`) VALUES ('3', NULL, '2010-05-29', '3', '2003-09-22 00:46:09', NULL);
INSERT INTO `profiles` (`user_id`, `gender`, `birthday`, `photo_id`, `created_at`, `hometown`) VALUES ('4', NULL, '1972-06-05', '4', '1975-11-23 09:13:33', NULL);
INSERT INTO `profiles` (`user_id`, `gender`, `birthday`, `photo_id`, `created_at`, `hometown`) VALUES ('5', NULL, '1982-05-14', '5', '1990-05-23 06:33:12', NULL);
INSERT INTO `profiles` (`user_id`, `gender`, `birthday`, `photo_id`, `created_at`, `hometown`) VALUES ('6', NULL, '1982-05-30', '6', '1977-08-26 20:41:53', NULL);
INSERT INTO `profiles` (`user_id`, `gender`, `birthday`, `photo_id`, `created_at`, `hometown`) VALUES ('7', NULL, '1981-09-04', '7', '1997-10-28 22:53:26', NULL);
INSERT INTO `profiles` (`user_id`, `gender`, `birthday`, `photo_id`, `created_at`, `hometown`) VALUES ('8', NULL, '1973-08-28', '8', '1997-09-20 18:28:04', NULL);
INSERT INTO `profiles` (`user_id`, `gender`, `birthday`, `photo_id`, `created_at`, `hometown`) VALUES ('9', NULL, '1983-03-25', '9', '1988-02-22 02:54:17', NULL);
INSERT INTO `profiles` (`user_id`, `gender`, `birthday`, `photo_id`, `created_at`, `hometown`) VALUES ('10', NULL, '1984-05-01', '10', '2006-01-26 07:02:10', NULL);
INSERT INTO `profiles` (`user_id`, `gender`, `birthday`, `photo_id`, `created_at`, `hometown`) VALUES ('11', NULL, '1976-12-03', '11', '2005-07-29 10:05:58', NULL);
INSERT INTO `profiles` (`user_id`, `gender`, `birthday`, `photo_id`, `created_at`, `hometown`) VALUES ('12', NULL, '2012-09-27', '12', '2011-08-03 12:32:45', NULL);
INSERT INTO `profiles` (`user_id`, `gender`, `birthday`, `photo_id`, `created_at`, `hometown`) VALUES ('13', NULL, '1977-08-13', '13', '1975-02-15 01:52:03', NULL);
INSERT INTO `profiles` (`user_id`, `gender`, `birthday`, `photo_id`, `created_at`, `hometown`) VALUES ('14', NULL, '2019-08-02', '14', '1984-03-09 22:05:08', NULL);
INSERT INTO `profiles` (`user_id`, `gender`, `birthday`, `photo_id`, `created_at`, `hometown`) VALUES ('15', NULL, '2014-05-07', '15', '1997-06-11 12:34:03', NULL);
INSERT INTO `profiles` (`user_id`, `gender`, `birthday`, `photo_id`, `created_at`, `hometown`) VALUES ('16', NULL, '2002-12-02', '16', '2006-11-27 00:06:01', NULL);
INSERT INTO `profiles` (`user_id`, `gender`, `birthday`, `photo_id`, `created_at`, `hometown`) VALUES ('17', NULL, '1974-02-26', '17', '1987-11-12 21:52:26', NULL);
INSERT INTO `profiles` (`user_id`, `gender`, `birthday`, `photo_id`, `created_at`, `hometown`) VALUES ('18', NULL, '2015-06-22', '18', '1990-12-05 02:38:13', NULL);
INSERT INTO `profiles` (`user_id`, `gender`, `birthday`, `photo_id`, `created_at`, `hometown`) VALUES ('19', NULL, '2010-10-01', '19', '1991-01-02 22:50:02', NULL);
INSERT INTO `profiles` (`user_id`, `gender`, `birthday`, `photo_id`, `created_at`, `hometown`) VALUES ('20', NULL, '1997-05-25', '20', '1986-01-30 10:41:51', NULL);
INSERT INTO `profiles` (`user_id`, `gender`, `birthday`, `photo_id`, `created_at`, `hometown`) VALUES ('21', NULL, '2011-06-05', '21', '1972-03-06 17:13:03', NULL);
INSERT INTO `profiles` (`user_id`, `gender`, `birthday`, `photo_id`, `created_at`, `hometown`) VALUES ('22', NULL, '1998-04-01', '22', '1980-10-31 08:21:13', NULL);
INSERT INTO `profiles` (`user_id`, `gender`, `birthday`, `photo_id`, `created_at`, `hometown`) VALUES ('23', NULL, '1971-08-19', '23', '1993-12-21 14:36:30', NULL);
INSERT INTO `profiles` (`user_id`, `gender`, `birthday`, `photo_id`, `created_at`, `hometown`) VALUES ('24', NULL, '2007-12-17', '24', '1997-02-28 16:57:35', NULL);
INSERT INTO `profiles` (`user_id`, `gender`, `birthday`, `photo_id`, `created_at`, `hometown`) VALUES ('25', NULL, '1999-01-02', '25', '1997-02-01 13:43:48', NULL);
INSERT INTO `profiles` (`user_id`, `gender`, `birthday`, `photo_id`, `created_at`, `hometown`) VALUES ('26', NULL, '1984-01-05', '26', '2017-03-31 15:34:48', NULL);
INSERT INTO `profiles` (`user_id`, `gender`, `birthday`, `photo_id`, `created_at`, `hometown`) VALUES ('27', NULL, '1996-09-24', '27', '1987-10-02 01:21:12', NULL);
INSERT INTO `profiles` (`user_id`, `gender`, `birthday`, `photo_id`, `created_at`, `hometown`) VALUES ('28', NULL, '1997-08-24', '28', '1992-06-17 16:35:44', NULL);
INSERT INTO `profiles` (`user_id`, `gender`, `birthday`, `photo_id`, `created_at`, `hometown`) VALUES ('29', NULL, '2013-05-29', '29', '1998-05-24 03:43:11', NULL);
INSERT INTO `profiles` (`user_id`, `gender`, `birthday`, `photo_id`, `created_at`, `hometown`) VALUES ('30', NULL, '2012-03-27', '30', '2000-05-04 12:12:43', NULL);
INSERT INTO `profiles` (`user_id`, `gender`, `birthday`, `photo_id`, `created_at`, `hometown`) VALUES ('31', NULL, '1972-05-13', '31', '2000-11-22 13:34:19', NULL);
INSERT INTO `profiles` (`user_id`, `gender`, `birthday`, `photo_id`, `created_at`, `hometown`) VALUES ('32', NULL, '1989-01-22', '32', '1973-01-12 19:31:59', NULL);
INSERT INTO `profiles` (`user_id`, `gender`, `birthday`, `photo_id`, `created_at`, `hometown`) VALUES ('33', NULL, '1981-05-14', '33', '2003-02-18 09:07:54', NULL);
INSERT INTO `profiles` (`user_id`, `gender`, `birthday`, `photo_id`, `created_at`, `hometown`) VALUES ('34', NULL, '2013-08-27', '34', '1978-12-20 22:33:15', NULL);
INSERT INTO `profiles` (`user_id`, `gender`, `birthday`, `photo_id`, `created_at`, `hometown`) VALUES ('35', NULL, '2011-08-03', '35', '2012-07-06 18:58:42', NULL);
INSERT INTO `profiles` (`user_id`, `gender`, `birthday`, `photo_id`, `created_at`, `hometown`) VALUES ('36', NULL, '1997-11-09', '36', '1970-12-05 17:07:33', NULL);
INSERT INTO `profiles` (`user_id`, `gender`, `birthday`, `photo_id`, `created_at`, `hometown`) VALUES ('37', NULL, '1988-05-21', '37', '2004-04-28 07:08:20', NULL);
INSERT INTO `profiles` (`user_id`, `gender`, `birthday`, `photo_id`, `created_at`, `hometown`) VALUES ('38', NULL, '1982-10-03', '38', '1973-08-08 16:03:56', NULL);
INSERT INTO `profiles` (`user_id`, `gender`, `birthday`, `photo_id`, `created_at`, `hometown`) VALUES ('39', NULL, '1972-02-05', '39', '2000-09-29 22:30:05', NULL);
INSERT INTO `profiles` (`user_id`, `gender`, `birthday`, `photo_id`, `created_at`, `hometown`) VALUES ('40', NULL, '1987-08-02', '40', '2008-07-08 23:09:27', NULL);
INSERT INTO `profiles` (`user_id`, `gender`, `birthday`, `photo_id`, `created_at`, `hometown`) VALUES ('41', NULL, '2011-12-12', '41', '1978-04-26 06:57:41', NULL);
INSERT INTO `profiles` (`user_id`, `gender`, `birthday`, `photo_id`, `created_at`, `hometown`) VALUES ('42', NULL, '1974-10-05', '42', '2015-05-20 17:04:03', NULL);
INSERT INTO `profiles` (`user_id`, `gender`, `birthday`, `photo_id`, `created_at`, `hometown`) VALUES ('43', NULL, '1986-11-22', '43', '2004-12-19 11:59:26', NULL);
INSERT INTO `profiles` (`user_id`, `gender`, `birthday`, `photo_id`, `created_at`, `hometown`) VALUES ('44', NULL, '1981-04-07', '44', '1979-02-16 10:20:27', NULL);
INSERT INTO `profiles` (`user_id`, `gender`, `birthday`, `photo_id`, `created_at`, `hometown`) VALUES ('45', NULL, '1975-07-01', '45', '1978-04-15 00:13:04', NULL);
INSERT INTO `profiles` (`user_id`, `gender`, `birthday`, `photo_id`, `created_at`, `hometown`) VALUES ('46', NULL, '2005-06-15', '46', '1980-03-08 07:26:07', NULL);
INSERT INTO `profiles` (`user_id`, `gender`, `birthday`, `photo_id`, `created_at`, `hometown`) VALUES ('47', NULL, '1980-01-12', '47', '1987-10-13 14:34:10', NULL);
INSERT INTO `profiles` (`user_id`, `gender`, `birthday`, `photo_id`, `created_at`, `hometown`) VALUES ('48', NULL, '1978-06-16', '48', '1978-03-04 18:59:08', NULL);
INSERT INTO `profiles` (`user_id`, `gender`, `birthday`, `photo_id`, `created_at`, `hometown`) VALUES ('49', NULL, '1970-04-02', '49', '2009-08-21 17:45:45', NULL);
INSERT INTO `profiles` (`user_id`, `gender`, `birthday`, `photo_id`, `created_at`, `hometown`) VALUES ('50', NULL, '1984-09-04', '50', '1987-03-24 22:49:25', NULL);
INSERT INTO `profiles` (`user_id`, `gender`, `birthday`, `photo_id`, `created_at`, `hometown`) VALUES ('51', NULL, '2006-04-08', '51', '2015-12-29 03:15:06', NULL);
INSERT INTO `profiles` (`user_id`, `gender`, `birthday`, `photo_id`, `created_at`, `hometown`) VALUES ('52', NULL, '1970-12-14', '52', '1991-01-02 19:25:58', NULL);
INSERT INTO `profiles` (`user_id`, `gender`, `birthday`, `photo_id`, `created_at`, `hometown`) VALUES ('53', NULL, '2003-08-11', '53', '1981-09-02 05:22:21', NULL);
INSERT INTO `profiles` (`user_id`, `gender`, `birthday`, `photo_id`, `created_at`, `hometown`) VALUES ('54', NULL, '1991-07-12', '54', '2006-07-18 19:08:12', NULL);
INSERT INTO `profiles` (`user_id`, `gender`, `birthday`, `photo_id`, `created_at`, `hometown`) VALUES ('55', NULL, '1987-12-05', '55', '1991-02-16 20:19:45', NULL);
INSERT INTO `profiles` (`user_id`, `gender`, `birthday`, `photo_id`, `created_at`, `hometown`) VALUES ('56', NULL, '1980-05-02', '56', '1994-09-22 17:06:53', NULL);
INSERT INTO `profiles` (`user_id`, `gender`, `birthday`, `photo_id`, `created_at`, `hometown`) VALUES ('57', NULL, '1998-02-16', '57', '1977-06-04 16:17:43', NULL);
INSERT INTO `profiles` (`user_id`, `gender`, `birthday`, `photo_id`, `created_at`, `hometown`) VALUES ('58', NULL, '2001-11-25', '58', '1975-02-20 19:42:51', NULL);
INSERT INTO `profiles` (`user_id`, `gender`, `birthday`, `photo_id`, `created_at`, `hometown`) VALUES ('59', NULL, '2000-11-25', '59', '1975-08-17 15:07:38', NULL);
INSERT INTO `profiles` (`user_id`, `gender`, `birthday`, `photo_id`, `created_at`, `hometown`) VALUES ('60', NULL, '1974-02-26', '60', '1974-12-17 00:40:58', NULL);
INSERT INTO `profiles` (`user_id`, `gender`, `birthday`, `photo_id`, `created_at`, `hometown`) VALUES ('61', NULL, '2014-08-21', '61', '2011-02-13 20:52:03', NULL);
INSERT INTO `profiles` (`user_id`, `gender`, `birthday`, `photo_id`, `created_at`, `hometown`) VALUES ('62', NULL, '2011-12-02', '62', '1974-10-19 17:54:34', NULL);
INSERT INTO `profiles` (`user_id`, `gender`, `birthday`, `photo_id`, `created_at`, `hometown`) VALUES ('63', NULL, '2001-10-02', '63', '1976-03-20 00:03:46', NULL);
INSERT INTO `profiles` (`user_id`, `gender`, `birthday`, `photo_id`, `created_at`, `hometown`) VALUES ('64', NULL, '1992-07-02', '64', '2007-08-07 08:12:38', NULL);
INSERT INTO `profiles` (`user_id`, `gender`, `birthday`, `photo_id`, `created_at`, `hometown`) VALUES ('65', NULL, '2014-02-15', '65', '1985-06-04 17:44:29', NULL);
INSERT INTO `profiles` (`user_id`, `gender`, `birthday`, `photo_id`, `created_at`, `hometown`) VALUES ('66', NULL, '1981-04-14', '66', '2000-09-23 19:10:55', NULL);
INSERT INTO `profiles` (`user_id`, `gender`, `birthday`, `photo_id`, `created_at`, `hometown`) VALUES ('67', NULL, '2005-06-29', '67', '1971-09-07 09:08:21', NULL);
INSERT INTO `profiles` (`user_id`, `gender`, `birthday`, `photo_id`, `created_at`, `hometown`) VALUES ('68', NULL, '1996-08-05', '68', '1991-08-30 08:14:58', NULL);
INSERT INTO `profiles` (`user_id`, `gender`, `birthday`, `photo_id`, `created_at`, `hometown`) VALUES ('69', NULL, '2004-11-01', '69', '1990-11-25 23:21:34', NULL);
INSERT INTO `profiles` (`user_id`, `gender`, `birthday`, `photo_id`, `created_at`, `hometown`) VALUES ('70', NULL, '1988-06-17', '70', '1993-05-17 11:05:04', NULL);
INSERT INTO `profiles` (`user_id`, `gender`, `birthday`, `photo_id`, `created_at`, `hometown`) VALUES ('71', NULL, '1984-10-05', '71', '1979-12-07 13:02:17', NULL);
INSERT INTO `profiles` (`user_id`, `gender`, `birthday`, `photo_id`, `created_at`, `hometown`) VALUES ('72', NULL, '2005-08-19', '72', '1972-05-14 07:43:55', NULL);
INSERT INTO `profiles` (`user_id`, `gender`, `birthday`, `photo_id`, `created_at`, `hometown`) VALUES ('73', NULL, '2012-06-24', '73', '1987-10-28 02:56:25', NULL);
INSERT INTO `profiles` (`user_id`, `gender`, `birthday`, `photo_id`, `created_at`, `hometown`) VALUES ('74', NULL, '2011-02-10', '74', '1991-03-26 06:52:36', NULL);
INSERT INTO `profiles` (`user_id`, `gender`, `birthday`, `photo_id`, `created_at`, `hometown`) VALUES ('75', NULL, '1984-04-23', '75', '2011-06-28 17:47:51', NULL);
INSERT INTO `profiles` (`user_id`, `gender`, `birthday`, `photo_id`, `created_at`, `hometown`) VALUES ('76', NULL, '1983-08-22', '76', '1972-02-11 08:54:11', NULL);
INSERT INTO `profiles` (`user_id`, `gender`, `birthday`, `photo_id`, `created_at`, `hometown`) VALUES ('77', NULL, '1994-11-09', '77', '1990-01-30 13:17:06', NULL);
INSERT INTO `profiles` (`user_id`, `gender`, `birthday`, `photo_id`, `created_at`, `hometown`) VALUES ('78', NULL, '2009-08-30', '78', '1983-05-04 13:07:16', NULL);
INSERT INTO `profiles` (`user_id`, `gender`, `birthday`, `photo_id`, `created_at`, `hometown`) VALUES ('79', NULL, '1999-08-17', '79', '1975-01-06 18:20:13', NULL);
INSERT INTO `profiles` (`user_id`, `gender`, `birthday`, `photo_id`, `created_at`, `hometown`) VALUES ('80', NULL, '2012-05-18', '80', '1985-12-15 03:48:30', NULL);
INSERT INTO `profiles` (`user_id`, `gender`, `birthday`, `photo_id`, `created_at`, `hometown`) VALUES ('81', NULL, '1995-07-06', '81', '1990-03-21 02:58:57', NULL);
INSERT INTO `profiles` (`user_id`, `gender`, `birthday`, `photo_id`, `created_at`, `hometown`) VALUES ('82', NULL, '1981-01-30', '82', '1971-10-11 12:07:18', NULL);
INSERT INTO `profiles` (`user_id`, `gender`, `birthday`, `photo_id`, `created_at`, `hometown`) VALUES ('83', NULL, '2003-08-21', '83', '2012-12-25 11:08:47', NULL);
INSERT INTO `profiles` (`user_id`, `gender`, `birthday`, `photo_id`, `created_at`, `hometown`) VALUES ('84', NULL, '1982-10-25', '84', '1986-03-15 06:42:01', NULL);
INSERT INTO `profiles` (`user_id`, `gender`, `birthday`, `photo_id`, `created_at`, `hometown`) VALUES ('85', NULL, '1989-03-14', '85', '1983-07-23 21:15:44', NULL);
INSERT INTO `profiles` (`user_id`, `gender`, `birthday`, `photo_id`, `created_at`, `hometown`) VALUES ('86', NULL, '1993-04-30', '86', '1977-06-24 00:44:40', NULL);
INSERT INTO `profiles` (`user_id`, `gender`, `birthday`, `photo_id`, `created_at`, `hometown`) VALUES ('87', NULL, '1997-05-07', '87', '1977-10-19 04:41:30', NULL);
INSERT INTO `profiles` (`user_id`, `gender`, `birthday`, `photo_id`, `created_at`, `hometown`) VALUES ('88', NULL, '1986-01-02', '88', '2005-05-12 16:50:39', NULL);
INSERT INTO `profiles` (`user_id`, `gender`, `birthday`, `photo_id`, `created_at`, `hometown`) VALUES ('89', NULL, '1987-12-08', '89', '1990-12-06 13:47:25', NULL);
INSERT INTO `profiles` (`user_id`, `gender`, `birthday`, `photo_id`, `created_at`, `hometown`) VALUES ('90', NULL, '2001-07-28', '90', '1992-06-07 18:48:09', NULL);
INSERT INTO `profiles` (`user_id`, `gender`, `birthday`, `photo_id`, `created_at`, `hometown`) VALUES ('91', NULL, '1991-03-30', '91', '1991-11-14 00:39:40', NULL);
INSERT INTO `profiles` (`user_id`, `gender`, `birthday`, `photo_id`, `created_at`, `hometown`) VALUES ('92', NULL, '2008-06-01', '92', '2008-12-10 20:32:47', NULL);
INSERT INTO `profiles` (`user_id`, `gender`, `birthday`, `photo_id`, `created_at`, `hometown`) VALUES ('93', NULL, '2015-02-26', '93', '1983-07-01 01:13:54', NULL);
INSERT INTO `profiles` (`user_id`, `gender`, `birthday`, `photo_id`, `created_at`, `hometown`) VALUES ('94', NULL, '1992-10-20', '94', '2004-07-25 12:08:39', NULL);
INSERT INTO `profiles` (`user_id`, `gender`, `birthday`, `photo_id`, `created_at`, `hometown`) VALUES ('95', NULL, '1981-09-19', '95', '1970-10-04 04:41:11', NULL);
INSERT INTO `profiles` (`user_id`, `gender`, `birthday`, `photo_id`, `created_at`, `hometown`) VALUES ('96', NULL, '1986-03-28', '96', '2012-04-23 22:15:27', NULL);
INSERT INTO `profiles` (`user_id`, `gender`, `birthday`, `photo_id`, `created_at`, `hometown`) VALUES ('97', NULL, '1987-11-22', '97', '1988-02-03 22:21:05', NULL);
INSERT INTO `profiles` (`user_id`, `gender`, `birthday`, `photo_id`, `created_at`, `hometown`) VALUES ('98', NULL, '1970-01-10', '98', '2005-10-28 02:22:43', NULL);
INSERT INTO `profiles` (`user_id`, `gender`, `birthday`, `photo_id`, `created_at`, `hometown`) VALUES ('99', NULL, '2009-09-15', '99', '2015-10-28 08:23:22', NULL);
INSERT INTO `profiles` (`user_id`, `gender`, `birthday`, `photo_id`, `created_at`, `hometown`) VALUES ('100', NULL, '2016-01-26', '100', '2003-11-03 04:18:38', NULL);


#
# TABLE STRUCTURE FOR: users
#

DROP TABLE IF EXISTS `users`;

CREATE TABLE `users` (
  `id` bigint(20) unsigned NOT NULL AUTO_INCREMENT,
  `firstname` varchar(100) COLLATE utf8_unicode_ci DEFAULT NULL,
  `lastname` varchar(100) COLLATE utf8_unicode_ci DEFAULT NULL,
  `email` varchar(100) COLLATE utf8_unicode_ci DEFAULT NULL,
  `password hash` varchar(100) COLLATE utf8_unicode_ci DEFAULT NULL,
  `phone` varchar(12) COLLATE utf8_unicode_ci DEFAULT NULL,
  PRIMARY KEY (`id`),
  UNIQUE KEY `email` (`email`),
  KEY `users_phone_idx` (`phone`),
  KEY `firstname` (`firstname`,`lastname`)
) ENGINE=InnoDB AUTO_INCREMENT=101 DEFAULT CHARSET=utf8 COLLATE=utf8_unicode_ci;

INSERT INTO `users` (`id`, `firstname`, `lastname`, `email`, `password hash`, `phone`) VALUES ('1', 'Trevion', 'Stanton', 'linda.gerlach@example.com', NULL, '836.918.1976');
INSERT INTO `users` (`id`, `firstname`, `lastname`, `email`, `password hash`, `phone`) VALUES ('2', 'Boyd', 'Bernhard', 'xmorissette@example.com', NULL, '(968)722-753');
INSERT INTO `users` (`id`, `firstname`, `lastname`, `email`, `password hash`, `phone`) VALUES ('3', 'Claudie', 'Price', 'kaleigh.wolf@example.net', NULL, '(870)673-234');
INSERT INTO `users` (`id`, `firstname`, `lastname`, `email`, `password hash`, `phone`) VALUES ('4', 'Olga', 'DuBuque', 'clarabelle02@example.com', NULL, '+48(4)592614');
INSERT INTO `users` (`id`, `firstname`, `lastname`, `email`, `password hash`, `phone`) VALUES ('5', 'Alyce', 'Yost', 'd\'amore.modesto@example.net', NULL, '+77(1)568735');
INSERT INTO `users` (`id`, `firstname`, `lastname`, `email`, `password hash`, `phone`) VALUES ('6', 'Modesto', 'Bailey', 'bertram.brown@example.net', NULL, '769.625.1045');
INSERT INTO `users` (`id`, `firstname`, `lastname`, `email`, `password hash`, `phone`) VALUES ('7', 'Eryn', 'Kemmer', 'amara01@example.net', NULL, '(681)822-157');
INSERT INTO `users` (`id`, `firstname`, `lastname`, `email`, `password hash`, `phone`) VALUES ('8', 'Doris', 'Sanford', 'vkreiger@example.net', NULL, '318-824-5998');
INSERT INTO `users` (`id`, `firstname`, `lastname`, `email`, `password hash`, `phone`) VALUES ('9', 'Lexie', 'Reynolds', 'orn.naomie@example.com', NULL, '1-224-244-45');
INSERT INTO `users` (`id`, `firstname`, `lastname`, `email`, `password hash`, `phone`) VALUES ('10', 'Jany', 'Mertz', 'thomas47@example.org', NULL, '818-291-8840');
INSERT INTO `users` (`id`, `firstname`, `lastname`, `email`, `password hash`, `phone`) VALUES ('11', 'Jordy', 'Jenkins', 'jewell01@example.net', NULL, '1-055-496-00');
INSERT INTO `users` (`id`, `firstname`, `lastname`, `email`, `password hash`, `phone`) VALUES ('12', 'Elisha', 'Trantow', 'flatley.rod@example.net', NULL, '088.472.9950');
INSERT INTO `users` (`id`, `firstname`, `lastname`, `email`, `password hash`, `phone`) VALUES ('13', 'Braulio', 'Marks', 'kaitlyn.leuschke@example.com', NULL, '+95(2)429716');
INSERT INTO `users` (`id`, `firstname`, `lastname`, `email`, `password hash`, `phone`) VALUES ('14', 'Queen', 'Kirlin', 'joanny09@example.com', NULL, '490-365-7686');
INSERT INTO `users` (`id`, `firstname`, `lastname`, `email`, `password hash`, `phone`) VALUES ('15', 'Rhianna', 'Jacobs', 'wwilkinson@example.org', NULL, '417-837-2565');
INSERT INTO `users` (`id`, `firstname`, `lastname`, `email`, `password hash`, `phone`) VALUES ('16', 'Ethan', 'Fritsch', 'parisian.evan@example.net', NULL, '1-666-233-74');
INSERT INTO `users` (`id`, `firstname`, `lastname`, `email`, `password hash`, `phone`) VALUES ('17', 'Gilbert', 'Blick', 'halvorson.anderson@example.org', NULL, '+39(1)942540');
INSERT INTO `users` (`id`, `firstname`, `lastname`, `email`, `password hash`, `phone`) VALUES ('18', 'Alvina', 'Kulas', 'savion.spencer@example.com', NULL, '+08(7)202835');
INSERT INTO `users` (`id`, `firstname`, `lastname`, `email`, `password hash`, `phone`) VALUES ('19', 'Caleigh', 'Mueller', 'mauer@example.org', NULL, '264-233-2050');
INSERT INTO `users` (`id`, `firstname`, `lastname`, `email`, `password hash`, `phone`) VALUES ('20', 'Joy', 'Cummings', 'reynolds.shanel@example.org', NULL, '1-751-774-58');
INSERT INTO `users` (`id`, `firstname`, `lastname`, `email`, `password hash`, `phone`) VALUES ('21', 'Evangeline', 'Cruickshank', 'tdenesik@example.org', NULL, '938-298-3817');
INSERT INTO `users` (`id`, `firstname`, `lastname`, `email`, `password hash`, `phone`) VALUES ('22', 'Jensen', 'Rosenbaum', 'dbechtelar@example.org', NULL, '(761)283-259');
INSERT INTO `users` (`id`, `firstname`, `lastname`, `email`, `password hash`, `phone`) VALUES ('23', 'Vivian', 'Kuhlman', 'dprosacco@example.net', NULL, '975.717.0263');
INSERT INTO `users` (`id`, `firstname`, `lastname`, `email`, `password hash`, `phone`) VALUES ('24', 'Susana', 'Ward', 'anna59@example.net', NULL, '586-700-1005');
INSERT INTO `users` (`id`, `firstname`, `lastname`, `email`, `password hash`, `phone`) VALUES ('25', 'Adrien', 'Stoltenberg', 'orville.murazik@example.net', NULL, '(819)872-462');
INSERT INTO `users` (`id`, `firstname`, `lastname`, `email`, `password hash`, `phone`) VALUES ('26', 'Krystina', 'Hahn', 'aida81@example.org', NULL, '1-462-155-69');
INSERT INTO `users` (`id`, `firstname`, `lastname`, `email`, `password hash`, `phone`) VALUES ('27', 'Hulda', 'Bashirian', 'dicki.thalia@example.com', NULL, '129-451-9949');
INSERT INTO `users` (`id`, `firstname`, `lastname`, `email`, `password hash`, `phone`) VALUES ('28', 'Roxanne', 'Beier', 'zvandervort@example.org', NULL, '08500390202');
INSERT INTO `users` (`id`, `firstname`, `lastname`, `email`, `password hash`, `phone`) VALUES ('29', 'Elmer', 'Jast', 'archibald28@example.org', NULL, '1-449-150-79');
INSERT INTO `users` (`id`, `firstname`, `lastname`, `email`, `password hash`, `phone`) VALUES ('30', 'Anais', 'Champlin', 'jennings87@example.net', NULL, '(451)298-160');
INSERT INTO `users` (`id`, `firstname`, `lastname`, `email`, `password hash`, `phone`) VALUES ('31', 'Miguel', 'Borer', 'lottie.romaguera@example.com', NULL, '1-572-880-28');
INSERT INTO `users` (`id`, `firstname`, `lastname`, `email`, `password hash`, `phone`) VALUES ('32', 'Ricky', 'Kuhn', 'delaney79@example.com', NULL, '560-792-9300');
INSERT INTO `users` (`id`, `firstname`, `lastname`, `email`, `password hash`, `phone`) VALUES ('33', 'Alvina', 'Flatley', 'schuster.lora@example.net', NULL, '1-439-182-51');
INSERT INTO `users` (`id`, `firstname`, `lastname`, `email`, `password hash`, `phone`) VALUES ('34', 'Charlene', 'Luettgen', 'elinore51@example.net', NULL, '234.506.1948');
INSERT INTO `users` (`id`, `firstname`, `lastname`, `email`, `password hash`, `phone`) VALUES ('35', 'Pearline', 'Schaden', 'wilkinson.tre@example.com', NULL, '(213)288-809');
INSERT INTO `users` (`id`, `firstname`, `lastname`, `email`, `password hash`, `phone`) VALUES ('36', 'Callie', 'Wunsch', 'umclaughlin@example.com', NULL, '+77(9)996947');
INSERT INTO `users` (`id`, `firstname`, `lastname`, `email`, `password hash`, `phone`) VALUES ('37', 'Andy', 'Stamm', 'dante.reichert@example.net', NULL, '(929)422-484');
INSERT INTO `users` (`id`, `firstname`, `lastname`, `email`, `password hash`, `phone`) VALUES ('38', 'Luis', 'Kulas', 'geovanny12@example.com', NULL, '(660)992-911');
INSERT INTO `users` (`id`, `firstname`, `lastname`, `email`, `password hash`, `phone`) VALUES ('39', 'Cary', 'Parisian', 'bailey.roy@example.net', NULL, '913.025.9951');
INSERT INTO `users` (`id`, `firstname`, `lastname`, `email`, `password hash`, `phone`) VALUES ('40', 'Alessia', 'Rolfson', 'tito.schroeder@example.net', NULL, '968-718-5953');
INSERT INTO `users` (`id`, `firstname`, `lastname`, `email`, `password hash`, `phone`) VALUES ('41', 'Bradford', 'Rolfson', 'jacobi.deshawn@example.org', NULL, '04865607577');
INSERT INTO `users` (`id`, `firstname`, `lastname`, `email`, `password hash`, `phone`) VALUES ('42', 'Stacey', 'Greenholt', 'yessenia.weber@example.net', NULL, '1-108-138-70');
INSERT INTO `users` (`id`, `firstname`, `lastname`, `email`, `password hash`, `phone`) VALUES ('43', 'Rafaela', 'Jast', 'hal.boyle@example.org', NULL, '206.829.1308');
INSERT INTO `users` (`id`, `firstname`, `lastname`, `email`, `password hash`, `phone`) VALUES ('44', 'Frida', 'Von', 'hermiston.madie@example.com', NULL, '(824)736-398');
INSERT INTO `users` (`id`, `firstname`, `lastname`, `email`, `password hash`, `phone`) VALUES ('45', 'Maude', 'Cronin', 'kking@example.org', NULL, '(003)170-522');
INSERT INTO `users` (`id`, `firstname`, `lastname`, `email`, `password hash`, `phone`) VALUES ('46', 'Francis', 'Kilback', 'clovis87@example.net', NULL, '1-612-693-81');
INSERT INTO `users` (`id`, `firstname`, `lastname`, `email`, `password hash`, `phone`) VALUES ('47', 'Donavon', 'Ferry', 'marc89@example.net', NULL, '+27(3)747613');
INSERT INTO `users` (`id`, `firstname`, `lastname`, `email`, `password hash`, `phone`) VALUES ('48', 'Jacky', 'Gusikowski', 'maia.ziemann@example.org', NULL, '(769)761-146');
INSERT INTO `users` (`id`, `firstname`, `lastname`, `email`, `password hash`, `phone`) VALUES ('49', 'Dagmar', 'Schoen', 'ybednar@example.org', NULL, '1-393-629-15');
INSERT INTO `users` (`id`, `firstname`, `lastname`, `email`, `password hash`, `phone`) VALUES ('50', 'Ernestine', 'Sanford', 'mitchell.josianne@example.com', NULL, '925-163-0053');
INSERT INTO `users` (`id`, `firstname`, `lastname`, `email`, `password hash`, `phone`) VALUES ('51', 'Cleve', 'Jaskolski', 'jakubowski.noe@example.org', NULL, '(935)978-516');
INSERT INTO `users` (`id`, `firstname`, `lastname`, `email`, `password hash`, `phone`) VALUES ('52', 'Haylie', 'Cummerata', 'greta90@example.net', NULL, '06840381565');
INSERT INTO `users` (`id`, `firstname`, `lastname`, `email`, `password hash`, `phone`) VALUES ('53', 'Annabel', 'Bosco', 'kaitlyn.mcglynn@example.net', NULL, '398.060.3121');
INSERT INTO `users` (`id`, `firstname`, `lastname`, `email`, `password hash`, `phone`) VALUES ('54', 'Verona', 'Bednar', 'cormier.joyce@example.net', NULL, '1-639-428-34');
INSERT INTO `users` (`id`, `firstname`, `lastname`, `email`, `password hash`, `phone`) VALUES ('55', 'Ralph', 'Kuhn', 'annamarie.hane@example.org', NULL, '(487)963-055');
INSERT INTO `users` (`id`, `firstname`, `lastname`, `email`, `password hash`, `phone`) VALUES ('56', 'Muriel', 'Turner', 'ikessler@example.net', NULL, '951.250.4952');
INSERT INTO `users` (`id`, `firstname`, `lastname`, `email`, `password hash`, `phone`) VALUES ('57', 'Skyla', 'Hermiston', 'xrutherford@example.net', NULL, '180.771.3817');
INSERT INTO `users` (`id`, `firstname`, `lastname`, `email`, `password hash`, `phone`) VALUES ('58', 'Casimir', 'Swift', 'ubaldo.christiansen@example.org', NULL, '616-395-0398');
INSERT INTO `users` (`id`, `firstname`, `lastname`, `email`, `password hash`, `phone`) VALUES ('59', 'Yvonne', 'Kreiger', 'norma.kuvalis@example.net', NULL, '+71(7)256683');
INSERT INTO `users` (`id`, `firstname`, `lastname`, `email`, `password hash`, `phone`) VALUES ('60', 'Cullen', 'Mante', 'vicenta.rau@example.com', NULL, '370.264.3573');
INSERT INTO `users` (`id`, `firstname`, `lastname`, `email`, `password hash`, `phone`) VALUES ('61', 'Gage', 'Heller', 'ospencer@example.com', NULL, '(990)892-265');
INSERT INTO `users` (`id`, `firstname`, `lastname`, `email`, `password hash`, `phone`) VALUES ('62', 'Alanis', 'Pfannerstill', 'kertzmann.gertrude@example.net', NULL, '453.189.8462');
INSERT INTO `users` (`id`, `firstname`, `lastname`, `email`, `password hash`, `phone`) VALUES ('63', 'Austyn', 'O\'Hara', 'braulio63@example.net', NULL, '1-379-072-18');
INSERT INTO `users` (`id`, `firstname`, `lastname`, `email`, `password hash`, `phone`) VALUES ('64', 'Luciano', 'Hartmann', 'milton53@example.com', NULL, '088.851.9022');
INSERT INTO `users` (`id`, `firstname`, `lastname`, `email`, `password hash`, `phone`) VALUES ('65', 'Isabel', 'Kunze', 'jerad19@example.org', NULL, '284.729.1147');
INSERT INTO `users` (`id`, `firstname`, `lastname`, `email`, `password hash`, `phone`) VALUES ('66', 'Jamir', 'Haley', 'harmony.nikolaus@example.com', NULL, '502-165-8304');
INSERT INTO `users` (`id`, `firstname`, `lastname`, `email`, `password hash`, `phone`) VALUES ('67', 'Frank', 'Conroy', 'dejah62@example.org', NULL, '603-071-4590');
INSERT INTO `users` (`id`, `firstname`, `lastname`, `email`, `password hash`, `phone`) VALUES ('68', 'Missouri', 'Ryan', 'wolf.sterling@example.net', NULL, '09902579858');
INSERT INTO `users` (`id`, `firstname`, `lastname`, `email`, `password hash`, `phone`) VALUES ('69', 'Pedro', 'Pacocha', 'lschroeder@example.net', NULL, '745-280-7594');
INSERT INTO `users` (`id`, `firstname`, `lastname`, `email`, `password hash`, `phone`) VALUES ('70', 'Gonzalo', 'O\'Conner', 'sjakubowski@example.com', NULL, '247.238.8672');
INSERT INTO `users` (`id`, `firstname`, `lastname`, `email`, `password hash`, `phone`) VALUES ('71', 'Marcella', 'Marks', 'cwalker@example.com', NULL, '03114597874');
INSERT INTO `users` (`id`, `firstname`, `lastname`, `email`, `password hash`, `phone`) VALUES ('72', 'Halie', 'Romaguera', 'dorris.kohler@example.org', NULL, '880.347.6705');
INSERT INTO `users` (`id`, `firstname`, `lastname`, `email`, `password hash`, `phone`) VALUES ('73', 'Pauline', 'Fadel', 'sosinski@example.com', NULL, '+65(3)941808');
INSERT INTO `users` (`id`, `firstname`, `lastname`, `email`, `password hash`, `phone`) VALUES ('74', 'Erik', 'Little', 'maximus.schroeder@example.org', NULL, '1-205-287-37');
INSERT INTO `users` (`id`, `firstname`, `lastname`, `email`, `password hash`, `phone`) VALUES ('75', 'Tia', 'Doyle', 'mackenzie11@example.net', NULL, '914.349.7820');
INSERT INTO `users` (`id`, `firstname`, `lastname`, `email`, `password hash`, `phone`) VALUES ('76', 'Casandra', 'Padberg', 'ehermiston@example.com', NULL, '1-822-912-86');
INSERT INTO `users` (`id`, `firstname`, `lastname`, `email`, `password hash`, `phone`) VALUES ('77', 'Beryl', 'Gleichner', 'ben.brown@example.org', NULL, '+40(1)006503');
INSERT INTO `users` (`id`, `firstname`, `lastname`, `email`, `password hash`, `phone`) VALUES ('78', 'Karlie', 'Schoen', 'david.kris@example.com', NULL, '(721)649-329');
INSERT INTO `users` (`id`, `firstname`, `lastname`, `email`, `password hash`, `phone`) VALUES ('79', 'Norwood', 'Bahringer', 'powlowski.darby@example.org', NULL, '(932)352-098');
INSERT INTO `users` (`id`, `firstname`, `lastname`, `email`, `password hash`, `phone`) VALUES ('80', 'Lois', 'Wiza', 'elva72@example.net', NULL, '1-398-247-52');
INSERT INTO `users` (`id`, `firstname`, `lastname`, `email`, `password hash`, `phone`) VALUES ('81', 'Wyman', 'Heidenreich', 'ledner.geovanny@example.com', NULL, '1-647-294-43');
INSERT INTO `users` (`id`, `firstname`, `lastname`, `email`, `password hash`, `phone`) VALUES ('82', 'Robbie', 'Considine', 'dooley.martin@example.net', NULL, '1-005-939-51');
INSERT INTO `users` (`id`, `firstname`, `lastname`, `email`, `password hash`, `phone`) VALUES ('83', 'Jackson', 'Hermiston', 'lupe11@example.net', NULL, '1-232-681-09');
INSERT INTO `users` (`id`, `firstname`, `lastname`, `email`, `password hash`, `phone`) VALUES ('84', 'Amalia', 'Rowe', 'skuhlman@example.net', NULL, '+08(3)734416');
INSERT INTO `users` (`id`, `firstname`, `lastname`, `email`, `password hash`, `phone`) VALUES ('85', 'Angelita', 'Adams', 'mcglynn.tad@example.net', NULL, '+17(8)203799');
INSERT INTO `users` (`id`, `firstname`, `lastname`, `email`, `password hash`, `phone`) VALUES ('86', 'Keagan', 'Kerluke', 'zkozey@example.org', NULL, '(296)991-217');
INSERT INTO `users` (`id`, `firstname`, `lastname`, `email`, `password hash`, `phone`) VALUES ('87', 'Casper', 'Marquardt', 'anastasia.hilll@example.org', NULL, '407.226.8523');
INSERT INTO `users` (`id`, `firstname`, `lastname`, `email`, `password hash`, `phone`) VALUES ('88', 'Johan', 'DuBuque', 'alysson.feest@example.com', NULL, '918.718.0672');
INSERT INTO `users` (`id`, `firstname`, `lastname`, `email`, `password hash`, `phone`) VALUES ('89', 'Emmet', 'Donnelly', 'tpaucek@example.com', NULL, '02047272988');
INSERT INTO `users` (`id`, `firstname`, `lastname`, `email`, `password hash`, `phone`) VALUES ('90', 'Laney', 'Gerhold', 'freeda96@example.net', NULL, '1-449-776-25');
INSERT INTO `users` (`id`, `firstname`, `lastname`, `email`, `password hash`, `phone`) VALUES ('91', 'Briana', 'Green', 'gcrist@example.org', NULL, '270-192-3827');
INSERT INTO `users` (`id`, `firstname`, `lastname`, `email`, `password hash`, `phone`) VALUES ('92', 'Arvid', 'Kris', 'pfeffer.rashad@example.org', NULL, '(302)839-567');
INSERT INTO `users` (`id`, `firstname`, `lastname`, `email`, `password hash`, `phone`) VALUES ('93', 'Ova', 'McClure', 'kira.watsica@example.net', NULL, '887-983-8734');
INSERT INTO `users` (`id`, `firstname`, `lastname`, `email`, `password hash`, `phone`) VALUES ('94', 'Shea', 'Koepp', 'haleigh87@example.org', NULL, '(440)850-634');
INSERT INTO `users` (`id`, `firstname`, `lastname`, `email`, `password hash`, `phone`) VALUES ('95', 'Lexus', 'Nicolas', 'will.strosin@example.com', NULL, '691-549-3730');
INSERT INTO `users` (`id`, `firstname`, `lastname`, `email`, `password hash`, `phone`) VALUES ('96', 'Watson', 'Hodkiewicz', 'cruecker@example.net', NULL, '248-958-6207');
INSERT INTO `users` (`id`, `firstname`, `lastname`, `email`, `password hash`, `phone`) VALUES ('97', 'Devonte', 'Bechtelar', 'roxanne25@example.net', NULL, '100-961-1737');
INSERT INTO `users` (`id`, `firstname`, `lastname`, `email`, `password hash`, `phone`) VALUES ('98', 'Tyler', 'Weimann', 'ymurray@example.net', NULL, '1-103-429-24');
INSERT INTO `users` (`id`, `firstname`, `lastname`, `email`, `password hash`, `phone`) VALUES ('99', 'Hayden', 'Pfeffer', 'sophia59@example.org', NULL, '1-277-133-78');
INSERT INTO `users` (`id`, `firstname`, `lastname`, `email`, `password hash`, `phone`) VALUES ('100', 'Destinee', 'Zieme', 'meta95@example.net', NULL, '1-091-051-54');


#
# TABLE STRUCTURE FOR: users_communities
#

DROP TABLE IF EXISTS `users_communities`;

CREATE TABLE `users_communities` (
  `user_id` bigint(20) unsigned NOT NULL,
  `community_id` bigint(20) unsigned NOT NULL,
  PRIMARY KEY (`user_id`,`community_id`),
  KEY `community_id` (`community_id`),
  CONSTRAINT `users_communities_ibfk_1` FOREIGN KEY (`user_id`) REFERENCES `users` (`id`),
  CONSTRAINT `users_communities_ibfk_2` FOREIGN KEY (`community_id`) REFERENCES `communities` (`id`)
) ENGINE=InnoDB DEFAULT CHARSET=utf8 COLLATE=utf8_unicode_ci;

INSERT INTO `users_communities` (`user_id`, `community_id`) VALUES ('1', '1');
INSERT INTO `users_communities` (`user_id`, `community_id`) VALUES ('2', '2');
INSERT INTO `users_communities` (`user_id`, `community_id`) VALUES ('3', '3');
INSERT INTO `users_communities` (`user_id`, `community_id`) VALUES ('4', '4');
INSERT INTO `users_communities` (`user_id`, `community_id`) VALUES ('5', '5');
INSERT INTO `users_communities` (`user_id`, `community_id`) VALUES ('6', '6');
INSERT INTO `users_communities` (`user_id`, `community_id`) VALUES ('7', '7');
INSERT INTO `users_communities` (`user_id`, `community_id`) VALUES ('8', '8');
INSERT INTO `users_communities` (`user_id`, `community_id`) VALUES ('9', '9');
INSERT INTO `users_communities` (`user_id`, `community_id`) VALUES ('10', '10');
INSERT INTO `users_communities` (`user_id`, `community_id`) VALUES ('11', '11');
INSERT INTO `users_communities` (`user_id`, `community_id`) VALUES ('12', '12');
INSERT INTO `users_communities` (`user_id`, `community_id`) VALUES ('13', '13');
INSERT INTO `users_communities` (`user_id`, `community_id`) VALUES ('14', '14');
INSERT INTO `users_communities` (`user_id`, `community_id`) VALUES ('15', '15');
INSERT INTO `users_communities` (`user_id`, `community_id`) VALUES ('16', '16');
INSERT INTO `users_communities` (`user_id`, `community_id`) VALUES ('17', '17');
INSERT INTO `users_communities` (`user_id`, `community_id`) VALUES ('18', '18');
INSERT INTO `users_communities` (`user_id`, `community_id`) VALUES ('19', '19');
INSERT INTO `users_communities` (`user_id`, `community_id`) VALUES ('20', '20');
INSERT INTO `users_communities` (`user_id`, `community_id`) VALUES ('21', '21');
INSERT INTO `users_communities` (`user_id`, `community_id`) VALUES ('22', '22');
INSERT INTO `users_communities` (`user_id`, `community_id`) VALUES ('23', '23');
INSERT INTO `users_communities` (`user_id`, `community_id`) VALUES ('24', '24');
INSERT INTO `users_communities` (`user_id`, `community_id`) VALUES ('25', '25');
INSERT INTO `users_communities` (`user_id`, `community_id`) VALUES ('26', '26');
INSERT INTO `users_communities` (`user_id`, `community_id`) VALUES ('27', '27');
INSERT INTO `users_communities` (`user_id`, `community_id`) VALUES ('28', '28');
INSERT INTO `users_communities` (`user_id`, `community_id`) VALUES ('29', '29');
INSERT INTO `users_communities` (`user_id`, `community_id`) VALUES ('30', '30');
INSERT INTO `users_communities` (`user_id`, `community_id`) VALUES ('31', '31');
INSERT INTO `users_communities` (`user_id`, `community_id`) VALUES ('32', '32');
INSERT INTO `users_communities` (`user_id`, `community_id`) VALUES ('33', '33');
INSERT INTO `users_communities` (`user_id`, `community_id`) VALUES ('34', '34');
INSERT INTO `users_communities` (`user_id`, `community_id`) VALUES ('35', '35');
INSERT INTO `users_communities` (`user_id`, `community_id`) VALUES ('36', '36');
INSERT INTO `users_communities` (`user_id`, `community_id`) VALUES ('37', '37');
INSERT INTO `users_communities` (`user_id`, `community_id`) VALUES ('38', '38');
INSERT INTO `users_communities` (`user_id`, `community_id`) VALUES ('39', '39');
INSERT INTO `users_communities` (`user_id`, `community_id`) VALUES ('40', '40');
INSERT INTO `users_communities` (`user_id`, `community_id`) VALUES ('41', '41');
INSERT INTO `users_communities` (`user_id`, `community_id`) VALUES ('42', '42');
INSERT INTO `users_communities` (`user_id`, `community_id`) VALUES ('43', '43');
INSERT INTO `users_communities` (`user_id`, `community_id`) VALUES ('44', '44');
INSERT INTO `users_communities` (`user_id`, `community_id`) VALUES ('45', '45');
INSERT INTO `users_communities` (`user_id`, `community_id`) VALUES ('46', '46');
INSERT INTO `users_communities` (`user_id`, `community_id`) VALUES ('47', '47');
INSERT INTO `users_communities` (`user_id`, `community_id`) VALUES ('48', '48');
INSERT INTO `users_communities` (`user_id`, `community_id`) VALUES ('49', '49');
INSERT INTO `users_communities` (`user_id`, `community_id`) VALUES ('50', '50');
INSERT INTO `users_communities` (`user_id`, `community_id`) VALUES ('51', '51');
INSERT INTO `users_communities` (`user_id`, `community_id`) VALUES ('52', '52');
INSERT INTO `users_communities` (`user_id`, `community_id`) VALUES ('53', '53');
INSERT INTO `users_communities` (`user_id`, `community_id`) VALUES ('54', '54');
INSERT INTO `users_communities` (`user_id`, `community_id`) VALUES ('55', '55');
INSERT INTO `users_communities` (`user_id`, `community_id`) VALUES ('56', '56');
INSERT INTO `users_communities` (`user_id`, `community_id`) VALUES ('57', '57');
INSERT INTO `users_communities` (`user_id`, `community_id`) VALUES ('58', '58');
INSERT INTO `users_communities` (`user_id`, `community_id`) VALUES ('59', '59');
INSERT INTO `users_communities` (`user_id`, `community_id`) VALUES ('60', '60');
INSERT INTO `users_communities` (`user_id`, `community_id`) VALUES ('61', '61');
INSERT INTO `users_communities` (`user_id`, `community_id`) VALUES ('62', '62');
INSERT INTO `users_communities` (`user_id`, `community_id`) VALUES ('63', '63');
INSERT INTO `users_communities` (`user_id`, `community_id`) VALUES ('64', '64');
INSERT INTO `users_communities` (`user_id`, `community_id`) VALUES ('65', '65');
INSERT INTO `users_communities` (`user_id`, `community_id`) VALUES ('66', '66');
INSERT INTO `users_communities` (`user_id`, `community_id`) VALUES ('67', '67');
INSERT INTO `users_communities` (`user_id`, `community_id`) VALUES ('68', '68');
INSERT INTO `users_communities` (`user_id`, `community_id`) VALUES ('69', '69');
INSERT INTO `users_communities` (`user_id`, `community_id`) VALUES ('70', '70');
INSERT INTO `users_communities` (`user_id`, `community_id`) VALUES ('71', '71');
INSERT INTO `users_communities` (`user_id`, `community_id`) VALUES ('72', '72');
INSERT INTO `users_communities` (`user_id`, `community_id`) VALUES ('73', '73');
INSERT INTO `users_communities` (`user_id`, `community_id`) VALUES ('74', '74');
INSERT INTO `users_communities` (`user_id`, `community_id`) VALUES ('75', '75');
INSERT INTO `users_communities` (`user_id`, `community_id`) VALUES ('76', '76');
INSERT INTO `users_communities` (`user_id`, `community_id`) VALUES ('77', '77');
INSERT INTO `users_communities` (`user_id`, `community_id`) VALUES ('78', '78');
INSERT INTO `users_communities` (`user_id`, `community_id`) VALUES ('79', '79');
INSERT INTO `users_communities` (`user_id`, `community_id`) VALUES ('80', '80');
INSERT INTO `users_communities` (`user_id`, `community_id`) VALUES ('81', '81');
INSERT INTO `users_communities` (`user_id`, `community_id`) VALUES ('82', '82');
INSERT INTO `users_communities` (`user_id`, `community_id`) VALUES ('83', '83');
INSERT INTO `users_communities` (`user_id`, `community_id`) VALUES ('84', '84');
INSERT INTO `users_communities` (`user_id`, `community_id`) VALUES ('85', '85');
INSERT INTO `users_communities` (`user_id`, `community_id`) VALUES ('86', '86');
INSERT INTO `users_communities` (`user_id`, `community_id`) VALUES ('87', '87');
INSERT INTO `users_communities` (`user_id`, `community_id`) VALUES ('88', '88');
INSERT INTO `users_communities` (`user_id`, `community_id`) VALUES ('89', '89');
INSERT INTO `users_communities` (`user_id`, `community_id`) VALUES ('90', '90');
INSERT INTO `users_communities` (`user_id`, `community_id`) VALUES ('91', '91');
INSERT INTO `users_communities` (`user_id`, `community_id`) VALUES ('92', '92');
INSERT INTO `users_communities` (`user_id`, `community_id`) VALUES ('93', '93');
INSERT INTO `users_communities` (`user_id`, `community_id`) VALUES ('94', '94');
INSERT INTO `users_communities` (`user_id`, `community_id`) VALUES ('95', '95');
INSERT INTO `users_communities` (`user_id`, `community_id`) VALUES ('96', '96');
INSERT INTO `users_communities` (`user_id`, `community_id`) VALUES ('97', '97');
INSERT INTO `users_communities` (`user_id`, `community_id`) VALUES ('98', '98');
INSERT INTO `users_communities` (`user_id`, `community_id`) VALUES ('99', '99');
INSERT INTO `users_communities` (`user_id`, `community_id`) VALUES ('100', '100');


