/*
 урок 4
 Задача 1
Описание задания: Заполнить все таблицы БД vk данными (по 10-100 записей в каждой таблице)
*/

drop database if exists vk;
create database vk;
use vk;

drop table if exists users;
create table users (
	id serial primary key,
    firstname VARCHAR(100),
    lastname VARCHAR(100),
    email VARCHAR(100) unique,
    `password hash` VARCHAR(100),
    phone VARCHAR(12), 
    INDEX users_phone_idx(phone),
    INDEX (firstname, lastname)
);

INSERT INTO `users` VALUES ('1','Devon','Kris','hand.lempi@example.net',NULL,'945-681-8243'),
('2','Duncan','Hamill','rempel.aletha@example.net',NULL,'1-863-725-74'),
('3','Lauretta','Monahan','haylie.smith@example.net',NULL,'1-066-687-76'),
('4','Maggie','Brown','emertz@example.com',NULL,'08390135302'),
('5','Cyril','Harris','keebler.enrique@example.net',NULL,'+90(2)866088'),
('6','Vincenzo','Klocko','yparker@example.net',NULL,'1-117-785-58'),
('7','Aisha','Mills','ncarroll@example.org',NULL,'+51(6)390662'),
('8','Shyann','Halvorson','rau.janice@example.com',NULL,'142.942.4814'),
('9','Eric','Bechtelar','zhamill@example.org',NULL,'+32(0)460711'),
('10','Bernice','Streich','zsteuber@example.com',NULL,'459-982-3501'),
('11','Jaleel','Douglas','burdette.padberg@example.com',NULL,'1-448-471-16'),
('12','Sheridan','Mertz','hansen.itzel@example.net',NULL,'533.031.7653'),
('13','Freda','Watsica','pagac.luigi@example.net',NULL,'725.985.3135'),
('14','Audra','Heathcote','hugh13@example.com',NULL,'346.592.4587'),
('15','Donato','Daniel','alexandrine72@example.com',NULL,'554.797.7771'),
('16','Kayley','Mayert','ashlynn33@example.org',NULL,'632-311-8801'),
('17','Laury','Lind','nhackett@example.org',NULL,'1-386-477-46'),
('18','Cecile','Blanda','vwillms@example.com',NULL,'531.287.0204'),
('19','Shane','Nader','qdooley@example.net',NULL,'232-435-8141'),
('20','Johanna','Botsford','beahan.woodrow@example.com',NULL,'1-398-774-37'),
('21','Kadin','Breitenberg','osinski.juanita@example.com',NULL,'01091211452'),
('22','Annetta','Veum','winona.donnelly@example.net',NULL,'+36(1)412141'),
('23','Ramon','O\Conner','kristopher29@example.com',NULL,'824-982-0704'),
('24','Albertha','Hane','grimes.martine@example.org',NULL,'647.423.9732'),
('25','Jettie','Kunde','elton12@example.com',NULL,'835-174-6972'),
('26','Maximilian','Kling','metz.floyd@example.net',NULL,'(855)535-315'),
('27','Maud','Bins','carlos88@example.com',NULL,'674.740.8823'),
('28','Doug','Mayert','berta27@example.net',NULL,'+48(1)757732'),
('29','Keshaun','Stracke','pblock@example.com',NULL,'1-737-053-27'),
('30','Gia','Schumm','brendon.gulgowski@example.org',NULL,'1-542-046-65'),
('31','Percy','Dickens','willis19@example.com',NULL,'(236)698-301'),
('32','Shany','Kemmer','armstrong.graham@example.net',NULL,'1-037-991-92'),
('33','Jaren','Kreiger','kwolf@example.com',NULL,'1-928-408-50'),
('34','Bernice','Volkman','nikita.olson@example.org',NULL,'331-458-5008'),
('35','Vaughn','Schoen','yasmin13@example.org',NULL,'04245578413'),
('36','Berta','Gulgowski','rkuhn@example.org',NULL,'(197)528-585'),
('37','Burdette','Gorczany','adrian.ziemann@example.org',NULL,'1-030-957-86'),
('38','Maria','Tillman','mark.doyle@example.net',NULL,'891.062.9480'),
('39','Willis','Turner','dianna47@example.com',NULL,'(391)971-614'),
('40','Braxton','Schumm','flavio76@example.com',NULL,'+89(4)105773'),
('41','Leilani','Spencer','renner.saul@example.com',NULL,'+71(5)726938'),
('42','Eugene','Erdman','jordane25@example.com',NULL,'899-733-7289'),
('43','Jacinto','Gulgowski','marshall12@example.org',NULL,'(488)165-408'),
('44','Devonte','Cole','jose72@example.com',NULL,'(465)599-828'),
('45','Jorge','Dare','easton56@example.com',NULL,'159.499.0729'),
('46','Charlotte','Jerde','corkery.cara@example.net',NULL,'477-515-1626'),
('47','Darrin','Ratke','hamill.jorge@example.com',NULL,'980.214.2166'),
('48','Curtis','Ernser','mayert.scotty@example.com',NULL,'+64(6)431551'),
('49','Jerry','Mills','maggio.rebeca@example.net',NULL,'249.627.1134'),
('50','Gunnar','Hand','demarcus.abshire@example.net',NULL,'594.439.9496'),
('51','Dolores','Simonis','emmy31@example.net',NULL,'03278744553'),
('52','Briana','Ullrich','oebert@example.com',NULL,'067.569.3186'),
('53','Casey','Murray','edooley@example.org',NULL,'156.412.5090'),
('54','Ludie','Wolff','terry.hollie@example.org',NULL,'897-990-0994'),
('55','Garett','Kihn','jamie66@example.net',NULL,'(292)399-164'),
('56','Jodie','Farrell','ibradtke@example.com',NULL,'06933618022'),
('57','Rhianna','Nienow','mschamberger@example.org',NULL,'(895)723-813'),
('58','Hortense','Nienow','mcdermott.heber@example.org',NULL,'153-618-7962'),
('59','Darrin','McKenzie','stark.amelie@example.net',NULL,'491-223-2967'),
('60','Aron','Murphy','friesen.gilberto@example.net',NULL,'136.514.5226'),
('61','Ethyl','Little','brenden76@example.net',NULL,'04627123642'),
('62','Lorena','Stoltenberg','eldred37@example.org',NULL,'1-500-626-88'),
('63','Erich','Olson','fannie.torphy@example.org',NULL,'721.436.3572'),
('64','Grace','Schmeler','pearl65@example.org',NULL,'687-876-3964'),
('65','Benton','Cartwright','maci77@example.org',NULL,'062-600-7603'),
('66','Karlie','Johnston','will.mabelle@example.com',NULL,'1-808-271-83'),
('67','Jan','Konopelski','cummerata.dax@example.net',NULL,'+06(1)013375'),
('68','Evangeline','Schimmel','qhilpert@example.org',NULL,'+54(7)478901'),
('69','Dora','Hessel','keon97@example.com',NULL,'070.368.8225'),
('70','Monique','Padberg','vida.upton@example.com',NULL,'492-556-1371'),
('71','Idella','Muller','xbreitenberg@example.net',NULL,'1-123-588-63'),
('72','Katelin','Pagac','schaefer.kiara@example.com',NULL,'(628)493-427'),
('73','Sammie','Schmidt','jasper92@example.net',NULL,'830-338-6869'),
('74','Dustin','Bradtke','ciara.o\reilly@example.org',NULL,'01414013838'),
('75','Bernita','Conn','marquardt.furman@example.net',NULL,'(319)743-081'),
('76','Carter','Graham','hyatt.buford@example.org',NULL,'05483554028'),
('77','Cielo','Jenkins','rowe.rod@example.org',NULL,'963.988.6246'),
('78','Hubert','Hettinger','zdietrich@example.org',NULL,'630-523-0598'),
('79','Dwight','Murray','harrison.gerlach@example.org',NULL,'+54(7)696559'),
('80','Liana','Trantow','dchamplin@example.com',NULL,'011.325.9447'),
('81','Leo','Bayer','kaitlyn.pagac@example.net',NULL,'03655984124'),
('82','Imani','Lesch','julia55@example.org',NULL,'02383192570'),
('83','Abel','Harvey','haylee12@example.net',NULL,'196-620-5113'),
('84','Bobbie','Christiansen','sister51@example.net',NULL,'959.650.8483'),
('85','Collin','Ortiz','braun.marlon@example.com',NULL,'1-614-914-20'),
('86','Rosalee','Kassulke','bartoletti.kelley@example.com',NULL,'1-611-086-38'),
('87','Angelita','Gutmann','vivienne27@example.net',NULL,'550-204-7734'),
('88','Ralph','Simonis','maryam55@example.net',NULL,'+31(1)802074'),
('89','Josiane','Borer','fritz11@example.org',NULL,'182-645-8040'),
('90','Cassandra','Koelpin','sylvia.berge@example.com',NULL,'+76(9)309948'),
('91','Jolie','Mayer','orval.macejkovic@example.org',NULL,'+81(0)456964'),
('92','Cyrus','Cremin','wleuschke@example.net',NULL,'1-731-294-02'),
('93','Jayde','Feil','hoeger.dimitri@example.net',NULL,'(883)283-515'),
('94','Morgan','Emard','langosh.bethany@example.com',NULL,'03296060503'),
('95','Israel','Frami','glittel@example.net',NULL,'(921)432-203'),
('96','Darian','Kilback','mroob@example.com',NULL,'705.305.9436'),
('97','Clotilde','Bradtke','nolan.camryn@example.net',NULL,'831.472.9349'),
('98','Kirstin','Fritsch','ardella52@example.com',NULL,'(872)682-691'),
('99','Name','Rice','onie.luettgen@example.net',NULL,'1-142-935-67'),
('100','Claude','Shanahan','jadyn.walter@example.com',NULL,'+93(2)769012'); 


drop table if exists `profiles`;
create table `profiles` (
	user_id serial primary key,
    gender CHAR(1),
    birthday DATE,
	photo_id bigint unsigned null,
    created_at datetime default now(),
    hometown VARCHAR(100)
);
alter table profiles
add constraint fk_user_id
foreign key (user_id) references users(id)
	on update cascade 
	on delete restrict 
/*foreign key (photo_id) references media(id)*/
;

INSERT INTO `profiles` VALUES ('1',NULL,'1982-06-07','1','1992-10-13 06:58:10',NULL),
('2',NULL,'2007-12-24','2','1992-01-11 01:03:41',NULL),
('3',NULL,'1995-08-01','3','1994-06-28 13:09:43',NULL),
('4',NULL,'2001-02-15','4','1970-11-30 07:50:41',NULL),
('5',NULL,'1998-08-19','5','2012-09-20 13:36:40',NULL),
('6',NULL,'1995-08-07','6','1972-10-31 08:45:40',NULL),
('7',NULL,'1980-10-13','7','1986-11-03 21:07:29',NULL),
('8',NULL,'2018-07-24','8','2018-08-30 17:45:57',NULL),
('9',NULL,'1989-09-29','9','2000-07-13 11:58:52',NULL),
('10',NULL,'1986-07-11','10','1977-01-23 08:24:00',NULL),
('11',NULL,'1990-05-07','11','2011-12-01 18:37:58',NULL),
('12',NULL,'1973-02-22','12','2008-10-24 08:58:24',NULL),
('13',NULL,'1983-06-14','13','1997-01-15 15:09:28',NULL),
('14',NULL,'2010-11-04','14','2018-06-15 12:24:34',NULL),
('15',NULL,'1980-07-11','15','1980-07-19 00:30:15',NULL),
('16',NULL,'1977-08-22','16','2018-06-06 13:13:42',NULL),
('17',NULL,'1979-06-30','17','2016-12-06 09:26:57',NULL),
('18',NULL,'1975-11-23','18','1992-09-03 04:31:55',NULL),
('19',NULL,'1972-10-01','19','1993-04-10 18:11:55',NULL),
('20',NULL,'1982-01-20','20','1989-10-18 23:11:48',NULL),
('21',NULL,'1994-01-25','21','2003-03-25 22:31:30',NULL),
('22',NULL,'1973-06-19','22','2014-08-02 08:34:00',NULL),
('23',NULL,'1977-01-24','23','2005-01-29 14:57:26',NULL),
('24',NULL,'1998-12-15','24','2006-12-27 01:14:30',NULL),
('25',NULL,'1983-01-31','25','1996-07-20 07:34:20',NULL),
('26',NULL,'1998-09-09','26','2007-02-01 09:15:34',NULL),
('27',NULL,'2006-05-26','27','1989-07-29 06:10:04',NULL),
('28',NULL,'1979-04-27','28','1973-09-22 18:49:46',NULL),
('29',NULL,'1985-10-23','29','1970-02-27 10:01:22',NULL),
('30',NULL,'2013-10-25','30','2005-11-20 06:09:59',NULL),
('31',NULL,'2006-07-10','31','2013-01-29 20:25:01',NULL),
('32',NULL,'1988-08-19','32','1972-01-09 21:03:08',NULL),
('33',NULL,'1978-11-16','33','1993-09-24 20:26:42',NULL),
('34',NULL,'1994-04-14','34','1977-07-19 08:46:40',NULL),
('35',NULL,'1988-10-05','35','1980-03-13 22:26:58',NULL),
('36',NULL,'1990-07-19','36','2011-04-20 00:24:28',NULL),
('37',NULL,'1979-10-23','37','2002-06-29 12:42:23',NULL),
('38',NULL,'2006-02-19','38','1981-08-23 02:05:37',NULL),
('39',NULL,'1980-10-20','39','2015-05-22 22:15:18',NULL),
('40',NULL,'2015-03-12','40','1989-11-03 11:16:58',NULL),
('41',NULL,'1999-09-27','41','1989-05-30 16:53:16',NULL),
('42',NULL,'1975-11-04','42','2012-09-01 03:45:54',NULL),
('43',NULL,'2007-09-20','43','2007-02-14 21:30:16',NULL),
('44',NULL,'2015-03-11','44','1984-04-19 04:30:12',NULL),
('45',NULL,'2001-03-03','45','1986-09-11 07:47:34',NULL),
('46',NULL,'1983-04-11','46','1975-03-03 05:34:59',NULL),
('47',NULL,'2007-05-02','47','2001-11-09 13:42:42',NULL),
('48',NULL,'2008-06-03','48','1977-05-09 03:22:52',NULL),
('49',NULL,'2003-10-05','49','2005-03-10 18:50:38',NULL),
('50',NULL,'1980-05-07','50','2004-03-05 01:59:48',NULL),
('51',NULL,'2005-03-17','51','1976-03-08 12:44:43',NULL),
('52',NULL,'1997-01-30','52','2019-02-23 14:01:24',NULL),
('53',NULL,'1996-06-05','53','1996-10-28 20:16:33',NULL),
('54',NULL,'2017-03-09','54','1974-10-19 07:34:19',NULL),
('55',NULL,'1986-09-05','55','1986-07-03 01:40:02',NULL),
('56',NULL,'1991-03-18','56','1985-12-29 03:20:10',NULL),
('57',NULL,'1986-05-10','57','1997-12-25 23:26:13',NULL),
('58',NULL,'1983-05-20','58','1986-07-30 15:10:24',NULL),
('59',NULL,'1992-06-13','59','2012-11-29 02:11:43',NULL),
('60',NULL,'1999-07-10','60','2006-03-18 18:25:24',NULL),
('61',NULL,'1999-02-08','61','1995-06-30 08:10:18',NULL),
('62',NULL,'1991-04-22','62','2006-11-26 06:28:50',NULL),
('63',NULL,'2002-12-13','63','2002-08-27 08:18:17',NULL),
('64',NULL,'1979-12-26','64','1980-07-01 20:59:38',NULL),
('65',NULL,'2016-10-27','65','1981-05-24 17:29:05',NULL),
('66',NULL,'2011-02-12','66','1987-01-17 23:34:38',NULL),
('67',NULL,'1984-08-18','67','1970-01-04 12:47:22',NULL),
('68',NULL,'2008-03-15','68','1985-06-04 13:41:15',NULL),
('69',NULL,'1997-10-24','69','1992-10-07 05:27:16',NULL),
('70',NULL,'2005-04-15','70','1983-04-19 03:35:07',NULL),
('71',NULL,'1998-05-16','71','2004-08-31 19:59:21',NULL),
('72',NULL,'2006-06-09','72','2010-01-25 03:18:54',NULL),
('73',NULL,'2008-04-10','73','1997-09-09 13:12:59',NULL),
('74',NULL,'2015-08-29','74','2002-09-21 22:07:44',NULL),
('75',NULL,'1979-05-04','75','1985-12-17 18:48:44',NULL),
('76',NULL,'1982-03-08','76','1989-05-26 18:04:23',NULL),
('77',NULL,'1982-08-11','77','2010-11-29 00:01:21',NULL),
('78',NULL,'1979-04-21','78','1993-02-28 12:19:31',NULL),
('79',NULL,'1983-01-01','79','1991-12-19 07:18:37',NULL),
('80',NULL,'1975-07-04','80','2016-10-03 09:45:37',NULL),
('81',NULL,'1983-06-16','81','1994-10-16 09:12:55',NULL),
('82',NULL,'1973-10-29','82','2002-12-18 15:52:31',NULL),
('83',NULL,'1993-05-02','83','2018-10-13 21:18:58',NULL),
('84',NULL,'1994-03-03','84','1984-11-05 06:02:42',NULL),
('85',NULL,'1991-08-31','85','2017-11-18 10:29:18',NULL),
('86',NULL,'1992-04-19','86','1995-11-21 13:15:25',NULL),
('87',NULL,'1987-10-31','87','1980-04-18 10:46:42',NULL),
('88',NULL,'1995-08-27','88','1999-03-18 22:06:28',NULL),
('89',NULL,'2017-04-09','89','1978-02-26 12:27:29',NULL),
('90',NULL,'2007-04-29','90','1971-02-01 21:49:28',NULL),
('91',NULL,'2017-01-17','91','1993-02-09 20:04:34',NULL),
('92',NULL,'2011-11-03','92','1971-03-17 18:30:01',NULL),
('93',NULL,'1982-02-28','93','1971-03-15 18:43:30',NULL),
('94',NULL,'2017-05-24','94','1999-01-06 17:57:26',NULL),
('95',NULL,'2016-02-18','95','2008-03-22 21:41:06',NULL),
('96',NULL,'2014-09-29','96','1985-10-26 06:32:59',NULL),
('97',NULL,'1976-05-27','97','2001-09-24 04:28:19',NULL),
('98',NULL,'2009-08-04','98','2017-05-28 11:19:33',NULL),
('99',NULL,'1978-08-16','99','1972-03-20 15:39:50',NULL),
('100',NULL,'1982-02-12','100','2019-07-30 21:09:25',NULL); 


drop table if exists messages;
create table messages (
	id serial primary key,
	from_user_id bigint unsigned not null,
    to_user_id bigint unsigned not null,
    body TEXT,
    created_at datetime default now(),
    
    index (from_user_id),
    index (to_user_id),
    foreign key (from_user_id) references users(id),
    foreign key (to_user_id) references users(id)
);


INSERT INTO `messages` VALUES ('1','1','1','Quod similique aut illo quaerat eos. Maxime quia sed numquam et et id. Cumque ut illo voluptas. Est quis sint enim dolorem et laborum autem.','1974-01-01 14:44:29'),
('2','2','2','Enim nostrum expedita cum quidem. Nostrum illo provident voluptatem dolorum error vel neque. Error neque velit sequi. Accusantium porro sapiente consequatur.','1982-12-02 22:36:19'),
('3','3','3','Blanditiis mollitia temporibus nostrum velit quis et. Voluptatem cum vel et consectetur. Numquam incidunt quaerat quidem voluptas laborum porro asperiores et. Voluptas vitae provident ipsa quia voluptatum repellendus nemo quidem. Doloribus rerum dolores minus repellendus et non dolorem.','1992-08-24 17:56:43'),
('4','4','4','Animi tempore officia eos aperiam eligendi quas ex beatae. Exercitationem aperiam sapiente quo qui quas. Repellendus molestiae dolor dolore quo odit.','1994-09-10 04:27:34'),
('5','5','5','Sapiente quia ut sed delectus ea. Sed quia et esse sed aliquid dolore doloremque. Recusandae praesentium rerum fuga sed facere et recusandae.','2016-08-27 16:32:11'),
('6','6','6','Perspiciatis consequatur sed et possimus qui voluptatem dolor esse. Itaque non dolorem dolor sunt inventore veritatis. Qui quo nihil sed perferendis tempore adipisci est. Tempora esse facilis possimus. Eos architecto maxime eaque nihil.','2005-04-22 06:49:26'),
('7','7','7','Expedita est veritatis beatae minus. Aspernatur perferendis dolores laboriosam magnam. Accusantium esse deserunt aut repellendus accusantium.','1986-01-09 21:45:12'),
('8','8','8','Omnis est ipsa quas. Consequuntur quidem qui quia ut. Nesciunt aliquam ipsam exercitationem sit provident nihil id. Voluptatem eos laudantium eveniet.','2009-07-08 04:56:14'),
('9','9','9','Sit quam quo quasi sint ut provident. Et voluptatem molestias explicabo ducimus ut accusamus quis. Maiores enim consequatur est assumenda.','1989-03-08 11:41:40'),
('10','10','10','Molestias ullam ut quibusdam cum nemo. Et voluptas sequi quas quia quae sit omnis. Deleniti quam non quidem atque ullam aut quaerat. At illo placeat et voluptas est. Dicta veritatis voluptatem dolorum eaque quasi voluptatum.','1993-02-13 03:45:50'),
('11','11','11','Voluptas autem vitae et voluptas qui. Provident esse saepe sed quasi architecto libero. Eum est amet cupiditate aut. Quae laboriosam ea commodi maiores.','1982-11-18 19:26:43'),
('12','12','12','Vel rerum quidem accusamus fuga non quia voluptas et. Rerum ad nesciunt et quae ipsam. Assumenda harum consequuntur et et voluptatem. Et fugiat eveniet provident ullam sunt.','2010-02-04 18:57:33'),
('13','13','13','Voluptatem ut vitae ut deserunt tempore reiciendis. Ex repellendus quidem ipsam ipsa quia aperiam. Recusandae pariatur quia molestiae aperiam ut non soluta. Ut inventore non officiis et illo omnis assumenda. Excepturi dolores vel aut.','1993-06-02 00:22:55'),
('14','14','14','Minus laudantium omnis ut error rem quidem sed. A voluptatem maiores eveniet voluptatem tenetur unde voluptas. Quidem labore debitis sit quia asperiores officia omnis.','1974-11-12 13:21:26'),
('15','15','15','Minima quia nihil quia voluptatem. Architecto tempore impedit dolore itaque. Cupiditate et nostrum quidem dolores et.','1975-01-14 23:20:39'),
('16','16','16','In eveniet optio enim asperiores voluptatem fuga adipisci. Placeat quia qui ut voluptas facilis. Qui voluptas sit voluptatem autem hic. Dolores adipisci eius atque quod aliquam qui in.','1992-10-28 16:13:35'),
('17','17','17','Molestiae aut eos maxime. Labore voluptatem quis minus delectus omnis. Repudiandae architecto alias dolores reiciendis et.','1983-02-19 05:32:32'),
('18','18','18','Atque delectus omnis exercitationem sit repellat velit deleniti. Adipisci sequi porro possimus qui occaecati eum. Ut est eum eaque deserunt accusamus velit.','1981-09-30 20:44:44'),
('19','19','19','Nemo sint iste saepe aut ut. Et voluptatum voluptatem sit quia. Quam enim reiciendis perferendis vel.','2014-08-17 07:15:18'),
('20','20','20','Nesciunt ducimus debitis a officia facilis tempora placeat. Maxime odio ratione dolores doloremque sit temporibus ullam. Suscipit aliquid et esse consequatur quam. Labore voluptates vitae velit consequatur.','2005-05-04 21:35:47'),
('21','21','21','Est dolores sunt vel enim asperiores esse et. Velit ut fuga molestias aut debitis consequatur. Soluta aliquid tempora dolor consequatur ab dolor est.','2007-01-26 15:40:15'),
('22','22','22','Illo quibusdam fugiat aut perspiciatis ratione veniam. Libero et nostrum velit odit fugit ex. Molestiae nostrum asperiores dolores distinctio. Laboriosam totam suscipit ut ea in sunt.','1979-11-16 08:11:52'),
('23','23','23','Voluptatem ut aut laudantium ut. Ratione molestias et qui quod. Expedita explicabo voluptate rem eos recusandae ut doloremque.','2008-05-04 10:58:02'),
('24','24','24','Facilis dignissimos quidem nisi. Doloremque voluptatum laborum maiores ratione illum dolores quisquam. Sunt tenetur cumque voluptate occaecati amet laborum aut. Doloribus assumenda voluptatum ex qui.','1992-06-01 20:40:37'),
('25','25','25','Sit non labore rerum est aut et omnis. Molestias voluptatem deserunt voluptatem. Magni quaerat ab voluptate ducimus iure. Maxime omnis cum assumenda in voluptates nostrum ipsa. Harum in cumque maxime ut tenetur.','2005-01-06 02:21:55'),
('26','26','26','Ullam tenetur sit eveniet molestiae vero aliquid sed. Consequatur et tempora ut iste. Omnis quasi nemo nihil culpa perspiciatis est. Explicabo numquam ut ut necessitatibus.','1991-12-01 19:20:52'),
('27','27','27','Tenetur consequuntur dolorem unde omnis ex cumque. Et est est repudiandae et autem aut assumenda. Nemo dolor id non soluta. Temporibus animi sed nulla quia repudiandae minima. Porro repudiandae eos ipsum harum dignissimos.','2014-05-22 02:51:14'),
('28','28','28','Id qui dolor dignissimos ut. Qui dignissimos inventore sunt. Quos est iure dolorem molestiae expedita.','1986-01-18 04:31:38'),
('29','29','29','Corrupti vel cupiditate enim at cupiditate. Eius dolorem aut est ut commodi praesentium possimus. Voluptates et ut maxime est modi mollitia et.','1980-04-05 03:40:02'),
('30','30','30','Quis ipsam aut suscipit rerum et omnis inventore. Nisi soluta quas et aut necessitatibus rerum. Repellat corrupti eius saepe enim tempore nihil. Earum minus excepturi optio nulla voluptatem quasi.','1975-08-09 05:21:34'),
('31','31','31','Incidunt sit qui suscipit numquam ex magnam. Libero possimus velit at aliquam. Alias et facilis est repellendus commodi dolorem aperiam.','2014-09-11 22:36:25'),
('32','32','32','Nulla sunt quibusdam natus. Eveniet totam accusamus at quia in facilis quis vel. Et consequatur qui deleniti incidunt veniam qui.','2010-02-13 13:02:56'),
('33','33','33','Voluptas ab ducimus consequatur minima quisquam quia. Atque quis illum dolore aperiam.','1976-05-15 15:16:02'),
('34','34','34','Quas impedit atque numquam natus sint et eaque totam. Dignissimos adipisci id molestiae. Assumenda repellat voluptatibus provident amet.','1974-05-03 06:07:10'),
('35','35','35','Molestiae dolorem illo est sed doloribus minus. Ea modi et sapiente. Minus doloremque fuga sapiente.','1978-11-06 09:42:45'),
('36','36','36','Ut non reiciendis autem. Animi ut quasi corrupti corporis soluta. Magni nobis optio quos quo voluptatem. Exercitationem beatae sit reiciendis omnis dolore eveniet aliquam soluta.','1981-07-22 06:30:42'),
('37','37','37','Sint nemo ullam eum labore. Dolorem veritatis ipsa minima accusamus et.','1981-03-26 06:46:43'),
('38','38','38','Illo eaque nostrum maiores. Numquam dolorem provident non soluta. Quas voluptatem aut consequatur occaecati error non. Nihil quaerat iste repellat aut aliquid quis itaque.','2019-08-16 03:50:12'),
('39','39','39','Optio esse perferendis aspernatur maxime reiciendis. Maiores voluptatum corrupti incidunt ipsum.','1995-02-16 02:09:57'),
('40','40','40','Non fugit voluptas voluptatem dignissimos quia voluptatibus quibusdam. Veniam quam impedit temporibus. Dolores nesciunt asperiores dignissimos aperiam rem qui ea minima. Recusandae fugit quia aut veritatis harum odit porro.','2006-07-15 23:55:56'),
('41','41','41','Quibusdam suscipit eum ipsa aut. Blanditiis et quos voluptatem perferendis ducimus libero eveniet. Omnis sunt et accusamus quis. Commodi blanditiis omnis natus dolores impedit rem et.','1976-01-21 01:19:12'),
('42','42','42','Quas repellendus aut rerum numquam cupiditate et voluptatum. Beatae ipsum aspernatur in ut tempore. Vel neque velit nihil dolore quia officia libero. Recusandae voluptatem optio quas atque aperiam et eos.','2012-10-05 07:16:49'),
('43','43','43','Aut optio odit ipsam ducimus accusantium sed inventore quis. Enim recusandae magnam fuga et. Maxime minima dolor eos. Iure non voluptatem quis.','2012-05-30 23:38:29'),
('44','44','44','Laudantium nisi et rerum distinctio tempora. Quia enim nihil doloremque qui nam. Quod autem ut ea aut qui.','2019-04-15 23:12:11'),
('45','45','45','Nemo eum nobis saepe quo repellat ut. Repellat illo est eum quisquam impedit.','2007-01-05 16:12:48'),
('46','46','46','Nostrum et non dolore optio neque. Dolor voluptatem illo modi quibusdam quia rerum. Quae dolores sit ex pariatur ut sunt expedita fuga.','2018-02-03 04:53:37'),
('47','47','47','Illum natus enim dolorem voluptas ducimus accusantium. Est id sunt perferendis consectetur alias. Nemo incidunt eos illum dicta.','2009-09-22 01:53:42'),
('48','48','48','Quia delectus deleniti nisi dolorem qui optio. Praesentium qui quis qui aut eum deleniti eos.','1990-08-10 02:05:16'),
('49','49','49','Rem dolorem omnis ducimus. Rerum est aliquid vel nobis.','1978-10-11 00:33:02'),
('50','50','50','Quia velit occaecati esse. Vel qui omnis tempore expedita omnis. Exercitationem porro fugiat et perspiciatis nemo. Qui rerum ratione distinctio alias consequatur.','2008-12-09 20:41:25'),
('51','51','51','Saepe necessitatibus occaecati sequi laboriosam. Consequuntur quisquam maxime explicabo aliquid dignissimos voluptatem. Cupiditate magnam ex occaecati doloremque aspernatur sit.','2016-05-11 20:25:32'),
('52','52','52','Consequuntur molestiae est ipsa rerum voluptatem. Et ea voluptate assumenda omnis vel iste tempore qui.','1977-01-27 22:21:14'),
('53','53','53','Consequatur magni temporibus qui voluptatem rem quo sequi. Voluptatem dolorem rerum et ipsa omnis aliquid.','1996-07-25 21:41:47'),
('54','54','54','Nihil cupiditate rem quae qui. Accusantium mollitia nihil ratione. Repudiandae placeat impedit architecto sint qui.','2000-04-28 05:05:47'),
('55','55','55','Et omnis eveniet quas ad. Excepturi qui iure voluptate dolor atque ullam. Praesentium consequatur sit est rem et. Unde cupiditate tenetur corporis.','1986-04-24 12:16:02'),
('56','56','56','Praesentium repellat molestiae et cupiditate culpa id. Facere expedita pariatur placeat animi qui. Nihil perferendis vel error aliquam. Aut aspernatur qui et modi.','1973-12-24 14:54:26'),
('57','57','57','Laborum quaerat cumque corporis voluptatem dolor dignissimos dolore dolorem. Similique eveniet natus aliquid occaecati et accusantium. Adipisci incidunt eos ab sed officia aliquam est.','1981-06-15 14:41:09'),
('58','58','58','Amet eaque beatae vitae alias. Labore sapiente iure vero sint. Adipisci et voluptate vel repellendus.','1990-08-06 21:17:04'),
('59','59','59','Qui minus voluptas autem aut. Quas blanditiis ex est eum. Sit omnis sed unde magnam dolor. Nulla ut ab dolorum commodi.','1971-02-28 03:51:44'),
('60','60','60','Cum ipsam commodi aperiam voluptates id. Nam occaecati consequatur perspiciatis quisquam alias sequi laborum.','1977-06-05 17:23:00'),
('61','61','61','Ab voluptatem odit dignissimos reiciendis maxime quo a. Distinctio quo rerum ex dolorum magni qui perspiciatis error. Magni ipsam nam ut. Provident ab omnis doloribus voluptatum libero dolor qui.','2015-01-07 17:46:55'),
('62','62','62','Qui rerum enim repellat et soluta qui quas. Et voluptatem distinctio ratione aut temporibus. Ex architecto quasi laboriosam non animi. Ab dolores voluptas vitae.','1997-11-19 02:49:05'),
('63','63','63','Quae est rerum velit omnis aut inventore. Qui nulla totam consequatur ut harum. Et similique voluptatem aspernatur et in.','1973-12-23 15:35:32'),
('64','64','64','Ut consequatur suscipit possimus nemo et enim amet. Tenetur non rerum et corporis unde doloribus.','2010-05-18 10:49:31'),
('65','65','65','Omnis eos illo sed minus error animi. Cupiditate eligendi soluta odit nesciunt soluta facere. Et aut aut nihil sint quidem voluptatem ab. Exercitationem aspernatur facilis iste error ipsam. Quaerat fugit eius autem deleniti.','2015-06-15 23:05:26'),
('66','66','66','Quos dolores corrupti cupiditate alias sit aut vitae ad. Ut temporibus sed vel quibusdam eum eum beatae. Quod enim culpa accusantium voluptas dolor.','1998-09-25 01:48:38'),
('67','67','67','Ut rerum et dolore doloremque dignissimos molestias quia animi. Quis unde eaque ut ut temporibus et aliquam. Maiores facilis dignissimos maiores illo est. Inventore illo cupiditate et et aut ut.','1988-06-15 02:42:30'),
('68','68','68','Distinctio nihil enim atque est voluptatem et soluta. Aspernatur dolorem ut consequatur nihil. Quae facilis reiciendis voluptatem aliquid. Ullam et rem ex neque hic.','2011-06-21 06:31:40'),
('69','69','69','Repellat voluptas ad facilis iure. Sed voluptatibus repudiandae et quis debitis aliquid vel id.','1979-06-28 19:22:01'),
('70','70','70','Est ipsum reiciendis ex culpa dignissimos amet. Est est hic aut ut magnam autem. Est hic quam alias qui fugiat officia autem.','1970-05-25 13:26:34'),
('71','71','71','Dolor qui sit aliquam modi libero. Officiis voluptas mollitia eius nostrum rerum. Omnis eos ipsum voluptatibus esse molestiae. Officiis asperiores asperiores beatae. Eos aut aut reprehenderit veniam iste.','1977-11-07 15:26:30'),
('72','72','72','Ut ex harum sit. Voluptates voluptatem eum optio perferendis et et ullam. Voluptates dolorem distinctio explicabo maiores quo consequatur perspiciatis.','1971-10-03 02:03:32'),
('73','73','73','Corrupti eos voluptatem amet fugit at. Et iure architecto doloribus qui est dolor asperiores. Qui quod omnis voluptate ea. Omnis accusantium cum totam.','1980-11-28 20:40:26'),
('74','74','74','Qui nihil dolore quo aspernatur voluptas. Quasi repellendus aut cumque qui. Et magnam aut vel quisquam sint sint et.','1996-07-03 15:09:52'),
('75','75','75','Et enim labore iusto eaque est. Et dolore et iure et reprehenderit et nihil. Atque aliquid consequatur aut. Sit qui rerum consequatur facilis perspiciatis pariatur.','1983-12-28 18:24:47'),
('76','76','76','Et impedit illo sequi inventore. Ipsum dolorem et non quos culpa voluptatem. Quasi ratione pariatur aut voluptates at aut repudiandae. Facere repellendus doloremque aut autem.','1990-04-05 21:39:35'),
('77','77','77','Aliquid omnis dolorem nobis. Odit architecto officiis enim inventore natus et laudantium. Quaerat animi distinctio molestiae. Et quod illum rerum quod est.','1985-06-24 19:14:17'),
('78','78','78','Sit eos rem ex deleniti id. Qui inventore sint occaecati ipsam ut. Culpa doloremque dolorum dolor libero minima. Quibusdam placeat magni velit sed hic odit.','1974-03-16 11:02:06'),
('79','79','79','Rerum consequatur iste quia at cupiditate molestiae consequatur cupiditate. Aut a possimus eligendi reiciendis sequi commodi doloribus animi. Nihil quia sed et maxime sequi deleniti.','1979-04-28 03:50:41'),
('80','80','80','Et sapiente rerum cum in itaque. Aut voluptatibus sint recusandae est. Et repellendus totam nulla dolor.','2004-12-20 20:46:23'),
('81','81','81','Quis amet qui eos dolor qui. At corrupti adipisci quae rerum alias odio. Ut aut dolorem consequatur assumenda.','1997-03-10 05:35:41'),
('82','82','82','Aut excepturi cupiditate eum. Dolorem dolorem tempora nihil pariatur et asperiores repellendus. Ad placeat ut minima temporibus consectetur.','1972-03-14 18:36:41'),
('83','83','83','Labore esse laborum id quis hic occaecati ut. Sint sit minima recusandae et nesciunt. Ex earum in atque totam quos dolorem. Esse nihil reprehenderit asperiores placeat molestiae fugit voluptatem.','1974-10-19 13:06:45'),
('84','84','84','Possimus quia eius odit ipsam ea. Natus eligendi aut ut et iure ratione. Rerum nihil nisi dolor consequatur voluptas. Cupiditate dolor beatae possimus vero minus omnis facilis.','1983-11-22 13:43:35'),
('85','85','85','Architecto aut aspernatur at hic. Officia iusto quisquam nemo vel nemo voluptatem laudantium. Ut sunt eum repudiandae eum hic quos eum praesentium.','1978-01-19 20:46:35'),
('86','86','86','Voluptatibus corrupti culpa rerum iste ducimus. Et excepturi sit sed a vitae nemo. Quo accusamus dolorum voluptatem possimus. Aperiam accusantium eligendi provident est.','2006-11-11 16:31:10'),
('87','87','87','Enim doloremque et quia sapiente illo laboriosam ipsum. In sunt quae nostrum eveniet rerum eligendi. Voluptatem est blanditiis atque magnam.','2004-12-18 15:20:15'),
('88','88','88','Quasi dolorum veniam doloribus eligendi labore voluptates optio recusandae. Libero sed quidem debitis laudantium et. Aut nihil sit blanditiis hic debitis suscipit ut. Eveniet reiciendis aliquid ratione velit ducimus.','1974-09-20 18:29:54'),
('89','89','89','Assumenda doloremque dolorum eligendi eligendi dolor. Dicta hic illum et sed sed voluptates aut. Ut dicta vitae ratione aliquam. Ea temporibus est esse eveniet accusamus.','2002-09-20 12:18:35'),
('90','90','90','Exercitationem distinctio et ipsam facilis aspernatur ut ut. Ab corrupti nam praesentium vero error cupiditate provident. Laborum dolore sed labore ullam doloribus cum placeat. Minima accusantium alias architecto sed illum occaecati.','2002-09-07 17:57:31'),
('91','91','91','Mollitia a non quia tempora aut. Qui dolores repudiandae dolore quos et id. Esse dignissimos ducimus nostrum earum nesciunt esse.','2007-03-30 17:23:56'),
('92','92','92','Eos est nulla tempore doloribus illo ab aliquid. Sint voluptatem totam alias natus.','1994-01-20 23:45:25'),
('93','93','93','Sapiente optio distinctio laborum tempora fugiat ut. Qui voluptatum voluptas doloribus perspiciatis exercitationem. Ex fuga et quae sint. Nobis sit excepturi est.','2007-06-04 05:30:22'),
('94','94','94','Cupiditate eum accusantium non cum. Tempore sunt et maiores tempora accusantium. Dicta assumenda cumque et voluptatem. Doloremque ut officia rerum.','2005-11-22 02:01:15'),
('95','95','95','Hic similique corporis beatae et. Quia dignissimos est nihil alias. Natus error explicabo nulla id. Dignissimos accusamus corporis esse maxime rerum molestias perspiciatis.','1999-03-14 02:16:03'),
('96','96','96','Neque quia cumque in illum est vero. Tenetur sunt sint nisi magnam quidem non.','1971-09-11 14:12:21'),
('97','97','97','Ut ex eligendi porro aperiam molestiae tenetur voluptatem. Aliquam quam minima temporibus et est. Placeat aut dignissimos dolores ipsa ut et facere ipsa.','2007-04-04 16:10:36'),
('98','98','98','Et distinctio suscipit aliquid ullam laboriosam et et. Veniam exercitationem qui sint et saepe sint. Maxime sed assumenda repudiandae consequuntur aut. Rem consequatur et ut eum. Sunt voluptatibus quia ipsa animi voluptatem.','2005-02-14 04:38:42'),
('99','99','99','Minima excepturi nesciunt veritatis soluta perspiciatis non. Quae odio aperiam molestiae autem. Dignissimos odit vel reiciendis labore eligendi ex maiores. Qui aut cumque saepe ut.','2004-01-04 11:08:25'),
('100','100','100','Eligendi pariatur eaque placeat assumenda. Totam veritatis fuga eaque aut voluptatem qui vero quibusdam. Accusantium optio sunt culpa nobis aut hic ab. Omnis ipsa quae ea quis non aut aliquam.','2004-03-17 16:16:41'); 


drop table if exists friend_requests;
create table friend_requests (
	initiator_user_id bigint unsigned not null,
    target_user_id bigint unsigned not null,
    `status` ENUM('requested', 'approved', 'unfriended', 'declined'),
	requested_at datetime default NOW(),
	confirmed_at datetime,
	
    primary key (initiator_user_id, target_user_id),
	INDEX (initiator_user_id),
    INDEX (target_user_id),
    foreign key (initiator_user_id) references users(id),
    foreign key (target_user_id) references users(id)
);

INSERT INTO `friend_requests` VALUES ('1','1','requested','1995-10-17 21:26:53','1979-10-22 13:54:39'),
('2','2','approved','1997-11-05 06:45:55','1972-06-24 02:17:45'),
('3','3','approved','2009-10-31 03:09:13','2016-04-20 02:10:53'),
('4','4','declined','1998-01-07 04:49:13','1970-04-16 02:31:52'),
('5','5','declined','1995-12-30 16:12:43','1984-08-22 20:27:09'),
('6','6','requested','1992-07-02 08:12:30','1982-07-14 15:57:45'),
('7','7','requested','1998-11-29 18:05:49','2002-04-04 10:12:08'),
('8','8','unfriended','2019-09-24 10:30:22','2019-01-25 18:04:32'),
('9','9','unfriended','2016-01-17 00:12:20','2017-03-25 22:49:06'),
('10','10','declined','2002-07-07 05:52:26','2001-01-16 18:08:23'),
('11','11','requested','1993-11-30 01:31:24','2009-10-20 15:36:12'),
('12','12','approved','1975-05-24 23:32:28','1970-04-08 10:45:15'),
('13','13','declined','1984-03-04 03:00:31','1997-05-31 14:40:58'),
('14','14','unfriended','1985-06-02 10:50:07','1980-07-20 23:22:05'),
('15','15','unfriended','2006-02-16 05:08:43','1977-04-25 04:59:47'),
('16','16','unfriended','1979-08-23 17:17:45','1980-06-13 03:59:37'),
('17','17','unfriended','2008-07-18 22:30:31','2007-11-20 18:41:03'),
('18','18','unfriended','1993-01-28 01:01:29','2013-01-07 11:27:00'),
('19','19','requested','1978-09-30 05:17:54','2009-03-19 07:41:26'),
('20','20','approved','2014-10-03 00:24:00','1994-09-24 07:16:56'),
('21','21','requested','1986-08-07 14:59:41','2003-03-14 05:05:23'),
('22','22','declined','2009-04-16 20:28:38','1992-01-28 14:21:18'),
('23','23','unfriended','1975-11-11 10:40:21','1998-04-28 08:00:55'),
('24','24','approved','1982-06-10 04:42:03','2007-01-22 11:10:47'),
('25','25','approved','2005-02-03 15:36:52','1982-02-26 08:59:38'),
('26','26','requested','2009-02-01 04:22:33','2015-11-14 06:27:00'),
('27','27','unfriended','2002-11-01 06:06:01','1992-07-05 13:49:11'),
('28','28','declined','1979-07-09 07:50:32','1994-04-06 21:14:58'),
('29','29','requested','2015-07-21 05:34:27','1988-10-09 10:11:21'),
('30','30','approved','2019-02-19 19:42:15','2010-07-01 21:32:06'),
('31','31','unfriended','2005-05-01 10:43:17','1988-07-08 13:58:05'),
('32','32','approved','1992-07-11 09:07:11','1997-08-28 07:23:18'),
('33','33','unfriended','2008-10-16 18:56:30','2008-08-24 11:23:00'),
('34','34','approved','2009-11-15 21:51:13','2005-01-18 04:36:40'),
('35','35','approved','1976-10-15 07:49:56','2007-04-21 05:52:20'),
('36','36','requested','1991-03-17 14:22:09','1973-05-29 03:01:37'),
('37','37','approved','1988-07-05 02:10:18','1989-05-24 03:45:42'),
('38','38','unfriended','1985-09-29 02:52:46','1986-06-18 17:25:56'),
('39','39','unfriended','2005-05-13 19:55:01','2009-03-22 00:19:46'),
('40','40','requested','1976-07-03 07:30:40','1993-05-03 14:12:27'),
('41','41','declined','1996-06-14 10:03:20','1982-05-10 15:33:50'),
('42','42','approved','1991-11-08 02:27:27','1993-07-15 11:07:18'),
('43','43','unfriended','1985-09-02 00:35:07','2001-08-28 15:50:43'),
('44','44','requested','1998-06-10 12:22:13','1980-02-13 20:54:44'),
('45','45','unfriended','2006-07-18 03:18:46','2015-06-09 09:11:48'),
('46','46','approved','1982-02-17 20:25:08','2015-12-23 10:58:44'),
('47','47','unfriended','2000-06-03 13:12:08','2013-06-28 13:50:22'),
('48','48','requested','1970-02-28 08:38:22','2010-03-11 23:44:18'),
('49','49','requested','2000-03-17 06:02:23','1998-02-06 23:59:08'),
('50','50','unfriended','2013-10-01 08:49:16','1996-01-02 01:33:25'),
('51','51','requested','1989-07-14 06:48:27','1978-10-20 12:06:27'),
('52','52','approved','2011-10-04 22:17:59','2015-03-04 09:56:53'),
('53','53','declined','1989-07-22 21:00:35','2006-07-30 18:05:17'),
('54','54','approved','1974-01-23 20:53:40','2018-06-12 02:34:41'),
('55','55','declined','2015-03-12 04:36:55','1985-02-09 10:24:05'),
('56','56','declined','1978-12-31 14:19:50','1986-04-08 11:38:47'),
('57','57','declined','2009-01-01 17:14:49','1977-07-07 18:18:02'),
('58','58','declined','2001-11-07 17:38:36','1992-10-26 09:26:56'),
('59','59','requested','1979-10-06 09:48:34','1994-10-13 21:52:58'),
('60','60','declined','1984-02-20 20:56:56','2001-10-25 13:01:19'),
('61','61','approved','1989-09-08 01:37:05','1993-02-26 02:26:24'),
('62','62','approved','2019-04-13 08:24:33','1973-05-10 03:12:14'),
('63','63','declined','1985-04-30 01:48:16','1973-08-06 17:29:49'),
('64','64','declined','1986-06-02 10:20:59','1984-10-22 13:59:12'),
('65','65','approved','1993-04-13 03:09:20','2014-07-25 00:40:13'),
('66','66','unfriended','1984-05-12 00:40:59','1998-12-18 23:29:14'),
('67','67','requested','1997-10-29 05:19:36','2019-09-08 04:02:55'),
('68','68','requested','2019-05-14 13:49:52','1987-09-23 06:56:45'),
('69','69','declined','1996-10-09 23:01:47','1972-04-06 02:49:26'),
('70','70','approved','2009-09-01 22:04:39','1995-10-31 07:45:03'),
('71','71','declined','1977-08-26 03:05:19','1982-10-07 06:14:04'),
('72','72','requested','2017-10-05 02:55:26','1971-06-01 05:59:59'),
('73','73','approved','2000-04-22 01:33:55','1973-10-01 02:09:23'),
('74','74','unfriended','1983-06-23 05:27:15','2008-07-30 19:58:52'),
('75','75','approved','2010-09-26 11:10:06','1982-01-22 10:33:58'),
('76','76','declined','2013-01-13 17:35:15','2014-11-23 02:50:49'),
('77','77','declined','1998-12-17 12:57:10','1975-11-13 15:56:57'),
('78','78','requested','1981-09-15 06:05:00','2011-04-07 01:50:10'),
('79','79','requested','1970-12-09 05:50:50','2002-07-06 15:02:00'),
('80','80','requested','2009-07-13 21:00:57','1976-05-10 16:44:11'),
('81','81','unfriended','1990-02-28 18:36:48','1971-06-09 10:04:17'),
('82','82','unfriended','1990-12-19 10:59:26','2001-03-10 22:29:19'),
('83','83','requested','2009-07-01 13:32:52','1991-08-13 23:11:06'),
('84','84','requested','2017-09-19 02:57:54','2006-06-08 06:11:49'),
('85','85','requested','1971-07-23 13:25:07','1976-04-10 07:43:12'),
('86','86','approved','2011-09-19 09:43:16','1979-07-18 08:11:38'),
('87','87','unfriended','1987-07-11 22:58:13','2017-05-15 02:04:45'),
('88','88','approved','1987-03-12 01:12:18','1992-04-08 14:46:59'),
('89','89','declined','2003-10-15 03:05:27','2011-12-20 01:36:46'),
('90','90','unfriended','2015-07-23 11:02:24','1973-06-14 16:24:54'),
('91','91','requested','2008-03-18 01:23:33','1972-07-06 05:41:13'),
('92','92','requested','2006-12-10 04:28:14','2012-12-11 09:02:28'),
('93','93','requested','1973-04-02 18:11:37','1999-11-28 13:14:08'),
('94','94','approved','1989-01-11 08:24:26','2010-03-05 12:36:33'),
('95','95','approved','2007-09-17 16:07:35','2008-01-19 22:17:45'),
('96','96','approved','2017-10-07 13:12:47','1979-03-19 07:38:21'),
('97','97','requested','1998-12-08 10:50:38','2006-08-15 03:43:33'),
('98','98','unfriended','1979-08-26 02:56:18','1991-06-11 09:45:17'),
('99','99','requested','1988-09-10 22:27:50','1971-01-12 15:07:27'),
('100','100','approved','1973-06-13 07:23:11','1977-04-23 23:45:38'); 


drop table if exists communities;
create table communities(
	id serial primary key,
	name VARCHAR(200),

	index (name)
);

INSERT INTO `communities` VALUES ('48','adipisci'),
('41','alias'),
('70','alias'),
('9','aliquam'),
('57','amet'),
('95','animi'),
('85','architecto'),
('55','aut'),
('56','aut'),
('63','aut'),
('80','aut'),
('34','autem'),
('65','autem'),
('81','blanditiis'),
('5','commodi'),
('84','consequatur'),
('97','cumque'),
('62','deleniti'),
('82','dicta'),
('7','dolor'),
('37','dolor'),
('77','dolorem'),
('1','doloremque'),
('36','ea'),
('67','est'),
('2','et'),
('6','et'),
('22','et'),
('93','et'),
('96','et'),
('42','eveniet'),
('72','expedita'),
('39','explicabo'),
('90','facere'),
('78','facilis'),
('28','hic'),
('53','illo'),
('16','illum'),
('44','in'),
('74','in'),
('30','inventore'),
('61','inventore'),
('99','ipsa'),
('4','ipsam'),
('47','ipsum'),
('38','iure'),
('59','labore'),
('18','libero'),
('23','libero'),
('43','libero'),
('13','maxime'),
('10','molestiae'),
('15','molestiae'),
('89','molestiae'),
('91','mollitia'),
('31','nihil'),
('52','nisi'),
('100','non'),
('87','nulla'),
('79','numquam'),
('94','numquam'),
('69','odit'),
('20','officia'),
('50','officia'),
('86','officia'),
('19','pariatur'),
('58','quae'),
('40','quam'),
('46','quasi'),
('54','qui'),
('60','qui'),
('76','qui'),
('83','qui'),
('12','quidem'),
('51','quidem'),
('8','quod'),
('32','quod'),
('24','rerum'),
('21','sapiente'),
('3','sint'),
('98','sint'),
('14','sit'),
('68','soluta'),
('11','totam'),
('49','totam'),
('26','ut'),
('75','ut'),
('88','ut'),
('64','vel'),
('27','velit'),
('25','vero'),
('17','voluptas'),
('35','voluptas'),
('29','voluptatem'),
('33','voluptatem'),
('73','voluptatem'),
('92','voluptatem'),
('45','voluptates'),
('71','voluptatibus'),
('66','voluptatum'); 

drop table if exists users_communities;
create table users_communities(
	user_id bigint unsigned not null,
	community_id bigint unsigned not null,
  
	primary key (user_id, community_id),
    foreign key (user_id) references users(id),
    foreign key (community_id) references communities(id)
);

INSERT INTO `users_communities` VALUES ('1','1'),
('2','2'),
('3','3'),
('4','4'),
('5','5'),
('6','6'),
('7','7'),
('8','8'),
('9','9'),
('10','10'),
('11','11'),
('12','12'),
('13','13'),
('14','14'),
('15','15'),
('16','16'),
('17','17'),
('18','18'),
('19','19'),
('20','20'),
('21','21'),
('22','22'),
('23','23'),
('24','24'),
('25','25'),
('26','26'),
('27','27'),
('28','28'),
('29','29'),
('30','30'),
('31','31'),
('32','32'),
('33','33'),
('34','34'),
('35','35'),
('36','36'),
('37','37'),
('38','38'),
('39','39'),
('40','40'),
('41','41'),
('42','42'),
('43','43'),
('44','44'),
('45','45'),
('46','46'),
('47','47'),
('48','48'),
('49','49'),
('50','50'),
('51','51'),
('52','52'),
('53','53'),
('54','54'),
('55','55'),
('56','56'),
('57','57'),
('58','58'),
('59','59'),
('60','60'),
('61','61'),
('62','62'),
('63','63'),
('64','64'),
('65','65'),
('66','66'),
('67','67'),
('68','68'),
('69','69'),
('70','70'),
('71','71'),
('72','72'),
('73','73'),
('74','74'),
('75','75'),
('76','76'),
('77','77'),
('78','78'),
('79','79'),
('80','80'),
('81','81'),
('82','82'),
('83','83'),
('84','84'),
('85','85'),
('86','86'),
('87','87'),
('88','88'),
('89','89'),
('90','90'),
('91','91'),
('92','92'),
('93','93'),
('94','94'),
('95','95'),
('96','96'),
('97','97'),
('98','98'),
('99','99'),
('100','100'); 


drop table if exists media_types;
create table media_types(
	id serial primary key,
    name VARCHAR(200),
    created_at datetime default NOW(),
    updated_at datetime default CURRENT_TIMESTAMP on update CURRENT_TIMESTAMP
);

INSERT INTO `media_types` VALUES ('1','corrupti','1974-11-07 16:32:42','1999-02-06 00:30:27'),
('2','neque','1980-03-13 07:03:11','2016-01-22 04:52:22'),
('3','ut','1972-05-07 05:47:30','1997-05-03 06:07:15'),
('4','ea','2011-04-16 14:48:24','2005-10-31 03:50:57'),
('5','nemo','1984-10-18 01:09:59','1972-12-26 22:07:28'),
('6','architecto','2013-02-08 23:24:39','1980-04-17 14:17:25'),
('7','dolor','1971-07-21 13:22:23','2013-07-11 16:27:46'),
('8','quae','2019-04-14 14:22:54','1987-09-05 11:40:04'),
('9','molestiae','1972-08-27 17:12:23','1993-08-20 19:58:24'),
('10','quibusdam','2008-08-29 16:58:52','2013-02-18 10:09:01'); 

drop table if exists media;
create table media(
	id serial primary key,
    media_type_id bigint unsigned not null,
    user_id bigint unsigned not null,
  	body text,
    filename VARCHAR(255),
    `size` INT,
	metadata JSON,
    created_at datetime default now(),
    updated_at datetime default CURRENT_TIMESTAMP on update CURRENT_TIMESTAMP,

    index (user_id),
    foreign key (user_id) references users(id),
    foreign key (media_type_id) references media_types(id)
);

INSERT INTO `media` VALUES ('1','1','1','Provident accusamus praesentium veritatis sapiente beatae tenetur corporis. Voluptatem dolorum esse aut laboriosam adipisci molestias. Molestiae et repudiandae consequatur.','dolor','546',NULL,'1988-06-02 01:21:24','1990-11-17 08:39:24'),
('2','2','2','Quibusdam doloribus vitae nam delectus dolorem. Quis placeat assumenda aspernatur et fuga. Doloribus sed sit vero voluptas et. Occaecati autem dolorum aperiam maiores repellendus quaerat optio.','numquam','24398050',NULL,'2019-04-12 22:25:59','1986-01-11 18:56:13'),
('3','3','3','Eum ipsum et quidem commodi. Quos sunt dolorum dolore totam provident natus sit. Quia nesciunt sed facere corrupti.','aperiam','9559627',NULL,'2017-08-23 16:34:59','1981-09-07 09:12:51'),
('4','4','4','Et voluptas delectus dicta delectus voluptates neque quos. Rerum corrupti neque sunt enim delectus incidunt consequatur.','fugiat','49452824',NULL,'2001-11-26 14:49:57','1979-03-14 18:03:35'),
('5','5','5','Dolorum vitae cum voluptatibus autem iure nihil. Nulla sapiente voluptatem officiis voluptatem dolor. Sed harum id dolores aut ea. At quaerat sed atque nisi.','accusantium','68503872',NULL,'1990-12-05 13:10:51','1998-04-04 01:19:29'),
('6','6','6','Quidem corrupti mollitia vitae quos. Qui deleniti esse ipsam vel pariatur ratione. Molestiae dolores quia quas excepturi.','necessitatibus','0',NULL,'1990-06-27 13:55:50','2002-02-21 17:18:33'),
('7','7','7','Facere repellendus architecto molestiae earum voluptate quo ut eveniet. Aut fugiat fuga eaque nam. Adipisci numquam aut ad eius veniam. Blanditiis unde accusantium cupiditate neque mollitia veritatis fugiat rerum.','unde','640110',NULL,'1982-07-23 12:38:22','1972-11-26 06:52:22'),
('8','8','8','Est quia optio hic a aut. Et sint et dolore libero accusantium iure. Ad possimus ipsum totam eos nesciunt sed.','ducimus','60535709',NULL,'1981-03-21 11:41:37','1978-07-31 17:41:44'),
('9','9','9','Ducimus aspernatur perferendis mollitia architecto odio odio facilis illo. Veniam deleniti quae maxime natus. Fugiat consequuntur et quidem qui maiores sint. Dolor aut voluptas autem incidunt.','ducimus','0',NULL,'1989-06-12 01:28:52','1971-12-17 21:34:06'),
('10','10','10','Quia ullam qui aliquam dolorem error voluptas. Consequatur inventore quia a. Ea facilis neque omnis rem repellendus in quas est. Voluptatem saepe sint repellendus.','commodi','5',NULL,'1998-12-21 10:21:06','2017-08-12 22:37:24'),
('11','1','11','Dolor aperiam modi est est veritatis dolores doloribus sit. Aut repudiandae ut magnam eligendi sequi possimus nesciunt. Autem et qui laboriosam ut. Quia consequuntur voluptatem eius est id officiis odit ipsam.','nemo','0',NULL,'2014-01-03 01:14:20','1981-11-27 13:39:16'),
('12','2','12','Ipsa ut dolorem nulla doloribus. Harum qui delectus sit velit culpa facilis aperiam. Ullam delectus et qui blanditiis fugiat magnam consectetur. Qui cumque officia sed facere omnis rerum quia reiciendis.','ab','41799243',NULL,'2013-11-26 11:52:14','1972-02-11 07:58:44'),
('13','3','13','Quia distinctio earum est laudantium quia modi veritatis est. Tenetur non autem quibusdam sit iure. Vel odio vel voluptatem.','similique','9415354',NULL,'2010-04-13 04:37:59','1987-12-26 19:10:14'),
('14','4','14','Quam quidem dolores voluptatibus omnis qui molestias laboriosam. Alias alias quas quos quo est consequatur quas. Voluptatem qui quia rerum corporis. Accusantium ex incidunt sunt quod velit.','rerum','79',NULL,'1986-05-31 01:45:29','1975-10-23 08:51:28'),
('15','5','15','Nobis doloribus nostrum in sit omnis necessitatibus nemo. Vel corrupti quaerat delectus asperiores consectetur omnis. Consequuntur aut fugit facere omnis. Esse debitis officiis fugiat.','facilis','66005949',NULL,'2008-05-31 16:59:52','1984-08-23 03:51:34'),
('16','6','16','Alias non in similique animi magnam voluptatem modi qui. Enim error et blanditiis dolor id. Sed ratione dolorem doloribus non repudiandae.','beatae','0',NULL,'1974-12-31 08:50:22','1999-12-23 09:23:34'),
('17','7','17','Hic quibusdam hic enim. Nihil error quibusdam provident numquam accusamus rerum non sed.','facilis','71672',NULL,'2008-05-23 01:09:35','1979-02-16 03:19:31'),
('18','8','18','Dolorum hic dolores iure hic. Asperiores deleniti non quisquam quo. Numquam atque iste odit neque.','unde','1',NULL,'1981-01-26 14:36:35','2010-08-03 21:25:17'),
('19','9','19','Et aperiam magnam enim. Sapiente nobis laboriosam non voluptatum et porro est qui. Odit animi tempora quia sed iste beatae et. Et quibusdam qui deleniti ipsa incidunt quaerat.','eaque','37074',NULL,'2011-11-16 00:01:24','1992-09-04 17:58:33'),
('20','10','20','Quasi quis omnis quasi unde mollitia est error. Eos sed dolores in autem. Eius dignissimos et magni harum omnis sit quisquam possimus.','adipisci','43337',NULL,'1996-10-27 19:51:51','2002-08-03 10:07:18'),
('21','1','21','Esse recusandae consequatur rerum qui neque quae magni. Aut et nemo quia provident saepe quidem saepe. Assumenda et quia est fugit est et explicabo.','aut','884',NULL,'1974-08-04 11:01:13','1990-08-05 12:50:40'),
('22','2','22','Quo similique repellat et rerum asperiores esse. Excepturi vitae dignissimos quam eum sed rerum. Ducimus ut natus deleniti voluptas.','est','152869',NULL,'1998-06-12 18:19:22','2003-03-28 01:42:35'),
('23','3','23','Quis nam dolor eveniet quia est error quas incidunt. Saepe dolorum iusto nihil sapiente itaque in harum. Accusantium vitae nisi fugiat consequatur.','et','8923771',NULL,'1990-12-03 03:49:40','1992-11-17 15:21:44'),
('24','4','24','Nemo blanditiis et inventore et dicta. Aut qui voluptas aspernatur odio hic quasi. Magni explicabo ullam provident natus.','quidem','3',NULL,'1973-10-22 04:12:39','1998-10-29 14:46:26'),
('25','5','25','Eius facilis occaecati aliquam deleniti molestiae in. Placeat autem quia illum vel tempora quia. Non nulla non architecto.','harum','9',NULL,'2014-07-03 12:00:03','2005-02-28 15:55:10'),
('26','6','26','Debitis dicta dolorum itaque. Non ea omnis sapiente rerum nisi molestiae. Eius illo sunt voluptates aspernatur. Ut doloribus dolorem ad.','nostrum','70',NULL,'2002-02-24 18:01:28','1972-10-14 00:11:30'),
('27','7','27','Et aspernatur velit ullam asperiores qui quaerat vitae. Blanditiis facere et officiis. Non enim minima est dolor. Explicabo quia provident ratione ratione occaecati praesentium. Voluptates adipisci ea dignissimos in.','libero','10637',NULL,'1971-07-31 03:43:08','1988-05-23 14:18:13'),
('28','8','28','Voluptatibus eaque vero iure molestiae. Occaecati natus consectetur temporibus odio dolor. Dolorem totam adipisci culpa corporis voluptatem in enim. Quam perferendis laudantium dolor hic numquam sunt.','modi','856918',NULL,'2009-12-15 17:00:07','1973-01-16 08:35:40'),
('29','9','29','Iusto et voluptatem expedita et sed. Et molestiae dignissimos nemo aspernatur tempora rerum consequuntur. Voluptatum ratione quod ex vel laborum quia. Distinctio aspernatur aliquam ipsa praesentium illum fugiat harum.','natus','7976',NULL,'1990-09-03 10:07:23','1974-03-29 07:03:41'),
('30','10','30','Sit quae et repellat quae nemo aut. Necessitatibus libero nihil labore eveniet sint. Quo qui facilis neque dicta. Voluptates voluptas in qui eos aut enim.','omnis','552358394',NULL,'1972-07-12 15:59:01','2016-07-17 10:31:44'),
('31','1','31','Minus rerum architecto autem. Adipisci possimus tempore ut facilis. Ea optio perspiciatis quia illum aut rerum.','porro','620',NULL,'2006-10-13 20:55:57','1992-12-05 21:40:01'),
('32','2','32','Nisi possimus velit deserunt voluptas aut aut tenetur. Maiores tempora veniam expedita ad consequatur dolorem hic sed. Officiis minima quae consequatur quo et. Eius illo nobis accusantium.','sed','89962',NULL,'1977-07-29 22:06:43','1986-01-02 21:30:32'),
('33','3','33','Eum omnis facere molestias quod error autem. Natus voluptatum est sit soluta. Tempora amet voluptatem dignissimos eligendi similique quasi. Voluptatibus unde sit iste odit maxime officiis sed eos.','consequuntur','0',NULL,'1984-08-16 17:14:30','1978-11-27 12:35:43'),
('34','4','34','Distinctio temporibus ut repellat mollitia eius. In neque et modi qui quo. Voluptatem quia sit veritatis dolore provident odio.','repellat','7531',NULL,'2010-02-03 10:00:56','1977-04-29 04:52:54'),
('35','5','35','Et ut voluptatem dolores soluta nam. Deleniti ducimus ut perspiciatis qui. Necessitatibus tempora praesentium fugiat quisquam ratione.','voluptatem','5248',NULL,'1993-09-10 15:05:30','1980-10-03 08:00:34'),
('36','6','36','Eaque voluptas et aut. Vitae rerum maiores rem asperiores inventore dolore. Aliquam qui eos qui placeat voluptatum eum expedita. Ut exercitationem aut vitae consequuntur.','laboriosam','343674558',NULL,'1981-01-31 12:49:44','1978-07-16 06:13:34'),
('37','7','37','Voluptates non et iusto aut omnis non. Occaecati repudiandae ut ea ducimus. Quasi cum ipsa repudiandae assumenda et voluptas dolor. Architecto quasi rem enim praesentium.','officia','9916',NULL,'2013-03-13 17:29:31','1996-08-01 01:18:31'),
('38','8','38','Suscipit ipsa nostrum ad. Eius doloribus est sunt aut praesentium. Ut omnis in libero. Iste quidem itaque inventore corporis.','consectetur','1',NULL,'1995-11-16 19:24:48','1991-02-03 13:54:27'),
('39','9','39','Neque labore amet nihil velit qui enim. Quaerat officia laudantium repellat. Eum optio rerum optio optio sunt pariatur eius.','dolores','0',NULL,'1975-03-10 13:23:54','1999-06-23 14:46:05'),
('40','10','40','Tempore et voluptatem veritatis praesentium eos. Alias voluptas vel odit. Reiciendis nisi quibusdam autem debitis. Corrupti aut eum ab aut.','optio','531735',NULL,'1978-12-13 10:13:56','1990-11-02 18:33:42'),
('41','1','41','Voluptates modi sed iure et. Ut ut reiciendis culpa expedita perspiciatis accusantium delectus. Repellendus veritatis voluptates nihil saepe sit ut accusantium. Repudiandae laudantium numquam repudiandae qui.','nam','6',NULL,'1973-11-21 11:02:08','2019-09-22 07:37:16'),
('42','2','42','Impedit dignissimos dolore rerum. Facere molestiae similique eos qui qui molestias. Totam dolorem quis ut possimus.','quia','890',NULL,'1983-12-17 16:03:06','1970-11-07 06:06:27'),
('43','3','43','Eum eius consequuntur itaque. Nulla reprehenderit debitis nisi nobis tempora. In quasi molestiae a voluptatem. Maiores est est saepe quidem vitae esse.','fugit','346',NULL,'1994-04-22 03:56:45','1983-11-24 23:23:06'),
('44','4','44','Inventore est qui minima architecto. Ea voluptas possimus in odio aut eius. Recusandae vero perferendis est dolores. Placeat ad non saepe et ut non.','amet','0',NULL,'1971-10-13 17:05:50','2002-03-05 00:02:04'),
('45','5','45','Eius incidunt sunt odit molestias. Est ut nihil non rerum. Eum ipsum quia nostrum quasi reprehenderit ea est.','consequatur','6',NULL,'2012-04-15 05:26:01','1973-06-11 22:30:07'),
('46','6','46','Hic accusantium perferendis ut sint culpa libero. Vel quasi ipsa expedita quos totam voluptates. Nulla laborum reprehenderit vel voluptas quisquam.','minus','27074696',NULL,'1974-01-28 05:50:09','2018-11-22 12:06:48'),
('47','7','47','Saepe tempore ipsa reiciendis aut inventore sint. Saepe maxime esse repudiandae consequatur qui. Aut odit possimus recusandae ratione praesentium expedita repudiandae. Ducimus quisquam cumque iusto et voluptas.','consequatur','0',NULL,'2019-01-07 19:59:50','1977-06-22 14:47:30'),
('48','8','48','Deserunt ex libero excepturi. Eos ut inventore necessitatibus at voluptas similique omnis. Quo est et iusto molestias neque. Enim reiciendis aliquid commodi quibusdam quisquam rerum.','a','349',NULL,'1974-09-18 21:34:55','1994-03-18 12:42:53'),
('49','9','49','Occaecati iure ratione laboriosam et quas nulla accusantium debitis. Voluptatibus eum officiis laborum sit corporis cum ratione. Vel ratione quasi numquam dignissimos.','aperiam','3094',NULL,'1974-04-22 22:43:43','1978-11-13 10:50:07'),
('50','10','50','Amet laudantium aspernatur laboriosam et quaerat. Aperiam dolor et nemo vel commodi sequi rerum. Quod nisi in iure.','totam','0',NULL,'1989-12-28 10:48:49','2008-03-16 04:23:51'),
('51','1','51','Quibusdam hic occaecati qui voluptatem omnis assumenda quae. Atque ut assumenda repellendus voluptatem. Corrupti qui blanditiis voluptatum non blanditiis ut. Vel asperiores voluptatem ratione libero commodi.','quam','16899555',NULL,'2008-12-17 19:58:07','1999-09-25 09:12:26'),
('52','2','52','Sapiente atque porro suscipit autem. In nisi corporis hic cumque enim porro enim quam. Eaque est fuga sit at amet rerum. Vel non et optio esse in blanditiis. Dignissimos voluptas et ut aperiam.','commodi','84574',NULL,'1984-07-25 18:38:56','2017-10-13 10:23:21'),
('53','3','53','Tenetur distinctio nemo rerum et. Incidunt veritatis numquam voluptas iste suscipit aut libero accusantium. Suscipit quo nobis tempore unde vel sunt in.','sapiente','926317',NULL,'1989-11-07 00:36:13','1987-01-15 11:31:49'),
('54','4','54','Molestiae ipsam deleniti voluptatum nostrum error. Quo quasi dolores voluptatem fugit. Error quod et tempore necessitatibus.','libero','477350743',NULL,'1989-09-19 10:10:23','2014-06-08 00:39:46'),
('55','5','55','Aut doloribus laboriosam animi magni maxime. Voluptatem sunt qui cumque nihil consectetur. Doloribus et consequatur nesciunt tempore qui accusantium.','pariatur','0',NULL,'1983-04-23 14:32:36','2012-12-22 08:43:05'),
('56','6','56','Quidem labore rerum error. Veniam debitis et numquam. Quia modi facilis consequuntur sit. Iste quaerat amet quis ut dolor voluptatem ut minima.','adipisci','9138404',NULL,'1971-08-13 08:22:45','1999-04-28 16:31:06'),
('57','7','57','Ipsam quo et veritatis. Qui neque velit sapiente voluptas qui. Eos suscipit optio distinctio et non. Veniam sint qui alias omnis quo quia qui reiciendis. Culpa et rerum blanditiis magnam qui labore.','necessitatibus','7128815',NULL,'1981-03-22 15:43:47','2011-11-05 12:15:26'),
('58','8','58','Exercitationem maxime ut deserunt vero minima doloremque rerum error. Ullam non vel corporis quia debitis quia voluptatibus.','qui','1567043',NULL,'1974-12-20 02:11:46','2016-05-22 02:03:32'),
('59','9','59','Sapiente nam animi esse sunt consectetur assumenda. Vitae soluta iusto ut ut laborum. Rerum pariatur omnis molestiae sit aut. Quos non voluptatem placeat magnam.','maiores','5',NULL,'1981-04-23 01:43:01','2016-04-22 19:04:07'),
('60','10','60','Quam nobis asperiores sed amet exercitationem soluta harum. Necessitatibus ex autem ratione fuga alias aspernatur iusto tempore. Ipsam nihil repellat pariatur voluptatum eius recusandae.','ducimus','0',NULL,'1996-06-16 07:55:35','1992-01-23 06:30:26'),
('61','1','61','Unde consequuntur recusandae ad tempore eos maxime. Officiis magni aliquid consequuntur at id ipsam vitae. Dolore quia fugit et libero. Et nostrum pariatur aperiam.','deleniti','4861',NULL,'1975-09-12 22:27:12','1970-06-19 04:12:14'),
('62','2','62','Necessitatibus tenetur dolor minima est quia reiciendis velit. In pariatur est inventore qui. Laborum sapiente totam molestias error esse. Quos et a est totam.','quam','918258489',NULL,'1993-11-09 12:48:45','2005-12-27 01:34:33'),
('63','3','63','Nam enim delectus inventore officia porro distinctio aperiam deserunt. Excepturi sed veritatis ut occaecati pariatur officia. Distinctio dolorem dolores est et consectetur et aliquam.','voluptas','8807931',NULL,'2013-09-30 16:54:54','2014-06-15 17:24:23'),
('64','4','64','Nihil omnis veniam possimus autem et. Ut recusandae itaque velit molestiae omnis. Nihil autem natus quo et esse. Ipsa et quam vel voluptatem nam hic dolorum qui.','aut','33589',NULL,'2001-04-01 09:44:12','2007-03-14 20:20:37'),
('65','5','65','Nihil aperiam repellat repellendus quod. Et laborum nam corporis adipisci temporibus. Nesciunt asperiores consequatur omnis ut eius sapiente exercitationem.','at','77171499',NULL,'1986-05-23 02:30:36','1993-09-07 08:27:28'),
('66','6','66','Voluptas labore placeat omnis fuga nostrum ducimus. Possimus et ipsum sequi ut velit possimus. Voluptatem sit consequatur repellendus vitae molestiae non tempore.','aspernatur','481488',NULL,'2010-12-16 03:35:02','2012-07-30 21:40:04'),
('67','7','67','Quo aut expedita illum. Et nulla omnis rerum exercitationem ut. Rem accusantium voluptas ipsa expedita omnis veniam eos.','facere','2502',NULL,'2010-08-18 07:48:17','1997-06-14 11:57:13'),
('68','8','68','A optio consequuntur molestiae aut architecto placeat in. Rem placeat voluptatum possimus minima nostrum quibusdam temporibus. Dolorem repellat nemo reiciendis ipsa et iusto inventore fugiat. Eveniet odio vero enim nihil est animi mollitia.','tenetur','203',NULL,'2012-01-21 21:13:33','2009-12-03 06:29:22'),
('69','9','69','Quia iste nesciunt est assumenda dolore atque facilis. Modi tempora dolor quasi perferendis autem vel repudiandae. Et aperiam est officia aperiam et. Est eum voluptas minus.','dolorem','0',NULL,'2018-06-13 11:57:44','2001-01-17 00:13:22'),
('70','10','70','Neque velit et omnis voluptates. Tempore eos mollitia in ad numquam quas. Est facere quis ea adipisci sed.','officiis','63650771',NULL,'1993-11-15 16:03:31','2014-02-06 00:27:19'),
('71','1','71','Et commodi accusamus impedit aspernatur deserunt. Culpa ab aliquid similique sed. Explicabo dolore nihil alias id. Voluptates amet ipsum veniam repellat.','quas','0',NULL,'2014-12-31 14:42:32','1981-08-24 16:20:16'),
('72','2','72','Qui illo harum et natus rem ut doloremque. Eaque quam aut aut deleniti sunt et est.','amet','15579',NULL,'2016-03-28 14:19:35','1992-04-25 06:54:10'),
('73','3','73','Deleniti molestiae est repellendus veritatis ut pariatur iste. Veniam sit repellat excepturi aut quidem. Rerum necessitatibus voluptatibus porro est.','et','2',NULL,'1973-07-02 01:14:51','2019-01-27 09:34:11'),
('74','4','74','Placeat nisi quia quia explicabo nobis. Sint exercitationem sed labore ipsum.','repellendus','8',NULL,'1997-10-27 05:26:32','1989-03-27 16:11:16'),
('75','5','75','Quidem aut quia sed quis quae enim enim. Tempore voluptatem in mollitia praesentium. Optio vel ipsum laborum. Sit quam autem est aut aut eaque non.','impedit','500008211',NULL,'1996-01-15 01:53:42','2008-01-02 23:21:31'),
('76','6','76','Aspernatur deleniti explicabo error dolores. Facere harum mollitia nihil et natus.','qui','20',NULL,'2008-05-24 17:42:05','1973-02-21 07:57:41'),
('77','7','77','Inventore quaerat repudiandae dolores reprehenderit. Dignissimos vitae perferendis soluta dignissimos vel ut. Aut nam unde quos commodi laudantium quam. At fugit sunt eaque optio illo.','vel','9',NULL,'2019-10-20 08:11:08','1982-03-02 18:31:02'),
('78','8','78','Autem earum dicta nemo facilis. Esse animi ipsa ratione sed voluptatem. Voluptatem sed aut eveniet soluta repudiandae maiores. Rerum ut quas ut qui neque qui vel et.','sapiente','0',NULL,'1996-07-24 12:25:37','2011-04-13 13:42:29'),
('79','9','79','Accusamus sed possimus quis tenetur. Occaecati nihil commodi aut adipisci ipsam deserunt nihil. Recusandae aliquid ut blanditiis quo. Explicabo architecto est itaque quia.','ea','55220411',NULL,'1971-09-11 15:16:15','1986-10-03 20:28:17'),
('80','10','80','Et vero consequatur consequatur aliquam et ut sint. Eum sint aliquid temporibus nesciunt dolore eum. Alias architecto non rerum et.','non','2009',NULL,'1977-03-17 18:24:51','1996-08-27 12:59:34'),
('81','1','81','Illo quibusdam soluta necessitatibus non in. Quisquam est rerum laudantium voluptatem. Atque facilis commodi molestiae possimus et. Cum ipsam velit quasi eos.','cupiditate','34',NULL,'1971-10-29 23:07:21','2004-10-23 15:16:20'),
('82','2','82','Totam enim quam quo accusantium consequuntur distinctio. Quibusdam nihil fugit quod ratione. Neque facilis vitae et aut laborum eveniet quasi. Ut neque neque autem earum.','omnis','104247',NULL,'1992-07-27 05:21:55','1994-08-15 13:42:54'),
('83','3','83','Voluptatum eius possimus corporis cumque. Dolorem et nobis voluptatem ut odio officia.','assumenda','8224636',NULL,'1974-12-31 09:34:25','1997-04-10 06:00:41'),
('84','4','84','Eos molestiae reiciendis earum quos id laborum quasi quis. Ut sunt soluta voluptatibus at. Voluptas voluptas voluptatem id suscipit voluptatibus architecto eius. Consequatur enim ut numquam.','molestiae','210800',NULL,'2009-12-28 13:18:14','2015-02-16 08:19:00'),
('85','5','85','Numquam consequatur nihil omnis ipsum sunt. Commodi dolores qui nesciunt et voluptatem eos. At possimus aspernatur architecto esse aliquam ut aliquid.','architecto','407173',NULL,'2015-11-05 08:53:01','2000-11-27 07:09:28'),
('86','6','86','Repudiandae amet vitae dolorem adipisci voluptates velit est. Labore velit et sit et placeat. Consequatur ea libero error tempora provident et pariatur.','quidem','97811',NULL,'1994-12-22 05:06:40','1993-10-25 02:08:51'),
('87','7','87','Voluptatem sint ut error beatae dolores cumque. Accusantium perferendis quia qui cum eum consequatur. Impedit officiis nobis qui dolorem sapiente. Incidunt dolor et sunt.','sunt','0',NULL,'2007-12-30 05:06:33','2001-02-21 14:05:02'),
('88','8','88','Cumque sint dolorum ipsam. At expedita aut vitae impedit. Est omnis minus dignissimos distinctio. Nisi asperiores dolor nobis est ut adipisci cupiditate adipisci.','accusantium','50907670',NULL,'1997-07-13 03:48:52','1987-02-18 21:28:41'),
('89','9','89','Non deserunt consequatur fuga aliquam doloremque laborum. Cum nemo aut necessitatibus adipisci ipsam adipisci aliquid. Et provident blanditiis sit sint reiciendis assumenda recusandae.','eveniet','28016323',NULL,'2012-09-17 09:59:44','2004-05-28 15:42:44'),
('90','10','90','Sit incidunt maiores in laboriosam neque laudantium esse. Velit nemo optio aut ullam rerum quae.','nemo','853',NULL,'2001-05-25 18:32:01','2003-11-22 05:39:01'),
('91','1','91','Accusamus neque possimus sint nemo facilis omnis. Enim impedit molestiae delectus accusamus expedita. Et perspiciatis eveniet occaecati sed ad rem nostrum. Itaque aut non non dolorem quisquam eaque.','iste','89697',NULL,'1976-06-22 14:54:59','2009-01-14 17:46:35'),
('92','2','92','Sint voluptas quo dicta necessitatibus labore minima et. Eius hic iste omnis ea sit doloribus iste. Exercitationem in tempora sed dolorem. Quisquam molestiae sit dolorem dolorem impedit eligendi aliquam hic.','nihil','175018',NULL,'1979-10-16 07:00:50','1994-02-28 04:12:16'),
('93','3','93','Porro enim delectus exercitationem sit sint inventore quos. Eaque ea est ullam qui quis incidunt. Soluta et molestiae laudantium nihil est porro earum facilis. Autem similique et debitis quia in ut error.','odit','709',NULL,'1977-05-20 07:22:37','1974-05-26 17:16:24'),
('94','4','94','Voluptas modi mollitia qui et voluptatibus nihil qui. Et aut sed dolorem porro.','quam','4271779',NULL,'2007-07-18 14:52:48','1970-09-22 18:27:13'),
('95','5','95','Sit est id totam quibusdam porro. Asperiores voluptates esse occaecati harum aperiam possimus. Debitis et rem qui cumque. Sed fugiat et neque quidem quam.','ducimus','1',NULL,'1982-02-02 03:31:20','1980-09-19 00:19:39'),
('96','6','96','Culpa autem doloribus quo. Laboriosam repellat quos consequuntur est culpa expedita. Veniam unde voluptatibus quia aut rerum consequatur exercitationem. Corrupti minima cumque voluptatum quod.','iure','5276',NULL,'2009-05-17 22:56:02','1982-10-09 23:28:52'),
('97','7','97','Libero rerum nihil est eos et labore cum. Voluptates repellendus natus voluptatum et id maiores eligendi tempore. Tempora ut neque quae eum quaerat asperiores aspernatur. Ipsa aspernatur ipsa omnis maiores numquam enim qui.','eligendi','759308',NULL,'2006-01-30 12:17:15','1995-12-14 15:14:49'),
('98','8','98','Iste aut perferendis quam dolores repudiandae voluptatum similique. Ut provident quaerat aut sit. Et vitae et et reiciendis.','modi','5205',NULL,'1982-01-21 01:22:14','1986-12-19 06:29:08'),
('99','9','99','Sunt deleniti repudiandae natus et. Qui et et adipisci. Dolores voluptates quidem ut et est sunt. Cum vel minus suscipit consequuntur.','et','1716204',NULL,'1974-10-31 02:51:51','2006-03-30 00:52:28'),
('100','10','100','Dolores quasi possimus aperiam ipsam enim. Adipisci est eligendi nam veritatis aperiam. Mollitia repellat minus vero sunt. Voluptas aliquid suscipit dolorum sit eaque sunt.','tenetur','29',NULL,'1976-09-10 02:46:00','1986-01-26 09:47:20'); 


drop table if exists `photo_albums`;
create table `photo_albums` (
	`id` serial,
	`name` varchar(200) default null,
    `user_id` bigint unsigned not null,

    foreign key (user_id) references users(id),
  	primary key (`id`)
);

INSERT INTO `photo_albums` VALUES ('1','sint','1'),
('2','inventore','2'),
('3','qui','3'),
('4','qui','4'),
('5','assumenda','5'),
('6','eos','6'),
('7','voluptatem','7'),
('8','eum','8'),
('9','eum','9'),
('10','quae','10'),
('11','ut','11'),
('12','eos','12'),
('13','sint','13'),
('14','voluptas','14'),
('15','exercitationem','15'),
('16','voluptate','16'),
('17','dicta','17'),
('18','est','18'),
('19','nemo','19'),
('20','nihil','20'),
('21','officia','21'),
('22','rerum','22'),
('23','iure','23'),
('24','est','24'),
('25','voluptatibus','25'),
('26','adipisci','26'),
('27','incidunt','27'),
('28','aspernatur','28'),
('29','quas','29'),
('30','itaque','30'),
('31','ipsa','31'),
('32','tempore','32'),
('33','sit','33'),
('34','reiciendis','34'),
('35','cumque','35'),
('36','adipisci','36'),
('37','sequi','37'),
('38','facere','38'),
('39','ut','39'),
('40','dolores','40'),
('41','enim','41'),
('42','inventore','42'),
('43','eos','43'),
('44','consequatur','44'),
('45','eos','45'),
('46','incidunt','46'),
('47','a','47'),
('48','harum','48'),
('49','quis','49'),
('50','ducimus','50'),
('51','occaecati','51'),
('52','assumenda','52'),
('53','ut','53'),
('54','sunt','54'),
('55','odio','55'),
('56','doloribus','56'),
('57','laborum','57'),
('58','quis','58'),
('59','facilis','59'),
('60','quibusdam','60'),
('61','quis','61'),
('62','aperiam','62'),
('63','reprehenderit','63'),
('64','dolorum','64'),
('65','temporibus','65'),
('66','non','66'),
('67','optio','67'),
('68','perferendis','68'),
('69','dolorem','69'),
('70','quos','70'),
('71','amet','71'),
('72','possimus','72'),
('73','alias','73'),
('74','fugiat','74'),
('75','et','75'),
('76','molestiae','76'),
('77','temporibus','77'),
('78','aliquid','78'),
('79','et','79'),
('80','perferendis','80'),
('81','corrupti','81'),
('82','quo','82'),
('83','mollitia','83'),
('84','qui','84'),
('85','dolores','85'),
('86','corrupti','86'),
('87','consequatur','87'),
('88','qui','88'),
('89','placeat','89'),
('90','cupiditate','90'),
('91','accusamus','91'),
('92','ea','92'),
('93','consectetur','93'),
('94','sit','94'),
('95','culpa','95'),
('96','enim','96'),
('97','laboriosam','97'),
('98','velit','98'),
('99','magni','99'),
('100','libero','100'); 



drop table if exists `photos`;
create table `photos` (
	id serial primary key,
	`album_id` bigint unsigned not null,
	`media_id` bigint unsigned not null,

	foreign key (album_id) references photo_albums(id),
    foreign key (media_id) references media(id)
);

INSERT INTO `photos` VALUES ('1','1','1'),
('2','2','2'),
('3','3','3'),
('4','4','4'),
('5','5','5'),
('6','6','6'),
('7','7','7'),
('8','8','8'),
('9','9','9'),
('10','10','10'),
('11','11','11'),
('12','12','12'),
('13','13','13'),
('14','14','14'),
('15','15','15'),
('16','16','16'),
('17','17','17'),
('18','18','18'),
('19','19','19'),
('20','20','20'),
('21','21','21'),
('22','22','22'),
('23','23','23'),
('24','24','24'),
('25','25','25'),
('26','26','26'),
('27','27','27'),
('28','28','28'),
('29','29','29'),
('30','30','30'),
('31','31','31'),
('32','32','32'),
('33','33','33'),
('34','34','34'),
('35','35','35'),
('36','36','36'),
('37','37','37'),
('38','38','38'),
('39','39','39'),
('40','40','40'),
('41','41','41'),
('42','42','42'),
('43','43','43'),
('44','44','44'),
('45','45','45'),
('46','46','46'),
('47','47','47'),
('48','48','48'),
('49','49','49'),
('50','50','50'),
('51','51','51'),
('52','52','52'),
('53','53','53'),
('54','54','54'),
('55','55','55'),
('56','56','56'),
('57','57','57'),
('58','58','58'),
('59','59','59'),
('60','60','60'),
('61','61','61'),
('62','62','62'),
('63','63','63'),
('64','64','64'),
('65','65','65'),
('66','66','66'),
('67','67','67'),
('68','68','68'),
('69','69','69'),
('70','70','70'),
('71','71','71'),
('72','72','72'),
('73','73','73'),
('74','74','74'),
('75','75','75'),
('76','76','76'),
('77','77','77'),
('78','78','78'),
('79','79','79'),
('80','80','80'),
('81','81','81'),
('82','82','82'),
('83','83','83'),
('84','84','84'),
('85','85','85'),
('86','86','86'),
('87','87','87'),
('88','88','88'),
('89','89','89'),
('90','90','90'),
('91','91','91'),
('92','92','92'),
('93','93','93'),
('94','94','94'),
('95','95','95'),
('96','96','96'),
('97','97','97'),
('98','98','98'),
('99','99','99'),
('100','100','100'); 


drop table if exists likes_media;
create table likes_media(
	id serial,
    user_id bigint unsigned not null,
    media_id bigint unsigned not null,
    created_at datetime default now(),
  	foreign key (user_id) references users(id),
    foreign key (media_id) references media(id),
    primary key (id)
);

INSERT INTO `likes_media` VALUES ('1','1','1','2010-01-18 15:50:11'),
('2','2','2','2002-04-27 04:03:38'),
('3','3','3','2012-07-13 13:33:34'),
('4','4','4','1989-11-13 04:05:20'),
('5','5','5','1985-06-27 13:30:30'),
('6','6','6','1983-10-06 05:11:57'),
('7','7','7','1991-08-05 11:33:21'),
('8','8','8','2002-08-11 19:42:54'),
('9','9','9','1981-05-20 13:07:38'),
('10','10','10','2001-07-25 23:45:06'),
('11','11','11','1976-09-03 15:30:38'),
('12','12','12','1997-08-27 16:00:54'),
('13','13','13','1997-12-08 16:16:55'),
('14','14','14','2012-10-18 17:15:18'),
('15','15','15','2010-11-03 10:04:52'),
('16','16','16','1989-06-06 05:39:02'),
('17','17','17','1974-05-16 22:36:55'),
('18','18','18','1997-01-03 13:59:49'),
('19','19','19','2004-01-28 21:15:16'),
('20','20','20','1996-09-08 11:02:28'),
('21','21','21','2013-09-13 20:20:18'),
('22','22','22','2018-12-01 18:37:47'),
('23','23','23','2005-03-29 07:32:40'),
('24','24','24','2004-11-30 07:54:38'),
('25','25','25','1986-10-05 12:00:19'),
('26','26','26','1980-04-16 05:51:47'),
('27','27','27','2017-11-16 04:21:26'),
('28','28','28','1997-03-05 05:56:29'),
('29','29','29','1996-06-18 05:23:54'),
('30','30','30','2009-11-14 07:45:15'),
('31','31','31','1990-04-16 13:57:57'),
('32','32','32','1995-09-30 03:50:51'),
('33','33','33','1975-02-15 20:06:18'),
('34','34','34','1977-10-17 10:10:12'),
('35','35','35','2014-11-18 19:25:32'),
('36','36','36','1982-02-13 15:27:09'),
('37','37','37','2019-10-07 13:23:40'),
('38','38','38','1987-07-25 19:14:08'),
('39','39','39','1994-08-28 02:10:57'),
('40','40','40','1975-11-27 03:54:27'),
('41','41','41','1982-02-12 12:33:16'),
('42','42','42','2018-04-20 11:34:46'),
('43','43','43','1995-01-20 08:56:12'),
('44','44','44','1979-08-28 03:55:40'),
('45','45','45','1980-12-08 05:17:19'),
('46','46','46','1985-11-22 16:53:01'),
('47','47','47','2009-06-27 05:48:01'),
('48','48','48','2010-03-04 00:28:49'),
('49','49','49','1977-06-04 23:08:10'),
('50','50','50','2011-08-07 19:36:19'),
('51','51','51','1976-06-28 08:12:33'),
('52','52','52','1979-06-14 05:32:51'),
('53','53','53','2015-07-25 06:42:30'),
('54','54','54','2019-07-01 00:26:46'),
('55','55','55','2004-12-29 04:49:42'),
('56','56','56','1994-01-07 23:45:13'),
('57','57','57','2003-03-01 12:27:16'),
('58','58','58','1972-12-25 17:55:56'),
('59','59','59','2012-08-28 23:57:02'),
('60','60','60','1987-11-08 17:57:54'),
('61','61','61','2013-04-16 03:12:59'),
('62','62','62','1994-04-11 19:50:58'),
('63','63','63','2007-03-14 20:34:28'),
('64','64','64','2016-06-22 14:03:57'),
('65','65','65','1997-05-04 16:23:47'),
('66','66','66','1996-11-27 09:29:22'),
('67','67','67','1990-07-15 17:44:45'),
('68','68','68','1973-12-05 20:57:57'),
('69','69','69','2016-03-29 06:31:50'),
('70','70','70','2010-08-26 22:54:55'),
('71','71','71','1993-06-16 00:34:58'),
('72','72','72','2012-10-15 02:29:57'),
('73','73','73','2015-03-10 15:51:52'),
('74','74','74','1988-06-13 12:02:23'),
('75','75','75','2008-08-02 14:53:32'),
('76','76','76','1989-05-26 09:59:24'),
('77','77','77','1983-01-31 02:13:40'),
('78','78','78','2017-11-13 23:29:48'),
('79','79','79','1989-05-05 23:15:33'),
('80','80','80','1993-08-16 20:56:11'),
('81','81','81','1977-09-19 17:47:44'),
('82','82','82','1975-09-03 07:57:07'),
('83','83','83','2007-09-24 04:21:18'),
('84','84','84','2000-01-02 17:10:53'),
('85','85','85','2012-02-26 00:48:43'),
('86','86','86','1999-05-05 08:42:42'),
('87','87','87','2005-10-16 08:16:31'),
('88','88','88','2011-05-19 12:44:18'),
('89','89','89','1981-06-26 23:04:03'),
('90','90','90','1989-05-21 10:44:26'),
('91','91','91','2006-10-16 02:21:38'),
('92','92','92','2009-12-01 19:38:12'),
('93','93','93','2004-01-17 16:42:32'),
('94','94','94','1986-12-23 13:35:27'),
('95','95','95','1976-04-07 08:22:25'),
('96','96','96','1994-09-07 08:55:50'),
('97','97','97','1991-01-25 17:02:29'),
('98','98','98','1994-10-23 14:47:07'),
('99','99','99','2003-12-14 23:09:15'),
('100','100','100','2015-04-04 14:56:08'); 


drop table if exists likes_users;
create table likes_users (
	id serial,
	from_user_id bigint unsigned not null,
    to_user_id bigint unsigned not null,
    created_at datetime default now(),
    index (from_user_id),
    index (to_user_id),
    foreign key (from_user_id) references users(id),
    foreign key (to_user_id) references users(id),
    primary key (id)
);

INSERT INTO `likes_users` VALUES ('1','1','1','2015-10-06 19:20:56'),
('2','2','2','1992-12-01 18:12:15'),
('3','3','3','2013-09-18 23:44:52'),
('4','4','4','1999-07-12 17:47:06'),
('5','5','5','2013-03-05 14:46:35'),
('6','6','6','1974-04-28 21:29:47'),
('7','7','7','1998-04-12 07:28:18'),
('8','8','8','1977-05-27 06:00:55'),
('9','9','9','1987-01-14 18:34:10'),
('10','10','10','1993-09-04 18:07:45'),
('11','11','11','2005-09-22 20:52:25'),
('12','12','12','2009-06-02 22:18:23'),
('13','13','13','1970-01-09 10:06:05'),
('14','14','14','1992-12-11 12:54:53'),
('15','15','15','1984-04-24 03:42:04'),
('16','16','16','2018-11-07 00:10:52'),
('17','17','17','1972-03-21 03:37:02'),
('18','18','18','1982-10-23 01:02:56'),
('19','19','19','1974-04-16 13:27:17'),
('20','20','20','2019-05-07 12:26:47'),
('21','21','21','2008-07-20 01:26:16'),
('22','22','22','2008-08-03 15:29:56'),
('23','23','23','1970-11-18 06:57:25'),
('24','24','24','2014-02-25 01:17:13'),
('25','25','25','2003-06-28 02:26:43'),
('26','26','26','1973-09-07 22:03:47'),
('27','27','27','2011-01-14 06:28:08'),
('28','28','28','1996-01-23 01:37:47'),
('29','29','29','1995-06-05 05:46:29'),
('30','30','30','1989-06-05 16:56:35'),
('31','31','31','2009-10-08 10:42:20'),
('32','32','32','2019-10-12 15:15:38'),
('33','33','33','1976-06-13 19:43:24'),
('34','34','34','1980-09-24 23:14:35'),
('35','35','35','1992-10-02 14:12:15'),
('36','36','36','2017-06-22 16:56:28'),
('37','37','37','1980-02-20 04:25:45'),
('38','38','38','1997-01-17 20:25:23'),
('39','39','39','2010-10-04 12:05:01'),
('40','40','40','1972-06-15 04:44:17'),
('41','41','41','1979-07-15 08:48:13'),
('42','42','42','1985-11-17 00:32:29'),
('43','43','43','1986-05-23 08:01:23'),
('44','44','44','1994-12-02 15:39:07'),
('45','45','45','2012-01-11 15:54:19'),
('46','46','46','1978-03-10 17:39:06'),
('47','47','47','2019-03-26 20:14:52'),
('48','48','48','1986-09-21 08:53:10'),
('49','49','49','2017-11-28 17:45:00'),
('50','50','50','1987-04-23 05:57:54'),
('51','51','51','1977-04-22 02:40:32'),
('52','52','52','1992-03-18 04:51:51'),
('53','53','53','2000-04-28 18:38:20'),
('54','54','54','1999-01-19 11:49:42'),
('55','55','55','1970-08-21 07:53:09'),
('56','56','56','2013-01-24 06:54:14'),
('57','57','57','1998-10-20 00:57:32'),
('58','58','58','2007-10-01 15:50:36'),
('59','59','59','1984-01-18 10:33:02'),
('60','60','60','1998-06-05 19:12:08'),
('61','61','61','1974-01-25 12:58:00'),
('62','62','62','1970-01-04 03:52:20'),
('63','63','63','2014-09-05 18:44:40'),
('64','64','64','2017-07-29 02:49:12'),
('65','65','65','2004-01-19 05:44:35'),
('66','66','66','1986-02-21 00:06:44'),
('67','67','67','2008-10-07 23:55:49'),
('68','68','68','2019-08-27 03:41:37'),
('69','69','69','1995-11-23 01:49:57'),
('70','70','70','2007-06-16 06:14:50'),
('71','71','71','1982-08-16 17:15:02'),
('72','72','72','1992-11-25 09:29:20'),
('73','73','73','1979-05-22 06:54:11'),
('74','74','74','2000-07-22 09:40:27'),
('75','75','75','1978-12-07 21:17:53'),
('76','76','76','2007-01-05 20:19:30'),
('77','77','77','2014-02-16 05:14:35'),
('78','78','78','2009-11-18 04:28:45'),
('79','79','79','1988-08-01 14:51:14'),
('80','80','80','1986-03-12 16:49:59'),
('81','81','81','2013-08-28 13:53:00'),
('82','82','82','2010-02-27 08:48:31'),
('83','83','83','2006-02-22 02:55:29'),
('84','84','84','1975-01-10 22:49:43'),
('85','85','85','2010-10-31 16:45:55'),
('86','86','86','2016-01-08 07:18:20'),
('87','87','87','2013-07-14 03:26:23'),
('88','88','88','2007-04-23 09:25:05'),
('89','89','89','1994-07-12 05:06:04'),
('90','90','90','2011-03-15 01:42:02'),
('91','91','91','2006-08-10 15:52:51'),
('92','92','92','1989-09-25 09:53:40'),
('93','93','93','1982-03-19 16:00:17'),
('94','94','94','2004-11-27 01:58:16'),
('95','95','95','1987-12-23 13:55:08'),
('96','96','96','2012-09-06 15:06:58'),
('97','97','97','1987-08-27 06:40:20'),
('98','98','98','2003-10-23 17:43:47'),
('99','99','99','1993-03-31 14:48:53'),
('100','100','100','1986-06-12 09:12:28'); 


drop table if exists posts;
create table posts (
	id serial primary key,
	user_id bigint unsigned not null,
    body TEXT,
    created_at datetime default now(),
    updated_at datetime default CURRENT_TIMESTAMP on update CURRENT_TIMESTAMP
);

INSERT INTO `posts` VALUES ('1','1','Qui voluptatem quam necessitatibus inventore. Eveniet consequuntur qui ipsa commodi itaque. Enim voluptatibus explicabo perferendis dicta voluptatem. Et doloribus iste facere.','2007-02-16 15:10:21','2010-02-17 02:29:28'),
('2','2','Est cum ea ut quidem excepturi ut. Et impedit modi neque possimus velit ut.','1986-05-30 02:22:06','2006-01-05 08:20:53'),
('3','3','Dolorem veritatis sequi magnam explicabo sed eveniet harum possimus. Iste aut ex voluptas. Eum vel qui quis id. Quidem minus quasi explicabo. Omnis eum perferendis magnam expedita nihil.','1973-08-08 07:07:05','1982-03-12 08:55:19'),
('4','4','Omnis inventore aut quia nihil. Autem saepe recusandae non quisquam molestiae fugiat. Quos et numquam animi illo temporibus laborum.','2008-08-12 13:47:55','1984-06-12 06:18:02'),
('5','5','Voluptate optio deserunt odit quibusdam perspiciatis. Tempore blanditiis dolore quasi dolores. Minus autem occaecati quo cupiditate est perspiciatis et.','2000-12-26 22:11:41','1988-01-25 08:27:47'),
('6','6','Ut eaque occaecati est qui iure assumenda a. Voluptate deserunt omnis fugiat expedita debitis. Illum at illo dolorem a modi eos vero consequatur.','2014-10-11 00:47:21','2003-05-17 23:52:42'),
('7','7','Enim et quidem sit dolorem officiis nostrum eius. Nulla dolorem dolorem aperiam unde laboriosam nesciunt. Quaerat voluptatem saepe ab et eos iste iusto.','1971-12-03 01:31:17','1996-01-21 15:31:45'),
('8','8','Totam ab totam voluptas exercitationem. Odio et fugit vel. Molestias et sit rerum quis.','2003-12-18 18:04:29','1984-02-03 11:12:37'),
('9','9','Sunt consectetur numquam soluta aut velit. Quo voluptatem quis architecto quae modi soluta doloribus. Nemo qui quia quae autem. Quas est laboriosam est molestias.','1980-02-07 20:47:51','1999-07-23 09:40:37'),
('10','10','Ipsum dolorem doloremque maxime nam laudantium. Voluptas illum possimus veniam dicta autem sed maxime commodi.','1998-06-10 04:19:33','1973-02-04 17:32:02'),
('11','11','Fuga ab fugiat cupiditate distinctio doloremque occaecati laudantium odit. Dolores deserunt est quaerat ipsum ab similique omnis. Accusantium aperiam earum natus amet eum possimus harum in.','1990-03-11 08:35:56','1987-03-31 20:53:42'),
('12','12','Aut non voluptas magni reprehenderit dolores reprehenderit commodi. Earum iusto illum non quibusdam ipsa tempora corrupti. Id blanditiis nulla quis et similique nesciunt est. Ut excepturi molestiae omnis odit.','2005-11-22 23:12:35','1977-04-03 07:22:26'),
('13','13','Consequatur distinctio nihil laudantium ea et deleniti repellendus. Exercitationem molestiae sed corporis libero reiciendis. Id impedit asperiores nihil doloribus commodi sunt.','1989-06-09 02:16:43','2003-10-28 16:28:08'),
('14','14','Vitae labore fugit ullam magnam voluptas placeat est. Provident distinctio aspernatur corporis reiciendis tempora explicabo. Ratione aut alias voluptatem a libero autem qui deleniti.','1975-03-30 18:40:30','1990-03-07 07:55:56'),
('15','15','Facilis accusantium non voluptas delectus sapiente similique. Esse earum a exercitationem soluta facilis fugiat. Doloribus voluptatum voluptas tempora et ratione. Sed possimus a repudiandae distinctio officia.','1984-09-12 05:28:17','1985-11-21 10:11:03'),
('16','16','Et ut incidunt nulla commodi earum. Nam est similique illo dolore sapiente. Qui molestiae cupiditate minus quia quo fugit laboriosam. Odit iure ut sit maxime.','2003-06-11 09:27:22','1990-09-28 12:42:13'),
('17','17','Possimus incidunt mollitia nihil iusto voluptatem voluptatem. Est et eligendi quaerat dolorum quo ullam tempore. In laudantium soluta alias cum architecto quos. Occaecati iusto dolor vel facere unde.','2010-12-27 22:50:06','2011-10-18 08:24:53'),
('18','18','Iusto labore dolorum molestias optio minus itaque officiis eius. Rerum eum eum excepturi. Aperiam sed eos sint omnis et impedit sint aut. Eligendi dolores itaque odio fuga nemo.','1997-05-07 23:25:02','1980-03-17 17:23:16'),
('19','19','Ut maxime aut soluta maiores. Minus beatae et animi ullam est at. A ea doloremque aliquam adipisci velit. Nobis sit reprehenderit eos amet magnam.','1983-08-08 19:23:53','1979-07-27 15:20:34'),
('20','20','Consequuntur earum repellat et. Eos sunt sed occaecati ea et tempora iure. Et sint reprehenderit inventore sit expedita voluptatem rem maxime.','1995-03-10 15:06:29','2009-05-31 15:27:42'),
('21','21','Labore occaecati inventore maiores iste ut et aliquam. Cupiditate cum quisquam temporibus et vitae perspiciatis.','2013-09-10 22:32:17','1987-11-19 21:26:21'),
('22','22','Impedit sit aut sit deserunt dolores sapiente. Animi ullam praesentium nesciunt cumque sit provident. Nam quia inventore in molestiae dolorum.','2015-10-18 23:09:08','1977-02-21 13:11:17'),
('23','23','Ut reprehenderit quisquam aut ratione cum beatae facere voluptatem. Aut deleniti odit qui officiis dolorum cupiditate optio et. Nesciunt soluta laborum nihil reprehenderit soluta id. Illo maiores porro culpa tempora soluta reprehenderit.','2008-12-07 15:55:42','1973-10-27 09:14:48'),
('24','24','Quidem at sed distinctio error voluptas laudantium natus. Nihil sit sequi temporibus nesciunt qui sed. Nam et aut voluptas voluptatum dolorem. Fuga tenetur dolore est.','1984-05-04 01:03:24','1975-11-13 02:37:39'),
('25','25','Sed sed ratione ea commodi. Quia eum et enim cumque. Nesciunt placeat quo deleniti quia et.','1996-08-02 18:54:39','2005-09-24 07:19:03'),
('26','26','Hic iusto explicabo est expedita sed sed. Sed itaque qui veniam vel. Nostrum officia eius nisi. Deserunt voluptatum natus velit aspernatur nesciunt inventore.','2001-08-28 23:02:49','2008-12-04 12:18:30'),
('27','27','Fugiat recusandae pariatur corrupti temporibus aut sit minus sed. Qui aut voluptatem sint dolorem quasi. Quibusdam beatae quis quos animi voluptas similique.','1987-11-02 02:31:53','1979-05-28 18:25:58'),
('28','28','Dolor recusandae ut velit et illum. Sapiente iusto eos porro sunt non. Nam porro amet rerum hic. Deleniti nisi non id vel velit.','1976-06-25 07:45:48','1976-08-08 22:08:13'),
('29','29','Dolores earum sed maxime architecto. Tempora sunt inventore provident. Esse aut aut et. Tempore dolores fugiat assumenda ex.','1980-04-20 19:12:03','2009-05-01 09:33:27'),
('30','30','Autem ipsum esse beatae consequatur. Sed quia qui nulla sed perspiciatis saepe porro. Voluptatem ut vitae sit animi qui.','2018-10-11 23:48:14','2003-08-02 03:18:00'),
('31','31','Omnis provident ea necessitatibus numquam architecto et quaerat. Officia sint soluta quidem voluptatem. Voluptatem nemo minus quos et ipsam. Odio numquam harum commodi ducimus id.','1990-04-16 17:13:05','1978-02-07 21:32:32'),
('32','32','Libero eum ut consectetur aliquid consequuntur sed nesciunt sit. Reiciendis ut ut quia doloribus et. Iusto id sed dolores voluptatem omnis recusandae. Quod et qui autem facere ea et.','1997-06-25 19:37:59','1979-03-28 23:15:52'),
('33','33','Mollitia hic deleniti id autem quaerat aperiam. Qui debitis velit qui pariatur consequatur a quia. Reiciendis qui aspernatur laborum dignissimos quos. Beatae iusto aut ea repellendus repellendus. Eligendi molestiae minus animi molestiae.','1975-06-27 20:55:19','2006-07-03 15:01:20'),
('34','34','Nulla dolorem quisquam numquam laboriosam consequatur autem non sit. Placeat voluptatibus sit consequuntur quidem excepturi quae temporibus. Asperiores tempore voluptatem quisquam laborum voluptas distinctio.','1996-07-03 05:42:15','1975-11-03 14:16:49'),
('35','35','Non sit soluta et necessitatibus voluptatem consequatur ab rerum. Ipsum unde vitae pariatur aliquam. Et aut itaque ut molestiae hic eveniet. Aut quo vel qui quidem aperiam laborum odio possimus.','1973-12-17 09:28:42','2004-02-08 16:26:09'),
('36','36','Nobis magnam eius aut recusandae labore nam. Ad dolor et ea ut facilis expedita aliquam.','2011-03-05 13:05:06','1982-08-15 14:53:17'),
('37','37','Voluptatem voluptatibus eligendi nemo earum. Ut ad qui atque ratione numquam aut. Unde dolorem voluptatem ut id atque.','2002-09-18 08:48:47','2011-02-11 00:44:44'),
('38','38','A qui est officiis consequatur expedita. Nostrum laborum ad maiores fuga officia. Ut incidunt numquam expedita qui maxime. Asperiores voluptas rem praesentium nobis aut.','1997-07-16 23:17:07','1979-09-01 22:30:52'),
('39','39','Aut hic fugiat vitae ipsum. Hic quo ipsam sint eveniet. Quae quis provident occaecati.','2018-11-29 05:05:31','1979-05-29 17:18:28'),
('40','40','Facere repellat aspernatur harum sint. Eum est voluptatum dolorem reprehenderit dolorem aut minima. Qui quo debitis est commodi minima nisi enim dignissimos.','2012-09-08 17:30:57','1985-09-03 10:36:21'),
('41','41','Pariatur ipsum vel est ad. Iusto et facere iste ea est qui accusantium. Et non ut minima dolorum temporibus occaecati.','2016-08-22 10:58:43','2019-01-21 06:00:24'),
('42','42','Tempore nam et quia reprehenderit temporibus. Consequuntur excepturi sequi nam est. Voluptas distinctio et et est enim.','1986-01-18 16:15:27','1987-04-27 07:13:54'),
('43','43','Harum fugiat rerum autem ea illum asperiores neque ut. Iure et dolore est neque tenetur debitis atque. Et voluptas sit autem nihil. Ab non in ut placeat aut incidunt.','1976-11-18 14:09:04','2013-02-28 10:46:11'),
('44','44','Doloremque qui excepturi quam nulla omnis unde dolorem. Nesciunt totam culpa et aut explicabo. Aut nihil voluptatem rerum. Illum voluptatibus ipsum necessitatibus minima consequatur. Error placeat vitae asperiores culpa.','2000-11-09 22:38:44','1982-04-24 10:53:41'),
('45','45','Voluptates est qui deserunt autem. Ut recusandae quia fuga ut. Saepe qui ea veritatis consectetur suscipit molestias. Tempore inventore repellendus sunt laborum consequuntur nesciunt alias iusto.','1993-12-31 07:32:09','1981-03-29 10:36:20'),
('46','46','Dolorum veniam repudiandae aut quaerat itaque facere. Autem praesentium qui aliquam est cum. Non eveniet voluptatem a eos sint.','1997-02-01 05:10:41','2000-04-26 08:40:59'),
('47','47','Voluptatibus eius libero quia quia praesentium. Vitae autem error molestias incidunt voluptatum sint. Sunt dicta quae ut quis autem quia. Est voluptas occaecati soluta nisi deleniti.','1984-02-15 03:42:14','2012-02-22 23:06:29'),
('48','48','Atque facilis est vel qui hic dicta necessitatibus quae. Aut exercitationem ipsa non doloremque tempora rem. Aliquam fuga doloribus assumenda expedita.','1980-10-27 21:56:01','2016-12-03 00:22:03'),
('49','49','Aut aut distinctio corrupti eligendi aut aperiam. Ut est harum alias consequatur voluptatibus esse. Fugit pariatur dolores optio asperiores libero et. Possimus voluptatibus quisquam fuga ea.','2010-06-13 10:59:18','1976-03-21 23:14:47'),
('50','50','Et voluptatem aperiam eum nobis. Consequatur quasi nisi sed et recusandae cupiditate omnis exercitationem. Excepturi adipisci eum consectetur sunt nobis autem.','1976-04-18 07:45:08','1990-12-21 14:48:21'),
('51','51','Mollitia voluptatum aut assumenda ab odit et illo. Corrupti quas adipisci sed officia et nemo. Tempore quis voluptatibus et nobis esse doloribus. Velit nihil minima sunt et molestiae et.','2009-03-16 17:02:34','1995-05-16 11:50:45'),
('52','52','Vel soluta nesciunt at eos sint sint. Eos dolorem quasi corporis repellat ipsam vitae sed nihil. Unde sed dolor dolorem. Natus aperiam quasi sint facere aperiam temporibus.','2016-04-07 02:54:15','2007-08-23 17:12:12'),
('53','53','Rerum a non corporis vel. Soluta eligendi quasi asperiores quia. Occaecati aut qui vel et saepe est. Nesciunt et voluptate nisi tenetur ut.','1978-11-29 01:15:00','1989-08-12 19:03:06'),
('54','54','Accusamus nihil consequatur distinctio. Porro possimus consequatur et sint. In itaque aliquam commodi.','1985-08-25 08:00:10','2008-08-14 21:33:09'),
('55','55','Aliquid esse sunt quisquam. Impedit velit ut necessitatibus. Ab enim quam deserunt sed itaque. Nam molestiae qui dolorum exercitationem.','1979-01-18 03:15:59','2006-10-03 22:47:38'),
('56','56','Quis voluptatem omnis et sed et. Voluptates amet cum veritatis enim fugiat provident hic. Ut vel provident velit sequi.','1986-07-16 04:55:16','1976-01-07 01:23:44'),
('57','57','Laboriosam quos veritatis sunt in dignissimos quia. Consectetur doloremque rerum eos autem. Nemo qui vero suscipit. Aut maiores dolor iure praesentium blanditiis asperiores doloribus.','1983-12-06 21:45:01','2002-11-02 20:00:11'),
('58','58','Sequi hic ea velit ipsum. Provident pariatur qui qui accusantium ut atque omnis. Maiores laborum deleniti deleniti. Quibusdam perferendis quia ea reprehenderit velit.','1998-05-12 12:04:25','2018-01-06 03:22:11'),
('59','59','Aut itaque incidunt eius nihil dolor veritatis. Dolor aliquam possimus iusto et perferendis. Eligendi nostrum neque quo quam voluptatibus.','2002-10-01 19:56:39','1970-06-28 12:34:45'),
('60','60','Nihil reprehenderit optio voluptatem facilis voluptas rerum rerum. Quas molestiae et enim vel nesciunt id. Et aut ab et sit atque. Voluptatem vitae quam veritatis quae illum laboriosam recusandae. Iusto ab accusantium ut eveniet quam similique.','1971-08-17 17:39:32','2006-11-27 17:32:28'),
('61','61','Ratione corrupti aut accusamus minima sit veniam. Voluptates expedita voluptas aliquid molestiae libero fugit. Nobis in soluta accusamus est consequatur.','1984-07-20 08:46:06','1997-09-28 22:45:58'),
('62','62','Et temporibus eligendi minima eaque dolorem. Ut aliquam eum autem rerum commodi dicta. Pariatur facere eum veritatis eos ab. Doloremque sed inventore impedit sint assumenda debitis eos.','1989-11-21 12:35:56','1999-04-24 18:27:36'),
('63','63','Dolores omnis error labore numquam cum voluptatem. Quis ut consequatur esse consequuntur aliquam vel. Et laborum et enim ut accusamus et.','1982-07-19 20:49:26','1984-03-22 03:10:47'),
('64','64','Cumque ea aliquid consequatur est a voluptas quod quasi. Blanditiis cumque quia quis voluptatum.','2002-11-28 02:52:40','1987-02-28 16:50:16'),
('65','65','Error iusto et id deserunt in voluptatem rerum. Expedita aliquam nesciunt est aut velit. Veniam sit optio aperiam velit. Quia voluptate cupiditate dolores placeat dolorem tempore deserunt. Excepturi illum quibusdam consectetur tempora ipsum dolore.','2005-09-06 21:28:11','1971-08-18 18:27:42'),
('66','66','Veritatis magnam eius ab voluptates quia impedit. Ipsum illum deleniti sit. Voluptas corrupti ut consequatur natus.','1971-07-26 00:38:27','1984-10-22 10:02:36'),
('67','67','Sunt aspernatur culpa porro mollitia. Iure qui voluptatem iusto est quia sit ipsam. Rerum et est deleniti voluptatibus earum. Velit placeat voluptas officiis. Aut vel sit velit distinctio provident.','1978-12-18 02:14:51','2004-10-12 05:11:49'),
('68','68','Voluptatibus velit et et doloremque sed explicabo. Doloremque et voluptatem facilis eligendi magnam sed. Voluptatem ullam ad quas iste.','1991-05-29 12:06:38','1972-03-18 11:40:59'),
('69','69','Tempora voluptas labore eius neque doloremque. Qui sit architecto excepturi eligendi. Temporibus voluptates reiciendis aut ut.','2014-08-27 12:21:05','1972-08-12 05:01:06'),
('70','70','At laboriosam accusantium et voluptas quisquam maiores perspiciatis blanditiis. Non magnam voluptate dolorem qui quia tenetur. Quia nostrum qui et labore distinctio ratione nihil inventore.','1976-11-05 11:51:34','1992-09-02 20:55:23'),
('71','71','Porro minus facilis quasi placeat ea. Aspernatur dicta sed omnis aut non et. Odit impedit officia officia.','1980-02-07 01:57:32','1994-04-07 15:28:49'),
('72','72','Modi aliquam et nihil quia optio. Quas natus eos ut eius sit ut excepturi. Consequatur placeat impedit minima illum.','1994-08-05 18:15:08','1995-02-04 21:26:41'),
('73','73','Id libero delectus suscipit repellendus iusto laboriosam ad. Vero tenetur error deleniti sequi. Labore dolorum nihil et quod consequatur minima repellendus. Quas delectus aliquam ex voluptas.','2003-09-28 03:07:38','1975-05-03 11:14:41'),
('74','74','Cupiditate dignissimos id sunt ad. Eum aut quod accusantium laborum laudantium. Ea non magni et id vel saepe. Quod et et explicabo excepturi similique illum voluptatem.','1980-08-20 15:10:04','2001-01-15 12:04:23'),
('75','75','Vel architecto pariatur et corrupti. Iure totam omnis rerum tempore itaque itaque maxime. Commodi illum nulla sint hic eos praesentium. Et culpa molestiae fuga quia ut. Eveniet sed saepe fugit distinctio omnis vitae.','2017-10-24 20:46:48','2016-04-13 03:33:36'),
('76','76','Doloribus est velit excepturi. Quisquam corrupti officia est. Et repudiandae repellendus accusamus cum rerum impedit qui.','1997-07-16 03:53:20','1993-05-16 04:00:31'),
('77','77','Et ut dolor vitae corrupti voluptatum aspernatur. Alias odit quibusdam rerum dolore. Quis sit veniam mollitia pariatur. Voluptas rerum ea qui aliquam quod est.','2016-01-24 05:22:40','1992-03-31 12:59:41'),
('78','78','Sint laboriosam alias facilis sapiente. Omnis et est nemo similique doloribus velit aut est. Autem repellat veniam quis quos. Sequi vero quia distinctio esse maiores porro pariatur.','1972-12-21 16:45:11','1995-08-25 16:40:23'),
('79','79','Et laboriosam vero nemo nobis. Enim facere laborum debitis corporis sed aut. Aut ut sunt possimus dolorum numquam.','1995-12-28 13:09:20','1985-08-31 10:17:30'),
('80','80','Qui dolorem minus voluptatem nam. Doloribus maiores maxime quibusdam fuga labore quam qui voluptatibus. Dolore est aliquam recusandae doloribus et vero in doloribus.','1991-11-04 12:35:15','1983-02-14 01:36:56'),
('81','81','Sed enim fugit dignissimos at ullam ab sit. Facere sequi dolores quas iste expedita repudiandae nisi. Eos itaque et aut sit est recusandae voluptatem. Aliquid ut quibusdam non omnis debitis.','1985-04-10 00:56:29','2012-02-28 01:07:49'),
('82','82','Qui mollitia qui facilis excepturi asperiores autem architecto error. Vero occaecati voluptate sed aut. Nam ab ipsam vitae. Est recusandae dolorum ut voluptatem et asperiores quia odit.','2018-06-30 07:16:48','1975-12-11 02:46:19'),
('83','83','Sunt ab ipsam ut non doloribus neque qui. Quod quos nisi magnam itaque autem suscipit et qui. Quisquam rem commodi dolorem mollitia delectus beatae. Molestiae eaque quibusdam numquam illum fugit at est.','1989-04-02 14:50:45','2005-12-07 10:19:35'),
('84','84','Provident rerum doloribus dolore ut. Nam iste quia molestiae dolor. Corporis sit labore rem quia. Fuga nam unde ea architecto quidem.','2001-12-26 16:02:58','1970-09-27 04:34:44'),
('85','85','Perspiciatis alias est molestiae veniam. Est dolorem laborum cupiditate voluptas. Voluptatem omnis enim nihil.','2002-10-07 23:30:31','1985-08-05 07:17:20'),
('86','86','Minus omnis accusamus aut ut voluptatem ad et. Officiis sed aut est aut enim maiores. Voluptatem non velit tempore et eveniet quidem aut a. Ullam voluptatem ea praesentium.','1974-04-10 16:25:15','1989-12-26 21:29:52'),
('87','87','Consequatur cupiditate ab fuga sed expedita. Odio omnis doloribus possimus voluptatem placeat et quisquam. Vel modi sunt incidunt et et distinctio sed. Voluptate ipsum similique enim omnis.','2012-05-26 06:39:45','2016-05-26 09:04:43'),
('88','88','Laborum odio tempora autem expedita. Optio commodi sit explicabo voluptatem. Id quo non nihil optio facere ut.','2009-08-15 05:39:44','1987-04-01 13:33:59'),
('89','89','Quasi est et ipsa non. Dolorem et qui quas modi et. Eaque omnis saepe totam est quae. Nihil amet nihil dolorem voluptatem odio.','1973-08-28 10:46:13','2019-03-19 16:10:11'),
('90','90','Et illo molestias error sint recusandae commodi unde illum. Aliquam culpa ea sit facilis. Voluptatem dolorum possimus quo vitae incidunt.','2011-02-06 08:47:00','2019-07-13 01:04:49'),
('91','91','Aliquid quos a qui aut. Ut porro dolor dolores nihil omnis magni. Asperiores corrupti voluptas sit perferendis qui consequuntur eveniet dolorem.','2010-01-24 20:43:58','2012-11-06 06:28:56'),
('92','92','Voluptatibus quia ipsam tempora dolore. Assumenda error autem voluptatem eaque aut aut. Et repudiandae eius id architecto.','1978-08-04 06:24:34','2005-07-05 00:00:34'),
('93','93','Enim rem est illum. Eum magni quae sequi nesciunt. Mollitia quam reprehenderit voluptate fuga.','2000-08-03 13:21:05','2013-12-30 03:57:09'),
('94','94','Magni vel nesciunt sit molestiae et recusandae possimus. Officiis neque dolorum enim repellat. Labore quia modi fugiat sunt.','1970-06-20 18:25:37','2015-07-05 00:34:24'),
('95','95','Consequatur nisi aspernatur nobis. At voluptates quis temporibus maxime. Impedit omnis suscipit totam laborum ipsa nulla facilis. Dolor autem illum quis nam dolorem quia laborum.','1985-08-19 23:50:42','2017-12-15 20:52:43'),
('96','96','In temporibus omnis iste amet. Dolor laborum et est nesciunt. Ex rerum quia nesciunt totam quia ex rem. Rem ipsum vero ab.','2005-01-30 10:00:10','2009-02-21 14:15:40'),
('97','97','Dolores in consequatur qui mollitia enim sit. Aut quisquam iusto cupiditate cupiditate quas ipsam omnis. Ab quia officiis consequatur omnis et. At natus est iusto dolor ad. Qui ratione quia et provident.','1979-04-06 00:24:04','1977-11-28 11:35:56'),
('98','98','Aut sit alias doloremque rerum aut odit quae. Corrupti quia autem reiciendis voluptate iusto.','1970-01-15 21:01:03','2015-09-16 18:00:28'),
('99','99','Est iusto voluptas nisi libero excepturi. Enim non consequatur quia aut fuga commodi recusandae.','1992-05-08 13:23:45','1986-04-20 04:05:00'),
('100','100','Non non et velit accusamus. Et non dolorum necessitatibus aspernatur. Nam eum quo est non. Veniam sequi fugiat quia unde repellat totam est ullam.','1978-05-11 21:31:57','1989-02-26 23:49:37'); 


drop table if exists likes_posts;
create table likes_posts (
	id serial,
    user_id bigint unsigned not null,
    post_id bigint unsigned not null,
    created_at datetime default now(),
    foreign key (user_id) references users(id),
    foreign key (post_id) references posts(id),
    primary key (id)
);

INSERT INTO `likes_posts` VALUES ('1','1','1','1995-09-18 18:45:31'),
('2','2','2','1996-05-20 15:27:26'),
('3','3','3','1981-10-16 05:10:57'),
('4','4','4','1971-06-16 07:36:29'),
('5','5','5','1994-01-08 07:32:36'),
('6','6','6','1980-03-16 10:52:33'),
('7','7','7','2018-01-28 03:44:11'),
('8','8','8','1998-06-19 21:17:40'),
('9','9','9','2010-02-05 05:00:13'),
('10','10','10','2004-08-11 23:43:49'),
('11','11','11','2002-06-15 08:32:25'),
('12','12','12','1983-06-19 02:48:12'),
('13','13','13','2018-06-05 10:32:42'),
('14','14','14','1980-08-02 08:59:33'),
('15','15','15','1990-01-29 21:44:02'),
('16','16','16','2001-08-24 04:02:20'),
('17','17','17','1991-07-16 11:28:29'),
('18','18','18','1987-01-14 22:09:45'),
('19','19','19','2005-10-18 01:03:02'),
('20','20','20','1971-07-01 20:51:37'),
('21','21','21','1993-07-18 21:57:26'),
('22','22','22','2007-09-18 02:27:50'),
('23','23','23','1990-07-19 15:35:43'),
('24','24','24','1990-11-20 00:51:10'),
('25','25','25','2005-08-13 05:24:59'),
('26','26','26','2000-08-10 01:40:18'),
('27','27','27','2003-10-15 20:58:12'),
('28','28','28','2005-03-25 02:25:51'),
('29','29','29','1990-03-06 10:19:27'),
('30','30','30','2008-08-01 05:45:29'),
('31','31','31','1973-02-16 22:56:45'),
('32','32','32','1988-05-03 18:21:27'),
('33','33','33','1980-06-01 20:51:51'),
('34','34','34','2005-10-24 00:57:57'),
('35','35','35','2004-12-29 13:58:15'),
('36','36','36','2012-09-30 10:47:58'),
('37','37','37','1983-06-13 15:14:03'),
('38','38','38','1978-03-19 05:56:20'),
('39','39','39','2006-12-13 16:59:21'),
('40','40','40','1981-12-21 06:47:15'),
('41','41','41','2007-11-14 18:32:39'),
('42','42','42','2006-02-12 12:04:57'),
('43','43','43','1990-07-24 14:34:24'),
('44','44','44','2014-11-06 21:33:45'),
('45','45','45','2008-01-02 11:44:29'),
('46','46','46','1985-12-04 16:02:27'),
('47','47','47','1973-10-08 22:45:57'),
('48','48','48','2005-03-03 07:41:52'),
('49','49','49','2017-06-10 07:25:58'),
('50','50','50','1997-12-24 18:24:54'),
('51','51','51','1992-02-08 22:37:50'),
('52','52','52','2009-05-05 01:04:39'),
('53','53','53','1997-07-05 02:28:41'),
('54','54','54','2010-04-15 07:57:12'),
('55','55','55','2018-11-03 18:06:38'),
('56','56','56','1989-02-07 03:45:09'),
('57','57','57','1991-11-05 00:55:02'),
('58','58','58','2018-12-02 14:48:33'),
('59','59','59','2019-08-26 18:29:17'),
('60','60','60','1971-08-07 13:05:10'),
('61','61','61','1985-11-12 07:58:29'),
('62','62','62','2017-04-16 03:47:21'),
('63','63','63','2011-05-30 01:59:55'),
('64','64','64','2015-09-25 19:44:30'),
('65','65','65','2019-01-31 12:41:58'),
('66','66','66','1970-04-19 14:32:18'),
('67','67','67','2018-09-14 21:11:24'),
('68','68','68','2001-09-01 01:58:02'),
('69','69','69','1986-08-10 19:39:07'),
('70','70','70','1977-08-09 03:37:45'),
('71','71','71','1976-07-06 20:47:18'),
('72','72','72','2006-07-05 18:50:08'),
('73','73','73','2008-09-23 16:15:24'),
('74','74','74','1986-05-01 22:21:16'),
('75','75','75','1990-02-18 05:04:39'),
('76','76','76','1979-09-01 21:48:56'),
('77','77','77','2015-01-15 10:09:22'),
('78','78','78','1983-05-21 18:38:59'),
('79','79','79','2001-06-18 11:21:53'),
('80','80','80','1979-03-19 21:34:24'),
('81','81','81','2011-03-22 23:07:40'),
('82','82','82','1984-08-21 19:53:49'),
('83','83','83','2002-01-04 06:08:40'),
('84','84','84','2008-09-10 21:19:57'),
('85','85','85','2000-10-18 17:26:58'),
('86','86','86','1987-12-15 17:03:32'),
('87','87','87','2006-11-17 22:57:34'),
('88','88','88','1991-12-23 16:03:01'),
('89','89','89','2001-09-14 00:40:09'),
('90','90','90','1998-04-24 04:34:21'),
('91','91','91','1972-05-17 21:59:15'),
('92','92','92','2014-02-06 05:59:27'),
('93','93','93','1994-01-19 09:56:14'),
('94','94','94','1984-05-30 05:10:38'),
('95','95','95','2009-02-06 06:12:47'),
('96','96','96','2009-05-14 07:53:15'),
('97','97','97','1994-02-06 23:21:59'),
('98','98','98','2011-07-16 04:29:04'),
('99','99','99','2004-03-17 23:58:01'),
('100','100','100','1972-04-07 20:24:00'); 


/*
 урок 4
 Задача 2
Описание задания: Написать скрипт, возвращающий список имен (только firstname) пользователей без повторений в алфавитном порядке
*/

SELECT distinct firstname
FROM users;

